admission_number,student_name,class_code,section_code,subject_code,exam_code,exam_name,maximum_marks,marks_obtained,grade,result_status,remarks
ADM2025001,Tarun Rao,C5,A,MATH101,EXAM_Q1_C5_MATH101,Quarterly Examination 2025 - C5 Mathematics,100,87,A2,PRESENT,Good understanding
ADM2025001,Tarun Rao,C5,A,ENG101,EXAM_Q1_C5_ENG101,Quarterly Examination 2025 - C5 English Language,100,88,A2,PRESENT,Good understanding
ADM2025001,Tarun Rao,C5,A,TEL101,EXAM_Q1_C5_TEL101,Quarterly Examination 2025 - C5 Telugu Regional Language,100,96,A1,PRESENT,Outstanding performance
ADM2025001,Tarun Rao,C5,A,HIN101,EXAM_Q1_C5_HIN101,Quarterly Examination 2025 - C5 Hindi Second Language,100,93,A1,PRESENT,Outstanding performance
ADM2025001,Tarun Rao,C5,A,SCI101,EXAM_Q1_C5_SCI101,Quarterly Examination 2025 - C5 General Science,100,90,A2,PRESENT,Outstanding performance
ADM2025001,Tarun Rao,C5,A,SOC101,EXAM_Q1_C5_SOC101,Quarterly Examination 2025 - C5 Social Studies,100,95,A1,PRESENT,Outstanding performance
ADM2025002,Aakanksha Reddy,C5,A,MATH101,EXAM_Q1_C5_MATH101,Quarterly Examination 2025 - C5 Mathematics,100,90,A2,PRESENT,Outstanding performance
ADM2025002,Aakanksha Reddy,C5,A,ENG101,EXAM_Q1_C5_ENG101,Quarterly Examination 2025 - C5 English Language,100,88,A2,PRESENT,Good understanding
ADM2025002,Aakanksha Reddy,C5,A,TEL101,EXAM_Q1_C5_TEL101,Quarterly Examination 2025 - C5 Telugu Regional Language,100,91,A1,PRESENT,Outstanding performance
ADM2025002,Aakanksha Reddy,C5,A,HIN101,EXAM_Q1_C5_HIN101,Quarterly Examination 2025 - C5 Hindi Second Language,100,86,A2,PRESENT,Good understanding
ADM2025002,Aakanksha Reddy,C5,A,SCI101,EXAM_Q1_C5_SCI101,Quarterly Examination 2025 - C5 General Science,100,87,A2,PRESENT,Good understanding
ADM2025002,Aakanksha Reddy,C5,A,SOC101,EXAM_Q1_C5_SOC101,Quarterly Examination 2025 - C5 Social Studies,100,90,A2,PRESENT,Outstanding performance
ADM2025003,Koushik Sharma,C5,A,MATH101,EXAM_Q1_C5_MATH101,Quarterly Examination 2025 - C5 Mathematics,100,84,A2,PRESENT,Good understanding
ADM2025003,Koushik Sharma,C5,A,ENG101,EXAM_Q1_C5_ENG101,Quarterly Examination 2025 - C5 English Language,100,89,A2,PRESENT,Good understanding
ADM2025003,Koushik Sharma,C5,A,TEL101,EXAM_Q1_C5_TEL101,Quarterly Examination 2025 - C5 Telugu Regional Language,100,95,A1,PRESENT,Outstanding performance
ADM2025003,Koushik Sharma,C5,A,HIN101,EXAM_Q1_C5_HIN101,Quarterly Examination 2025 - C5 Hindi Second Language,100,87,A2,PRESENT,Good understanding
ADM2025003,Koushik Sharma,C5,A,SCI101,EXAM_Q1_C5_SCI101,Quarterly Examination 2025 - C5 General Science,100,91,A1,PRESENT,Outstanding performance
ADM2025003,Koushik Sharma,C5,A,SOC101,EXAM_Q1_C5_SOC101,Quarterly Examination 2025 - C5 Social Studies,100,90,A2,PRESENT,Outstanding performance
ADM2025004,Harshini Goud,C5,A,MATH101,EXAM_Q1_C5_MATH101,Quarterly Examination 2025 - C5 Mathematics,100,79,B1,PRESENT,Good understanding
ADM2025004,Harshini Goud,C5,A,ENG101,EXAM_Q1_C5_ENG101,Quarterly Examination 2025 - C5 English Language,100,75,B1,PRESENT,Good understanding
ADM2025004,Harshini Goud,C5,A,TEL101,EXAM_Q1_C5_TEL101,Quarterly Examination 2025 - C5 Telugu Regional Language,100,86,A2,PRESENT,Good understanding
ADM2025004,Harshini Goud,C5,A,HIN101,EXAM_Q1_C5_HIN101,Quarterly Examination 2025 - C5 Hindi Second Language,100,82,A2,PRESENT,Good understanding
ADM2025004,Harshini Goud,C5,A,SCI101,EXAM_Q1_C5_SCI101,Quarterly Examination 2025 - C5 General Science,100,75,B1,PRESENT,Good understanding
ADM2025004,Harshini Goud,C5,A,SOC101,EXAM_Q1_C5_SOC101,Quarterly Examination 2025 - C5 Social Studies,100,79,B1,PRESENT,Good understanding
ADM2025005,Vikram Chowdary,C5,A,MATH101,EXAM_Q1_C5_MATH101,Quarterly Examination 2025 - C5 Mathematics,100,80,B1,PRESENT,Good understanding
ADM2025005,Vikram Chowdary,C5,A,ENG101,EXAM_Q1_C5_ENG101,Quarterly Examination 2025 - C5 English Language,100,78,B1,PRESENT,Good understanding
ADM2025005,Vikram Chowdary,C5,A,TEL101,EXAM_Q1_C5_TEL101,Quarterly Examination 2025 - C5 Telugu Regional Language,100,77,B1,PRESENT,Good understanding
ADM2025005,Vikram Chowdary,C5,A,HIN101,EXAM_Q1_C5_HIN101,Quarterly Examination 2025 - C5 Hindi Second Language,100,75,B1,PRESENT,Good understanding
ADM2025005,Vikram Chowdary,C5,A,SCI101,EXAM_Q1_C5_SCI101,Quarterly Examination 2025 - C5 General Science,100,80,B1,PRESENT,Good understanding
ADM2025005,Vikram Chowdary,C5,A,SOC101,EXAM_Q1_C5_SOC101,Quarterly Examination 2025 - C5 Social Studies,100,77,B1,PRESENT,Good understanding
ADM2025006,Shravani Varma,C5,A,MATH101,EXAM_Q1_C5_MATH101,Quarterly Examination 2025 - C5 Mathematics,100,84,A2,PRESENT,Good understanding
ADM2025006,Shravani Varma,C5,A,ENG101,EXAM_Q1_C5_ENG101,Quarterly Examination 2025 - C5 English Language,100,89,A2,PRESENT,Good understanding
ADM2025006,Shravani Varma,C5,A,TEL101,EXAM_Q1_C5_TEL101,Quarterly Examination 2025 - C5 Telugu Regional Language,100,90,A2,PRESENT,Outstanding performance
ADM2025006,Shravani Varma,C5,A,HIN101,EXAM_Q1_C5_HIN101,Quarterly Examination 2025 - C5 Hindi Second Language,100,89,A2,PRESENT,Good understanding
ADM2025006,Shravani Varma,C5,A,SCI101,EXAM_Q1_C5_SCI101,Quarterly Examination 2025 - C5 General Science,100,87,A2,PRESENT,Good understanding
ADM2025006,Shravani Varma,C5,A,SOC101,EXAM_Q1_C5_SOC101,Quarterly Examination 2025 - C5 Social Studies,100,86,A2,PRESENT,Good understanding
ADM2025007,Satish Naidu,C5,A,MATH101,EXAM_Q1_C5_MATH101,Quarterly Examination 2025 - C5 Mathematics,100,80,B1,PRESENT,Good understanding
ADM2025007,Satish Naidu,C5,A,ENG101,EXAM_Q1_C5_ENG101,Quarterly Examination 2025 - C5 English Language,100,85,A2,PRESENT,Good understanding
ADM2025007,Satish Naidu,C5,A,TEL101,EXAM_Q1_C5_TEL101,Quarterly Examination 2025 - C5 Telugu Regional Language,100,87,A2,PRESENT,Good understanding
ADM2025007,Satish Naidu,C5,A,HIN101,EXAM_Q1_C5_HIN101,Quarterly Examination 2025 - C5 Hindi Second Language,100,86,A2,PRESENT,Good understanding
ADM2025007,Satish Naidu,C5,A,SCI101,EXAM_Q1_C5_SCI101,Quarterly Examination 2025 - C5 General Science,100,83,A2,PRESENT,Good understanding
ADM2025007,Satish Naidu,C5,A,SOC101,EXAM_Q1_C5_SOC101,Quarterly Examination 2025 - C5 Social Studies,100,82,A2,PRESENT,Good understanding
ADM2025008,Ruchitha Gupta,C5,A,MATH101,EXAM_Q1_C5_MATH101,Quarterly Examination 2025 - C5 Mathematics,100,70,B2,PRESENT,Satisfactory progress
ADM2025008,Ruchitha Gupta,C5,A,ENG101,EXAM_Q1_C5_ENG101,Quarterly Examination 2025 - C5 English Language,100,75,B1,PRESENT,Good understanding
ADM2025008,Ruchitha Gupta,C5,A,TEL101,EXAM_Q1_C5_TEL101,Quarterly Examination 2025 - C5 Telugu Regional Language,100,81,A2,PRESENT,Good understanding
ADM2025008,Ruchitha Gupta,C5,A,HIN101,EXAM_Q1_C5_HIN101,Quarterly Examination 2025 - C5 Hindi Second Language,100,74,B1,PRESENT,Satisfactory progress
ADM2025008,Ruchitha Gupta,C5,A,SCI101,EXAM_Q1_C5_SCI101,Quarterly Examination 2025 - C5 General Science,100,74,B1,PRESENT,Satisfactory progress
ADM2025008,Ruchitha Gupta,C5,A,SOC101,EXAM_Q1_C5_SOC101,Quarterly Examination 2025 - C5 Social Studies,100,72,B1,PRESENT,Satisfactory progress
ADM2025009,Aditya Murthy,C5,A,MATH101,EXAM_Q1_C5_MATH101,Quarterly Examination 2025 - C5 Mathematics,100,66,B2,PRESENT,Satisfactory progress
ADM2025009,Aditya Murthy,C5,A,ENG101,EXAM_Q1_C5_ENG101,Quarterly Examination 2025 - C5 English Language,100,68,B2,PRESENT,Satisfactory progress
ADM2025009,Aditya Murthy,C5,A,TEL101,EXAM_Q1_C5_TEL101,Quarterly Examination 2025 - C5 Telugu Regional Language,100,72,B1,PRESENT,Satisfactory progress
ADM2025009,Aditya Murthy,C5,A,HIN101,EXAM_Q1_C5_HIN101,Quarterly Examination 2025 - C5 Hindi Second Language,100,70,B2,PRESENT,Satisfactory progress
ADM2025009,Aditya Murthy,C5,A,SCI101,EXAM_Q1_C5_SCI101,Quarterly Examination 2025 - C5 General Science,100,66,B2,PRESENT,Satisfactory progress
ADM2025009,Aditya Murthy,C5,A,SOC101,EXAM_Q1_C5_SOC101,Quarterly Examination 2025 - C5 Social Studies,100,68,B2,PRESENT,Satisfactory progress
ADM2025010,Anusha Sastry,C5,A,MATH101,EXAM_Q1_C5_MATH101,Quarterly Examination 2025 - C5 Mathematics,100,77,B1,PRESENT,Good understanding
ADM2025010,Anusha Sastry,C5,A,ENG101,EXAM_Q1_C5_ENG101,Quarterly Examination 2025 - C5 English Language,100,73,B1,PRESENT,Satisfactory progress
ADM2025010,Anusha Sastry,C5,A,TEL101,EXAM_Q1_C5_TEL101,Quarterly Examination 2025 - C5 Telugu Regional Language,100,80,B1,PRESENT,Good understanding
ADM2025010,Anusha Sastry,C5,A,HIN101,EXAM_Q1_C5_HIN101,Quarterly Examination 2025 - C5 Hindi Second Language,100,78,B1,PRESENT,Good understanding
ADM2025010,Anusha Sastry,C5,A,SCI101,EXAM_Q1_C5_SCI101,Quarterly Examination 2025 - C5 General Science,100,75,B1,PRESENT,Good understanding
ADM2025010,Anusha Sastry,C5,A,SOC101,EXAM_Q1_C5_SOC101,Quarterly Examination 2025 - C5 Social Studies,100,75,B1,PRESENT,Good understanding
ADM2025011,Hemant Babu,C5,A,MATH101,EXAM_Q1_C5_MATH101,Quarterly Examination 2025 - C5 Mathematics,100,74,B1,PRESENT,Satisfactory progress
ADM2025011,Hemant Babu,C5,A,ENG101,EXAM_Q1_C5_ENG101,Quarterly Examination 2025 - C5 English Language,100,73,B1,PRESENT,Satisfactory progress
ADM2025011,Hemant Babu,C5,A,TEL101,EXAM_Q1_C5_TEL101,Quarterly Examination 2025 - C5 Telugu Regional Language,100,78,B1,PRESENT,Good understanding
ADM2025011,Hemant Babu,C5,A,HIN101,EXAM_Q1_C5_HIN101,Quarterly Examination 2025 - C5 Hindi Second Language,100,75,B1,PRESENT,Good understanding
ADM2025011,Hemant Babu,C5,A,SCI101,EXAM_Q1_C5_SCI101,Quarterly Examination 2025 - C5 General Science,100,73,B1,PRESENT,Satisfactory progress
ADM2025011,Hemant Babu,C5,A,SOC101,EXAM_Q1_C5_SOC101,Quarterly Examination 2025 - C5 Social Studies,100,71,B1,PRESENT,Satisfactory progress
ADM2025012,Sahithi Yadav,C5,A,MATH101,EXAM_Q1_C5_MATH101,Quarterly Examination 2025 - C5 Mathematics,100,61,B2,PRESENT,Satisfactory progress
ADM2025012,Sahithi Yadav,C5,A,ENG101,EXAM_Q1_C5_ENG101,Quarterly Examination 2025 - C5 English Language,100,67,B2,PRESENT,Satisfactory progress
ADM2025012,Sahithi Yadav,C5,A,TEL101,EXAM_Q1_C5_TEL101,Quarterly Examination 2025 - C5 Telugu Regional Language,100,72,B1,PRESENT,Satisfactory progress
ADM2025012,Sahithi Yadav,C5,A,HIN101,EXAM_Q1_C5_HIN101,Quarterly Examination 2025 - C5 Hindi Second Language,100,69,B2,PRESENT,Satisfactory progress
ADM2025012,Sahithi Yadav,C5,A,SCI101,EXAM_Q1_C5_SCI101,Quarterly Examination 2025 - C5 General Science,100,63,B2,PRESENT,Satisfactory progress
ADM2025012,Sahithi Yadav,C5,A,SOC101,EXAM_Q1_C5_SOC101,Quarterly Examination 2025 - C5 Social Studies,100,67,B2,PRESENT,Satisfactory progress
ADM2025013,Shashi Patel,C5,A,MATH101,EXAM_Q1_C5_MATH101,Quarterly Examination 2025 - C5 Mathematics,100,70,B2,PRESENT,Satisfactory progress
ADM2025013,Shashi Patel,C5,A,ENG101,EXAM_Q1_C5_ENG101,Quarterly Examination 2025 - C5 English Language,100,68,B2,PRESENT,Satisfactory progress
ADM2025013,Shashi Patel,C5,A,TEL101,EXAM_Q1_C5_TEL101,Quarterly Examination 2025 - C5 Telugu Regional Language,100,72,B1,PRESENT,Satisfactory progress
ADM2025013,Shashi Patel,C5,A,HIN101,EXAM_Q1_C5_HIN101,Quarterly Examination 2025 - C5 Hindi Second Language,100,70,B2,PRESENT,Satisfactory progress
ADM2025013,Shashi Patel,C5,A,SCI101,EXAM_Q1_C5_SCI101,Quarterly Examination 2025 - C5 General Science,100,65,B2,PRESENT,Satisfactory progress
ADM2025013,Shashi Patel,C5,A,SOC101,EXAM_Q1_C5_SOC101,Quarterly Examination 2025 - C5 Social Studies,100,69,B2,PRESENT,Satisfactory progress
ADM2025014,Sirisha Venkatesh,C5,A,MATH101,EXAM_Q1_C5_MATH101,Quarterly Examination 2025 - C5 Mathematics,100,68,B2,PRESENT,Satisfactory progress
ADM2025014,Sirisha Venkatesh,C5,A,ENG101,EXAM_Q1_C5_ENG101,Quarterly Examination 2025 - C5 English Language,100,68,B2,PRESENT,Satisfactory progress
ADM2025014,Sirisha Venkatesh,C5,A,TEL101,EXAM_Q1_C5_TEL101,Quarterly Examination 2025 - C5 Telugu Regional Language,100,75,B1,PRESENT,Good understanding
ADM2025014,Sirisha Venkatesh,C5,A,HIN101,EXAM_Q1_C5_HIN101,Quarterly Examination 2025 - C5 Hindi Second Language,100,68,B2,PRESENT,Satisfactory progress
ADM2025014,Sirisha Venkatesh,C5,A,SCI101,EXAM_Q1_C5_SCI101,Quarterly Examination 2025 - C5 General Science,100,71,B1,PRESENT,Satisfactory progress
ADM2025014,Sirisha Venkatesh,C5,A,SOC101,EXAM_Q1_C5_SOC101,Quarterly Examination 2025 - C5 Social Studies,100,67,B2,PRESENT,Satisfactory progress
ADM2025015,Venkatesh Vemula,C5,A,MATH101,EXAM_Q1_C5_MATH101,Quarterly Examination 2025 - C5 Mathematics,100,64,B2,PRESENT,Satisfactory progress
ADM2025015,Venkatesh Vemula,C5,A,ENG101,EXAM_Q1_C5_ENG101,Quarterly Examination 2025 - C5 English Language,100,61,B2,PRESENT,Satisfactory progress
ADM2025015,Venkatesh Vemula,C5,A,TEL101,EXAM_Q1_C5_TEL101,Quarterly Examination 2025 - C5 Telugu Regional Language,100,71,B1,PRESENT,Satisfactory progress
ADM2025015,Venkatesh Vemula,C5,A,HIN101,EXAM_Q1_C5_HIN101,Quarterly Examination 2025 - C5 Hindi Second Language,100,62,B2,PRESENT,Satisfactory progress
ADM2025015,Venkatesh Vemula,C5,A,SCI101,EXAM_Q1_C5_SCI101,Quarterly Examination 2025 - C5 General Science,100,64,B2,PRESENT,Satisfactory progress
ADM2025015,Venkatesh Vemula,C5,A,SOC101,EXAM_Q1_C5_SOC101,Quarterly Examination 2025 - C5 Social Studies,100,61,B2,PRESENT,Satisfactory progress
ADM2025016,Niharika Bandi,C5,A,MATH101,EXAM_Q1_C5_MATH101,Quarterly Examination 2025 - C5 Mathematics,100,59,C1,PRESENT,Satisfactory progress
ADM2025016,Niharika Bandi,C5,A,ENG101,EXAM_Q1_C5_ENG101,Quarterly Examination 2025 - C5 English Language,100,62,B2,PRESENT,Satisfactory progress
ADM2025016,Niharika Bandi,C5,A,TEL101,EXAM_Q1_C5_TEL101,Quarterly Examination 2025 - C5 Telugu Regional Language,100,70,B2,PRESENT,Satisfactory progress
ADM2025016,Niharika Bandi,C5,A,HIN101,EXAM_Q1_C5_HIN101,Quarterly Examination 2025 - C5 Hindi Second Language,100,63,B2,PRESENT,Satisfactory progress
ADM2025016,Niharika Bandi,C5,A,SCI101,EXAM_Q1_C5_SCI101,Quarterly Examination 2025 - C5 General Science,100,65,B2,PRESENT,Satisfactory progress
ADM2025016,Niharika Bandi,C5,A,SOC101,EXAM_Q1_C5_SOC101,Quarterly Examination 2025 - C5 Social Studies,100,67,B2,PRESENT,Satisfactory progress
ADM2025017,Rohit Kandula,C5,A,MATH101,EXAM_Q1_C5_MATH101,Quarterly Examination 2025 - C5 Mathematics,100,55,C1,PRESENT,Satisfactory progress
ADM2025017,Rohit Kandula,C5,A,ENG101,EXAM_Q1_C5_ENG101,Quarterly Examination 2025 - C5 English Language,100,56,C1,PRESENT,Satisfactory progress
ADM2025017,Rohit Kandula,C5,A,TEL101,EXAM_Q1_C5_TEL101,Quarterly Examination 2025 - C5 Telugu Regional Language,100,65,B2,PRESENT,Satisfactory progress
ADM2025017,Rohit Kandula,C5,A,HIN101,EXAM_Q1_C5_HIN101,Quarterly Examination 2025 - C5 Hindi Second Language,100,65,B2,PRESENT,Satisfactory progress
ADM2025017,Rohit Kandula,C5,A,SCI101,EXAM_Q1_C5_SCI101,Quarterly Examination 2025 - C5 General Science,100,58,C1,PRESENT,Satisfactory progress
ADM2025017,Rohit Kandula,C5,A,SOC101,EXAM_Q1_C5_SOC101,Quarterly Examination 2025 - C5 Social Studies,100,62,B2,PRESENT,Satisfactory progress
ADM2025018,Jyothi Gudepu,C5,A,MATH101,EXAM_Q1_C5_MATH101,Quarterly Examination 2025 - C5 Mathematics,100,66,B2,PRESENT,Satisfactory progress
ADM2025018,Jyothi Gudepu,C5,A,ENG101,EXAM_Q1_C5_ENG101,Quarterly Examination 2025 - C5 English Language,100,69,B2,PRESENT,Satisfactory progress
ADM2025018,Jyothi Gudepu,C5,A,TEL101,EXAM_Q1_C5_TEL101,Quarterly Examination 2025 - C5 Telugu Regional Language,100,74,B1,PRESENT,Satisfactory progress
ADM2025018,Jyothi Gudepu,C5,A,HIN101,EXAM_Q1_C5_HIN101,Quarterly Examination 2025 - C5 Hindi Second Language,100,64,B2,PRESENT,Satisfactory progress
ADM2025018,Jyothi Gudepu,C5,A,SCI101,EXAM_Q1_C5_SCI101,Quarterly Examination 2025 - C5 General Science,100,61,B2,PRESENT,Satisfactory progress
ADM2025018,Jyothi Gudepu,C5,A,SOC101,EXAM_Q1_C5_SOC101,Quarterly Examination 2025 - C5 Social Studies,100,63,B2,PRESENT,Satisfactory progress
ADM2025019,Aarav Singireddy,C5,A,MATH101,EXAM_Q1_C5_MATH101,Quarterly Examination 2025 - C5 Mathematics,100,55,C1,PRESENT,Satisfactory progress
ADM2025019,Aarav Singireddy,C5,A,ENG101,EXAM_Q1_C5_ENG101,Quarterly Examination 2025 - C5 English Language,100,56,C1,PRESENT,Satisfactory progress
ADM2025019,Aarav Singireddy,C5,A,TEL101,EXAM_Q1_C5_TEL101,Quarterly Examination 2025 - C5 Telugu Regional Language,100,57,C1,PRESENT,Satisfactory progress
ADM2025019,Aarav Singireddy,C5,A,HIN101,EXAM_Q1_C5_HIN101,Quarterly Examination 2025 - C5 Hindi Second Language,100,58,C1,PRESENT,Satisfactory progress
ADM2025019,Aarav Singireddy,C5,A,SCI101,EXAM_Q1_C5_SCI101,Quarterly Examination 2025 - C5 General Science,100,57,C1,PRESENT,Satisfactory progress
ADM2025019,Aarav Singireddy,C5,A,SOC101,EXAM_Q1_C5_SOC101,Quarterly Examination 2025 - C5 Social Studies,100,53,C1,PRESENT,Satisfactory progress
ADM2025020,Sruthi Pothula,C5,A,MATH101,EXAM_Q1_C5_MATH101,Quarterly Examination 2025 - C5 Mathematics,100,61,B2,PRESENT,Satisfactory progress
ADM2025020,Sruthi Pothula,C5,A,ENG101,EXAM_Q1_C5_ENG101,Quarterly Examination 2025 - C5 English Language,100,58,C1,PRESENT,Satisfactory progress
ADM2025020,Sruthi Pothula,C5,A,TEL101,EXAM_Q1_C5_TEL101,Quarterly Examination 2025 - C5 Telugu Regional Language,100,68,B2,PRESENT,Satisfactory progress
ADM2025020,Sruthi Pothula,C5,A,HIN101,EXAM_Q1_C5_HIN101,Quarterly Examination 2025 - C5 Hindi Second Language,100,65,B2,PRESENT,Satisfactory progress
ADM2025020,Sruthi Pothula,C5,A,SCI101,EXAM_Q1_C5_SCI101,Quarterly Examination 2025 - C5 General Science,100,56,C1,PRESENT,Satisfactory progress
ADM2025020,Sruthi Pothula,C5,A,SOC101,EXAM_Q1_C5_SOC101,Quarterly Examination 2025 - C5 Social Studies,100,57,C1,PRESENT,Satisfactory progress
ADM2025021,Venkatesh Kondapalli,C5,A,MATH101,EXAM_Q1_C5_MATH101,Quarterly Examination 2025 - C5 Mathematics,100,55,C1,PRESENT,Satisfactory progress
ADM2025021,Venkatesh Kondapalli,C5,A,ENG101,EXAM_Q1_C5_ENG101,Quarterly Examination 2025 - C5 English Language,100,59,C1,PRESENT,Satisfactory progress
ADM2025021,Venkatesh Kondapalli,C5,A,TEL101,EXAM_Q1_C5_TEL101,Quarterly Examination 2025 - C5 Telugu Regional Language,100,58,C1,PRESENT,Satisfactory progress
ADM2025021,Venkatesh Kondapalli,C5,A,HIN101,EXAM_Q1_C5_HIN101,Quarterly Examination 2025 - C5 Hindi Second Language,100,57,C1,PRESENT,Satisfactory progress
ADM2025021,Venkatesh Kondapalli,C5,A,SCI101,EXAM_Q1_C5_SCI101,Quarterly Examination 2025 - C5 General Science,100,51,C1,PRESENT,Satisfactory progress
ADM2025021,Venkatesh Kondapalli,C5,A,SOC101,EXAM_Q1_C5_SOC101,Quarterly Examination 2025 - C5 Social Studies,100,57,C1,PRESENT,Satisfactory progress
ADM2025022,Lavanya Malkapuram,C5,A,MATH101,EXAM_Q1_C5_MATH101,Quarterly Examination 2025 - C5 Mathematics,100,53,C1,PRESENT,Satisfactory progress
ADM2025022,Lavanya Malkapuram,C5,A,ENG101,EXAM_Q1_C5_ENG101,Quarterly Examination 2025 - C5 English Language,100,61,B2,PRESENT,Satisfactory progress
ADM2025022,Lavanya Malkapuram,C5,A,TEL101,EXAM_Q1_C5_TEL101,Quarterly Examination 2025 - C5 Telugu Regional Language,100,65,B2,PRESENT,Satisfactory progress
ADM2025022,Lavanya Malkapuram,C5,A,HIN101,EXAM_Q1_C5_HIN101,Quarterly Examination 2025 - C5 Hindi Second Language,100,59,C1,PRESENT,Satisfactory progress
ADM2025022,Lavanya Malkapuram,C5,A,SCI101,EXAM_Q1_C5_SCI101,Quarterly Examination 2025 - C5 General Science,100,54,C1,PRESENT,Satisfactory progress
ADM2025022,Lavanya Malkapuram,C5,A,SOC101,EXAM_Q1_C5_SOC101,Quarterly Examination 2025 - C5 Social Studies,100,63,B2,PRESENT,Satisfactory progress
ADM2025023,Dhanush Chintala,C5,A,MATH101,EXAM_Q1_C5_MATH101,Quarterly Examination 2025 - C5 Mathematics,100,56,C1,PRESENT,Satisfactory progress
ADM2025023,Dhanush Chintala,C5,A,ENG101,EXAM_Q1_C5_ENG101,Quarterly Examination 2025 - C5 English Language,100,58,C1,PRESENT,Satisfactory progress
ADM2025023,Dhanush Chintala,C5,A,TEL101,EXAM_Q1_C5_TEL101,Quarterly Examination 2025 - C5 Telugu Regional Language,100,62,B2,PRESENT,Satisfactory progress
ADM2025023,Dhanush Chintala,C5,A,HIN101,EXAM_Q1_C5_HIN101,Quarterly Examination 2025 - C5 Hindi Second Language,100,59,C1,PRESENT,Satisfactory progress
ADM2025023,Dhanush Chintala,C5,A,SCI101,EXAM_Q1_C5_SCI101,Quarterly Examination 2025 - C5 General Science,100,57,C1,PRESENT,Satisfactory progress
ADM2025023,Dhanush Chintala,C5,A,SOC101,EXAM_Q1_C5_SOC101,Quarterly Examination 2025 - C5 Social Studies,100,62,B2,PRESENT,Satisfactory progress
ADM2025024,Vennela Gaddam,C5,A,MATH101,EXAM_Q1_C5_MATH101,Quarterly Examination 2025 - C5 Mathematics,100,52,C1,PRESENT,Satisfactory progress
ADM2025024,Vennela Gaddam,C5,A,ENG101,EXAM_Q1_C5_ENG101,Quarterly Examination 2025 - C5 English Language,100,62,B2,PRESENT,Satisfactory progress
ADM2025024,Vennela Gaddam,C5,A,TEL101,EXAM_Q1_C5_TEL101,Quarterly Examination 2025 - C5 Telugu Regional Language,100,63,B2,PRESENT,Satisfactory progress
ADM2025024,Vennela Gaddam,C5,A,HIN101,EXAM_Q1_C5_HIN101,Quarterly Examination 2025 - C5 Hindi Second Language,100,61,B2,PRESENT,Satisfactory progress
ADM2025024,Vennela Gaddam,C5,A,SCI101,EXAM_Q1_C5_SCI101,Quarterly Examination 2025 - C5 General Science,100,59,C1,PRESENT,Satisfactory progress
ADM2025024,Vennela Gaddam,C5,A,SOC101,EXAM_Q1_C5_SOC101,Quarterly Examination 2025 - C5 Social Studies,100,57,C1,PRESENT,Satisfactory progress
ADM2025025,Nikhil Boddu,C5,A,MATH101,EXAM_Q1_C5_MATH101,Quarterly Examination 2025 - C5 Mathematics,100,57,C1,PRESENT,Satisfactory progress
ADM2025025,Nikhil Boddu,C5,A,ENG101,EXAM_Q1_C5_ENG101,Quarterly Examination 2025 - C5 English Language,100,53,C1,PRESENT,Satisfactory progress
ADM2025025,Nikhil Boddu,C5,A,TEL101,EXAM_Q1_C5_TEL101,Quarterly Examination 2025 - C5 Telugu Regional Language,100,62,B2,PRESENT,Satisfactory progress
ADM2025025,Nikhil Boddu,C5,A,HIN101,EXAM_Q1_C5_HIN101,Quarterly Examination 2025 - C5 Hindi Second Language,100,56,C1,PRESENT,Satisfactory progress
ADM2025025,Nikhil Boddu,C5,A,SCI101,EXAM_Q1_C5_SCI101,Quarterly Examination 2025 - C5 General Science,100,54,C1,PRESENT,Satisfactory progress
ADM2025025,Nikhil Boddu,C5,A,SOC101,EXAM_Q1_C5_SOC101,Quarterly Examination 2025 - C5 Social Studies,100,55,C1,PRESENT,Satisfactory progress
ADM2025026,Anusha Maddela,C5,A,MATH101,EXAM_Q1_C5_MATH101,Quarterly Examination 2025 - C5 Mathematics,100,50,C2,PRESENT,Satisfactory progress
ADM2025026,Anusha Maddela,C5,A,ENG101,EXAM_Q1_C5_ENG101,Quarterly Examination 2025 - C5 English Language,100,57,C1,PRESENT,Satisfactory progress
ADM2025026,Anusha Maddela,C5,A,TEL101,EXAM_Q1_C5_TEL101,Quarterly Examination 2025 - C5 Telugu Regional Language,100,61,B2,PRESENT,Satisfactory progress
ADM2025026,Anusha Maddela,C5,A,HIN101,EXAM_Q1_C5_HIN101,Quarterly Examination 2025 - C5 Hindi Second Language,100,50,C2,PRESENT,Satisfactory progress
ADM2025026,Anusha Maddela,C5,A,SCI101,EXAM_Q1_C5_SCI101,Quarterly Examination 2025 - C5 General Science,100,56,C1,PRESENT,Satisfactory progress
ADM2025026,Anusha Maddela,C5,A,SOC101,EXAM_Q1_C5_SOC101,Quarterly Examination 2025 - C5 Social Studies,100,51,C1,PRESENT,Satisfactory progress
ADM2025027,Bhavan Komati,C5,A,MATH101,EXAM_Q1_C5_MATH101,Quarterly Examination 2025 - C5 Mathematics,100,47,C2,PRESENT,Needs remedial support
ADM2025027,Bhavan Komati,C5,A,ENG101,EXAM_Q1_C5_ENG101,Quarterly Examination 2025 - C5 English Language,100,47,C2,PRESENT,Needs remedial support
ADM2025027,Bhavan Komati,C5,A,TEL101,EXAM_Q1_C5_TEL101,Quarterly Examination 2025 - C5 Telugu Regional Language,100,48,C2,PRESENT,Needs remedial support
ADM2025027,Bhavan Komati,C5,A,HIN101,EXAM_Q1_C5_HIN101,Quarterly Examination 2025 - C5 Hindi Second Language,100,52,C1,PRESENT,Satisfactory progress
ADM2025027,Bhavan Komati,C5,A,SCI101,EXAM_Q1_C5_SCI101,Quarterly Examination 2025 - C5 General Science,100,45,C2,PRESENT,Needs remedial support
ADM2025027,Bhavan Komati,C5,A,SOC101,EXAM_Q1_C5_SOC101,Quarterly Examination 2025 - C5 Social Studies,100,46,C2,PRESENT,Needs remedial support
ADM2025028,Supriya Narra,C5,A,MATH101,EXAM_Q1_C5_MATH101,Quarterly Examination 2025 - C5 Mathematics,100,48,C2,PRESENT,Needs remedial support
ADM2025028,Supriya Narra,C5,A,ENG101,EXAM_Q1_C5_ENG101,Quarterly Examination 2025 - C5 English Language,100,55,C1,PRESENT,Satisfactory progress
ADM2025028,Supriya Narra,C5,A,TEL101,EXAM_Q1_C5_TEL101,Quarterly Examination 2025 - C5 Telugu Regional Language,100,57,C1,PRESENT,Satisfactory progress
ADM2025028,Supriya Narra,C5,A,HIN101,EXAM_Q1_C5_HIN101,Quarterly Examination 2025 - C5 Hindi Second Language,100,50,C2,PRESENT,Satisfactory progress
ADM2025028,Supriya Narra,C5,A,SCI101,EXAM_Q1_C5_SCI101,Quarterly Examination 2025 - C5 General Science,100,46,C2,PRESENT,Needs remedial support
ADM2025028,Supriya Narra,C5,A,SOC101,EXAM_Q1_C5_SOC101,Quarterly Examination 2025 - C5 Social Studies,100,56,C1,PRESENT,Satisfactory progress
ADM2025029,Srinivas Thota,C5,A,MATH101,EXAM_Q1_C5_MATH101,Quarterly Examination 2025 - C5 Mathematics,100,40,D,PRESENT,Needs remedial support
ADM2025029,Srinivas Thota,C5,A,ENG101,EXAM_Q1_C5_ENG101,Quarterly Examination 2025 - C5 English Language,100,40,D,PRESENT,Needs remedial support
ADM2025029,Srinivas Thota,C5,A,TEL101,EXAM_Q1_C5_TEL101,Quarterly Examination 2025 - C5 Telugu Regional Language,100,47,C2,PRESENT,Needs remedial support
ADM2025029,Srinivas Thota,C5,A,HIN101,EXAM_Q1_C5_HIN101,Quarterly Examination 2025 - C5 Hindi Second Language,100,42,C2,PRESENT,Needs remedial support
ADM2025029,Srinivas Thota,C5,A,SCI101,EXAM_Q1_C5_SCI101,Quarterly Examination 2025 - C5 General Science,100,41,C2,PRESENT,Needs remedial support
ADM2025029,Srinivas Thota,C5,A,SOC101,EXAM_Q1_C5_SOC101,Quarterly Examination 2025 - C5 Social Studies,100,40,D,PRESENT,Needs remedial support
ADM2025030,Sruthi Avula,C5,A,MATH101,EXAM_Q1_C5_MATH101,Quarterly Examination 2025 - C5 Mathematics,100,43,C2,PRESENT,Needs remedial support
ADM2025030,Sruthi Avula,C5,A,ENG101,EXAM_Q1_C5_ENG101,Quarterly Examination 2025 - C5 English Language,100,46,C2,PRESENT,Needs remedial support
ADM2025030,Sruthi Avula,C5,A,TEL101,EXAM_Q1_C5_TEL101,Quarterly Examination 2025 - C5 Telugu Regional Language,100,54,C1,PRESENT,Satisfactory progress
ADM2025030,Sruthi Avula,C5,A,HIN101,EXAM_Q1_C5_HIN101,Quarterly Examination 2025 - C5 Hindi Second Language,100,47,C2,PRESENT,Needs remedial support
ADM2025030,Sruthi Avula,C5,A,SCI101,EXAM_Q1_C5_SCI101,Quarterly Examination 2025 - C5 General Science,100,48,C2,PRESENT,Needs remedial support
ADM2025030,Sruthi Avula,C5,A,SOC101,EXAM_Q1_C5_SOC101,Quarterly Examination 2025 - C5 Social Studies,100,48,C2,PRESENT,Needs remedial support
ADM2025031,Vijay Siripuram,C5,B,MATH101,EXAM_Q1_C5_MATH101,Quarterly Examination 2025 - C5 Mathematics,100,86,A2,PRESENT,Good understanding
ADM2025031,Vijay Siripuram,C5,B,ENG101,EXAM_Q1_C5_ENG101,Quarterly Examination 2025 - C5 English Language,100,91,A1,PRESENT,Outstanding performance
ADM2025031,Vijay Siripuram,C5,B,TEL101,EXAM_Q1_C5_TEL101,Quarterly Examination 2025 - C5 Telugu Regional Language,100,91,A1,PRESENT,Outstanding performance
ADM2025031,Vijay Siripuram,C5,B,HIN101,EXAM_Q1_C5_HIN101,Quarterly Examination 2025 - C5 Hindi Second Language,100,90,A2,PRESENT,Outstanding performance
ADM2025031,Vijay Siripuram,C5,B,SCI101,EXAM_Q1_C5_SCI101,Quarterly Examination 2025 - C5 General Science,100,85,A2,PRESENT,Good understanding
ADM2025031,Vijay Siripuram,C5,B,SOC101,EXAM_Q1_C5_SOC101,Quarterly Examination 2025 - C5 Social Studies,100,86,A2,PRESENT,Good understanding
ADM2025032,Radhika Yerra,C5,B,MATH101,EXAM_Q1_C5_MATH101,Quarterly Examination 2025 - C5 Mathematics,100,76,B1,PRESENT,Good understanding
ADM2025032,Radhika Yerra,C5,B,ENG101,EXAM_Q1_C5_ENG101,Quarterly Examination 2025 - C5 English Language,100,78,B1,PRESENT,Good understanding
ADM2025032,Radhika Yerra,C5,B,TEL101,EXAM_Q1_C5_TEL101,Quarterly Examination 2025 - C5 Telugu Regional Language,100,86,A2,PRESENT,Good understanding
ADM2025032,Radhika Yerra,C5,B,HIN101,EXAM_Q1_C5_HIN101,Quarterly Examination 2025 - C5 Hindi Second Language,100,84,A2,PRESENT,Good understanding
ADM2025032,Radhika Yerra,C5,B,SCI101,EXAM_Q1_C5_SCI101,Quarterly Examination 2025 - C5 General Science,100,77,B1,PRESENT,Good understanding
ADM2025032,Radhika Yerra,C5,B,SOC101,EXAM_Q1_C5_SOC101,Quarterly Examination 2025 - C5 Social Studies,100,79,B1,PRESENT,Good understanding
ADM2025033,Praneeth Goli,C5,B,MATH101,EXAM_Q1_C5_MATH101,Quarterly Examination 2025 - C5 Mathematics,100,85,A2,PRESENT,Good understanding
ADM2025033,Praneeth Goli,C5,B,ENG101,EXAM_Q1_C5_ENG101,Quarterly Examination 2025 - C5 English Language,100,89,A2,PRESENT,Good understanding
ADM2025033,Praneeth Goli,C5,B,TEL101,EXAM_Q1_C5_TEL101,Quarterly Examination 2025 - C5 Telugu Regional Language,100,89,A2,PRESENT,Good understanding
ADM2025033,Praneeth Goli,C5,B,HIN101,EXAM_Q1_C5_HIN101,Quarterly Examination 2025 - C5 Hindi Second Language,100,83,A2,PRESENT,Good understanding
ADM2025033,Praneeth Goli,C5,B,SCI101,EXAM_Q1_C5_SCI101,Quarterly Examination 2025 - C5 General Science,100,80,B1,PRESENT,Good understanding
ADM2025033,Praneeth Goli,C5,B,SOC101,EXAM_Q1_C5_SOC101,Quarterly Examination 2025 - C5 Social Studies,100,82,A2,PRESENT,Good understanding
ADM2025034,Ramya Sunkari,C5,B,MATH101,EXAM_Q1_C5_MATH101,Quarterly Examination 2025 - C5 Mathematics,100,75,B1,PRESENT,Good understanding
ADM2025034,Ramya Sunkari,C5,B,ENG101,EXAM_Q1_C5_ENG101,Quarterly Examination 2025 - C5 English Language,100,75,B1,PRESENT,Good understanding
ADM2025034,Ramya Sunkari,C5,B,TEL101,EXAM_Q1_C5_TEL101,Quarterly Examination 2025 - C5 Telugu Regional Language,100,84,A2,PRESENT,Good understanding
ADM2025034,Ramya Sunkari,C5,B,HIN101,EXAM_Q1_C5_HIN101,Quarterly Examination 2025 - C5 Hindi Second Language,100,78,B1,PRESENT,Good understanding
ADM2025034,Ramya Sunkari,C5,B,SCI101,EXAM_Q1_C5_SCI101,Quarterly Examination 2025 - C5 General Science,100,83,A2,PRESENT,Good understanding
ADM2025034,Ramya Sunkari,C5,B,SOC101,EXAM_Q1_C5_SOC101,Quarterly Examination 2025 - C5 Social Studies,100,80,B1,PRESENT,Good understanding
ADM2025035,Manish Mothukuri,C5,B,MATH101,EXAM_Q1_C5_MATH101,Quarterly Examination 2025 - C5 Mathematics,100,79,B1,PRESENT,Good understanding
ADM2025035,Manish Mothukuri,C5,B,ENG101,EXAM_Q1_C5_ENG101,Quarterly Examination 2025 - C5 English Language,100,88,A2,PRESENT,Good understanding
ADM2025035,Manish Mothukuri,C5,B,TEL101,EXAM_Q1_C5_TEL101,Quarterly Examination 2025 - C5 Telugu Regional Language,100,89,A2,PRESENT,Good understanding
ADM2025035,Manish Mothukuri,C5,B,HIN101,EXAM_Q1_C5_HIN101,Quarterly Examination 2025 - C5 Hindi Second Language,100,88,A2,PRESENT,Good understanding
ADM2025035,Manish Mothukuri,C5,B,SCI101,EXAM_Q1_C5_SCI101,Quarterly Examination 2025 - C5 General Science,100,84,A2,PRESENT,Good understanding
ADM2025035,Manish Mothukuri,C5,B,SOC101,EXAM_Q1_C5_SOC101,Quarterly Examination 2025 - C5 Social Studies,100,84,A2,PRESENT,Good understanding
ADM2025036,Sameera Dasari,C5,B,MATH101,EXAM_Q1_C5_MATH101,Quarterly Examination 2025 - C5 Mathematics,100,75,B1,PRESENT,Good understanding
ADM2025036,Sameera Dasari,C5,B,ENG101,EXAM_Q1_C5_ENG101,Quarterly Examination 2025 - C5 English Language,100,76,B1,PRESENT,Good understanding
ADM2025036,Sameera Dasari,C5,B,TEL101,EXAM_Q1_C5_TEL101,Quarterly Examination 2025 - C5 Telugu Regional Language,100,88,A2,PRESENT,Good understanding
ADM2025036,Sameera Dasari,C5,B,HIN101,EXAM_Q1_C5_HIN101,Quarterly Examination 2025 - C5 Hindi Second Language,100,79,B1,PRESENT,Good understanding
ADM2025036,Sameera Dasari,C5,B,SCI101,EXAM_Q1_C5_SCI101,Quarterly Examination 2025 - C5 General Science,100,82,A2,PRESENT,Good understanding
ADM2025036,Sameera Dasari,C5,B,SOC101,EXAM_Q1_C5_SOC101,Quarterly Examination 2025 - C5 Social Studies,100,79,B1,PRESENT,Good understanding
ADM2025037,Pranav Challa,C5,B,MATH101,EXAM_Q1_C5_MATH101,Quarterly Examination 2025 - C5 Mathematics,100,72,B1,PRESENT,Satisfactory progress
ADM2025037,Pranav Challa,C5,B,ENG101,EXAM_Q1_C5_ENG101,Quarterly Examination 2025 - C5 English Language,100,69,B2,PRESENT,Satisfactory progress
ADM2025037,Pranav Challa,C5,B,TEL101,EXAM_Q1_C5_TEL101,Quarterly Examination 2025 - C5 Telugu Regional Language,100,74,B1,PRESENT,Satisfactory progress
ADM2025037,Pranav Challa,C5,B,HIN101,EXAM_Q1_C5_HIN101,Quarterly Examination 2025 - C5 Hindi Second Language,100,74,B1,PRESENT,Satisfactory progress
ADM2025037,Pranav Challa,C5,B,SCI101,EXAM_Q1_C5_SCI101,Quarterly Examination 2025 - C5 General Science,100,70,B2,PRESENT,Satisfactory progress
ADM2025037,Pranav Challa,C5,B,SOC101,EXAM_Q1_C5_SOC101,Quarterly Examination 2025 - C5 Social Studies,100,77,B1,PRESENT,Good understanding
ADM2025038,Geetha Boya,C5,B,MATH101,EXAM_Q1_C5_MATH101,Quarterly Examination 2025 - C5 Mathematics,100,73,B1,PRESENT,Satisfactory progress
ADM2025038,Geetha Boya,C5,B,ENG101,EXAM_Q1_C5_ENG101,Quarterly Examination 2025 - C5 English Language,100,73,B1,PRESENT,Satisfactory progress
ADM2025038,Geetha Boya,C5,B,TEL101,EXAM_Q1_C5_TEL101,Quarterly Examination 2025 - C5 Telugu Regional Language,100,79,B1,PRESENT,Good understanding
ADM2025038,Geetha Boya,C5,B,HIN101,EXAM_Q1_C5_HIN101,Quarterly Examination 2025 - C5 Hindi Second Language,100,70,B2,PRESENT,Satisfactory progress
ADM2025038,Geetha Boya,C5,B,SCI101,EXAM_Q1_C5_SCI101,Quarterly Examination 2025 - C5 General Science,100,71,B1,PRESENT,Satisfactory progress
ADM2025038,Geetha Boya,C5,B,SOC101,EXAM_Q1_C5_SOC101,Quarterly Examination 2025 - C5 Social Studies,100,72,B1,PRESENT,Satisfactory progress
ADM2025039,Anirudh Kammari,C5,B,MATH101,EXAM_Q1_C5_MATH101,Quarterly Examination 2025 - C5 Mathematics,100,76,B1,PRESENT,Good understanding
ADM2025039,Anirudh Kammari,C5,B,ENG101,EXAM_Q1_C5_ENG101,Quarterly Examination 2025 - C5 English Language,100,80,B1,PRESENT,Good understanding
ADM2025039,Anirudh Kammari,C5,B,TEL101,EXAM_Q1_C5_TEL101,Quarterly Examination 2025 - C5 Telugu Regional Language,100,77,B1,PRESENT,Good understanding
ADM2025039,Anirudh Kammari,C5,B,HIN101,EXAM_Q1_C5_HIN101,Quarterly Examination 2025 - C5 Hindi Second Language,100,76,B1,PRESENT,Good understanding
ADM2025039,Anirudh Kammari,C5,B,SCI101,EXAM_Q1_C5_SCI101,Quarterly Examination 2025 - C5 General Science,100,75,B1,PRESENT,Good understanding
ADM2025039,Anirudh Kammari,C5,B,SOC101,EXAM_Q1_C5_SOC101,Quarterly Examination 2025 - C5 Social Studies,100,77,B1,PRESENT,Good understanding
ADM2025040,Sharanya Vangala,C5,B,MATH101,EXAM_Q1_C5_MATH101,Quarterly Examination 2025 - C5 Mathematics,100,76,B1,PRESENT,Good understanding
ADM2025040,Sharanya Vangala,C5,B,ENG101,EXAM_Q1_C5_ENG101,Quarterly Examination 2025 - C5 English Language,100,78,B1,PRESENT,Good understanding
ADM2025040,Sharanya Vangala,C5,B,TEL101,EXAM_Q1_C5_TEL101,Quarterly Examination 2025 - C5 Telugu Regional Language,100,86,A2,PRESENT,Good understanding
ADM2025040,Sharanya Vangala,C5,B,HIN101,EXAM_Q1_C5_HIN101,Quarterly Examination 2025 - C5 Hindi Second Language,100,78,B1,PRESENT,Good understanding
ADM2025040,Sharanya Vangala,C5,B,SCI101,EXAM_Q1_C5_SCI101,Quarterly Examination 2025 - C5 General Science,100,77,B1,PRESENT,Good understanding
ADM2025040,Sharanya Vangala,C5,B,SOC101,EXAM_Q1_C5_SOC101,Quarterly Examination 2025 - C5 Social Studies,100,77,B1,PRESENT,Good understanding
ADM2025041,Vishnu Nallam,C5,B,MATH101,EXAM_Q1_C5_MATH101,Quarterly Examination 2025 - C5 Mathematics,100,64,B2,PRESENT,Satisfactory progress
ADM2025041,Vishnu Nallam,C5,B,ENG101,EXAM_Q1_C5_ENG101,Quarterly Examination 2025 - C5 English Language,100,67,B2,PRESENT,Satisfactory progress
ADM2025041,Vishnu Nallam,C5,B,TEL101,EXAM_Q1_C5_TEL101,Quarterly Examination 2025 - C5 Telugu Regional Language,100,68,B2,PRESENT,Satisfactory progress
ADM2025041,Vishnu Nallam,C5,B,HIN101,EXAM_Q1_C5_HIN101,Quarterly Examination 2025 - C5 Hindi Second Language,100,64,B2,PRESENT,Satisfactory progress
ADM2025041,Vishnu Nallam,C5,B,SCI101,EXAM_Q1_C5_SCI101,Quarterly Examination 2025 - C5 General Science,100,67,B2,PRESENT,Satisfactory progress
ADM2025041,Vishnu Nallam,C5,B,SOC101,EXAM_Q1_C5_SOC101,Quarterly Examination 2025 - C5 Social Studies,100,68,B2,PRESENT,Satisfactory progress
ADM2025042,Anusha Katakam,C5,B,MATH101,EXAM_Q1_C5_MATH101,Quarterly Examination 2025 - C5 Mathematics,100,71,B1,PRESENT,Satisfactory progress
ADM2025042,Anusha Katakam,C5,B,ENG101,EXAM_Q1_C5_ENG101,Quarterly Examination 2025 - C5 English Language,100,75,B1,PRESENT,Good understanding
ADM2025042,Anusha Katakam,C5,B,TEL101,EXAM_Q1_C5_TEL101,Quarterly Examination 2025 - C5 Telugu Regional Language,100,77,B1,PRESENT,Good understanding
ADM2025042,Anusha Katakam,C5,B,HIN101,EXAM_Q1_C5_HIN101,Quarterly Examination 2025 - C5 Hindi Second Language,100,72,B1,PRESENT,Satisfactory progress
ADM2025042,Anusha Katakam,C5,B,SCI101,EXAM_Q1_C5_SCI101,Quarterly Examination 2025 - C5 General Science,100,71,B1,PRESENT,Satisfactory progress
ADM2025042,Anusha Katakam,C5,B,SOC101,EXAM_Q1_C5_SOC101,Quarterly Examination 2025 - C5 Social Studies,100,75,B1,PRESENT,Good understanding
ADM2025043,Hemant Gampa,C5,B,MATH101,EXAM_Q1_C5_MATH101,Quarterly Examination 2025 - C5 Mathematics,100,67,B2,PRESENT,Satisfactory progress
ADM2025043,Hemant Gampa,C5,B,ENG101,EXAM_Q1_C5_ENG101,Quarterly Examination 2025 - C5 English Language,100,70,B2,PRESENT,Satisfactory progress
ADM2025043,Hemant Gampa,C5,B,TEL101,EXAM_Q1_C5_TEL101,Quarterly Examination 2025 - C5 Telugu Regional Language,100,77,B1,PRESENT,Good understanding
ADM2025043,Hemant Gampa,C5,B,HIN101,EXAM_Q1_C5_HIN101,Quarterly Examination 2025 - C5 Hindi Second Language,100,72,B1,PRESENT,Satisfactory progress
ADM2025043,Hemant Gampa,C5,B,SCI101,EXAM_Q1_C5_SCI101,Quarterly Examination 2025 - C5 General Science,100,64,B2,PRESENT,Satisfactory progress
ADM2025043,Hemant Gampa,C5,B,SOC101,EXAM_Q1_C5_SOC101,Quarterly Examination 2025 - C5 Social Studies,100,66,B2,PRESENT,Satisfactory progress
ADM2025044,Meghana Peddinti,C5,B,MATH101,EXAM_Q1_C5_MATH101,Quarterly Examination 2025 - C5 Mathematics,100,66,B2,PRESENT,Satisfactory progress
ADM2025044,Meghana Peddinti,C5,B,ENG101,EXAM_Q1_C5_ENG101,Quarterly Examination 2025 - C5 English Language,100,66,B2,PRESENT,Satisfactory progress
ADM2025044,Meghana Peddinti,C5,B,TEL101,EXAM_Q1_C5_TEL101,Quarterly Examination 2025 - C5 Telugu Regional Language,100,68,B2,PRESENT,Satisfactory progress
ADM2025044,Meghana Peddinti,C5,B,HIN101,EXAM_Q1_C5_HIN101,Quarterly Examination 2025 - C5 Hindi Second Language,100,62,B2,PRESENT,Satisfactory progress
ADM2025044,Meghana Peddinti,C5,B,SCI101,EXAM_Q1_C5_SCI101,Quarterly Examination 2025 - C5 General Science,100,67,B2,PRESENT,Satisfactory progress
ADM2025044,Meghana Peddinti,C5,B,SOC101,EXAM_Q1_C5_SOC101,Quarterly Examination 2025 - C5 Social Studies,100,68,B2,PRESENT,Satisfactory progress
ADM2025045,Sai Komuravelli,C5,B,MATH101,EXAM_Q1_C5_MATH101,Quarterly Examination 2025 - C5 Mathematics,100,71,B1,PRESENT,Satisfactory progress
ADM2025045,Sai Komuravelli,C5,B,ENG101,EXAM_Q1_C5_ENG101,Quarterly Examination 2025 - C5 English Language,100,73,B1,PRESENT,Satisfactory progress
ADM2025045,Sai Komuravelli,C5,B,TEL101,EXAM_Q1_C5_TEL101,Quarterly Examination 2025 - C5 Telugu Regional Language,100,73,B1,PRESENT,Satisfactory progress
ADM2025045,Sai Komuravelli,C5,B,HIN101,EXAM_Q1_C5_HIN101,Quarterly Examination 2025 - C5 Hindi Second Language,100,69,B2,PRESENT,Satisfactory progress
ADM2025045,Sai Komuravelli,C5,B,SCI101,EXAM_Q1_C5_SCI101,Quarterly Examination 2025 - C5 General Science,100,72,B1,PRESENT,Satisfactory progress
ADM2025045,Sai Komuravelli,C5,B,SOC101,EXAM_Q1_C5_SOC101,Quarterly Examination 2025 - C5 Social Studies,100,72,B1,PRESENT,Satisfactory progress
ADM2025046,Suhasini Polisetty,C5,B,MATH101,EXAM_Q1_C5_MATH101,Quarterly Examination 2025 - C5 Mathematics,100,56,C1,PRESENT,Satisfactory progress
ADM2025046,Suhasini Polisetty,C5,B,ENG101,EXAM_Q1_C5_ENG101,Quarterly Examination 2025 - C5 English Language,100,66,B2,PRESENT,Satisfactory progress
ADM2025046,Suhasini Polisetty,C5,B,TEL101,EXAM_Q1_C5_TEL101,Quarterly Examination 2025 - C5 Telugu Regional Language,100,69,B2,PRESENT,Satisfactory progress
ADM2025046,Suhasini Polisetty,C5,B,HIN101,EXAM_Q1_C5_HIN101,Quarterly Examination 2025 - C5 Hindi Second Language,100,63,B2,PRESENT,Satisfactory progress
ADM2025046,Suhasini Polisetty,C5,B,SCI101,EXAM_Q1_C5_SCI101,Quarterly Examination 2025 - C5 General Science,100,65,B2,PRESENT,Satisfactory progress
ADM2025046,Suhasini Polisetty,C5,B,SOC101,EXAM_Q1_C5_SOC101,Quarterly Examination 2025 - C5 Social Studies,100,67,B2,PRESENT,Satisfactory progress
ADM2025047,Eshwar Katta,C5,B,MATH101,EXAM_Q1_C5_MATH101,Quarterly Examination 2025 - C5 Mathematics,100,62,B2,PRESENT,Satisfactory progress
ADM2025047,Eshwar Katta,C5,B,ENG101,EXAM_Q1_C5_ENG101,Quarterly Examination 2025 - C5 English Language,100,62,B2,PRESENT,Satisfactory progress
ADM2025047,Eshwar Katta,C5,B,TEL101,EXAM_Q1_C5_TEL101,Quarterly Examination 2025 - C5 Telugu Regional Language,100,73,B1,PRESENT,Satisfactory progress
ADM2025047,Eshwar Katta,C5,B,HIN101,EXAM_Q1_C5_HIN101,Quarterly Examination 2025 - C5 Hindi Second Language,100,66,B2,PRESENT,Satisfactory progress
ADM2025047,Eshwar Katta,C5,B,SCI101,EXAM_Q1_C5_SCI101,Quarterly Examination 2025 - C5 General Science,100,67,B2,PRESENT,Satisfactory progress
ADM2025047,Eshwar Katta,C5,B,SOC101,EXAM_Q1_C5_SOC101,Quarterly Examination 2025 - C5 Social Studies,100,70,B2,PRESENT,Satisfactory progress
ADM2025048,Madhuri Chilukuri,C5,B,MATH101,EXAM_Q1_C5_MATH101,Quarterly Examination 2025 - C5 Mathematics,100,57,C1,PRESENT,Satisfactory progress
ADM2025048,Madhuri Chilukuri,C5,B,ENG101,EXAM_Q1_C5_ENG101,Quarterly Examination 2025 - C5 English Language,100,59,C1,PRESENT,Satisfactory progress
ADM2025048,Madhuri Chilukuri,C5,B,TEL101,EXAM_Q1_C5_TEL101,Quarterly Examination 2025 - C5 Telugu Regional Language,100,62,B2,PRESENT,Satisfactory progress
ADM2025048,Madhuri Chilukuri,C5,B,HIN101,EXAM_Q1_C5_HIN101,Quarterly Examination 2025 - C5 Hindi Second Language,100,54,C1,PRESENT,Satisfactory progress
ADM2025048,Madhuri Chilukuri,C5,B,SCI101,EXAM_Q1_C5_SCI101,Quarterly Examination 2025 - C5 General Science,100,56,C1,PRESENT,Satisfactory progress
ADM2025048,Madhuri Chilukuri,C5,B,SOC101,EXAM_Q1_C5_SOC101,Quarterly Examination 2025 - C5 Social Studies,100,57,C1,PRESENT,Satisfactory progress
ADM2025049,Uday Medasani,C5,B,MATH101,EXAM_Q1_C5_MATH101,Quarterly Examination 2025 - C5 Mathematics,100,65,B2,PRESENT,Satisfactory progress
ADM2025049,Uday Medasani,C5,B,ENG101,EXAM_Q1_C5_ENG101,Quarterly Examination 2025 - C5 English Language,100,62,B2,PRESENT,Satisfactory progress
ADM2025049,Uday Medasani,C5,B,TEL101,EXAM_Q1_C5_TEL101,Quarterly Examination 2025 - C5 Telugu Regional Language,100,69,B2,PRESENT,Satisfactory progress
ADM2025049,Uday Medasani,C5,B,HIN101,EXAM_Q1_C5_HIN101,Quarterly Examination 2025 - C5 Hindi Second Language,100,61,B2,PRESENT,Satisfactory progress
ADM2025049,Uday Medasani,C5,B,SCI101,EXAM_Q1_C5_SCI101,Quarterly Examination 2025 - C5 General Science,100,66,B2,PRESENT,Satisfactory progress
ADM2025049,Uday Medasani,C5,B,SOC101,EXAM_Q1_C5_SOC101,Quarterly Examination 2025 - C5 Social Studies,100,66,B2,PRESENT,Satisfactory progress
ADM2025050,Sindhu Nimmagadda,C5,B,MATH101,EXAM_Q1_C5_MATH101,Quarterly Examination 2025 - C5 Mathematics,100,58,C1,PRESENT,Satisfactory progress
ADM2025050,Sindhu Nimmagadda,C5,B,ENG101,EXAM_Q1_C5_ENG101,Quarterly Examination 2025 - C5 English Language,100,59,C1,PRESENT,Satisfactory progress
ADM2025050,Sindhu Nimmagadda,C5,B,TEL101,EXAM_Q1_C5_TEL101,Quarterly Examination 2025 - C5 Telugu Regional Language,100,63,B2,PRESENT,Satisfactory progress
ADM2025050,Sindhu Nimmagadda,C5,B,HIN101,EXAM_Q1_C5_HIN101,Quarterly Examination 2025 - C5 Hindi Second Language,100,64,B2,PRESENT,Satisfactory progress
ADM2025050,Sindhu Nimmagadda,C5,B,SCI101,EXAM_Q1_C5_SCI101,Quarterly Examination 2025 - C5 General Science,100,58,C1,PRESENT,Satisfactory progress
ADM2025050,Sindhu Nimmagadda,C5,B,SOC101,EXAM_Q1_C5_SOC101,Quarterly Examination 2025 - C5 Social Studies,100,60,C1,PRESENT,Satisfactory progress
ADM2025051,Teja Rao,C5,B,MATH101,EXAM_Q1_C5_MATH101,Quarterly Examination 2025 - C5 Mathematics,100,64,B2,PRESENT,Satisfactory progress
ADM2025051,Teja Rao,C5,B,ENG101,EXAM_Q1_C5_ENG101,Quarterly Examination 2025 - C5 English Language,100,65,B2,PRESENT,Satisfactory progress
ADM2025051,Teja Rao,C5,B,TEL101,EXAM_Q1_C5_TEL101,Quarterly Examination 2025 - C5 Telugu Regional Language,100,68,B2,PRESENT,Satisfactory progress
ADM2025051,Teja Rao,C5,B,HIN101,EXAM_Q1_C5_HIN101,Quarterly Examination 2025 - C5 Hindi Second Language,100,62,B2,PRESENT,Satisfactory progress
ADM2025051,Teja Rao,C5,B,SCI101,EXAM_Q1_C5_SCI101,Quarterly Examination 2025 - C5 General Science,100,63,B2,PRESENT,Satisfactory progress
ADM2025051,Teja Rao,C5,B,SOC101,EXAM_Q1_C5_SOC101,Quarterly Examination 2025 - C5 Social Studies,100,67,B2,PRESENT,Satisfactory progress
ADM2025052,Sahithi Reddy,C5,B,MATH101,EXAM_Q1_C5_MATH101,Quarterly Examination 2025 - C5 Mathematics,100,59,C1,PRESENT,Satisfactory progress
ADM2025052,Sahithi Reddy,C5,B,ENG101,EXAM_Q1_C5_ENG101,Quarterly Examination 2025 - C5 English Language,100,56,C1,PRESENT,Satisfactory progress
ADM2025052,Sahithi Reddy,C5,B,TEL101,EXAM_Q1_C5_TEL101,Quarterly Examination 2025 - C5 Telugu Regional Language,100,63,B2,PRESENT,Satisfactory progress
ADM2025052,Sahithi Reddy,C5,B,HIN101,EXAM_Q1_C5_HIN101,Quarterly Examination 2025 - C5 Hindi Second Language,100,62,B2,PRESENT,Satisfactory progress
ADM2025052,Sahithi Reddy,C5,B,SCI101,EXAM_Q1_C5_SCI101,Quarterly Examination 2025 - C5 General Science,100,57,C1,PRESENT,Satisfactory progress
ADM2025052,Sahithi Reddy,C5,B,SOC101,EXAM_Q1_C5_SOC101,Quarterly Examination 2025 - C5 Social Studies,100,60,C1,PRESENT,Satisfactory progress
ADM2025053,Eshwar Sharma,C5,B,MATH101,EXAM_Q1_C5_MATH101,Quarterly Examination 2025 - C5 Mathematics,100,52,C1,PRESENT,Satisfactory progress
ADM2025053,Eshwar Sharma,C5,B,ENG101,EXAM_Q1_C5_ENG101,Quarterly Examination 2025 - C5 English Language,100,51,C1,PRESENT,Satisfactory progress
ADM2025053,Eshwar Sharma,C5,B,TEL101,EXAM_Q1_C5_TEL101,Quarterly Examination 2025 - C5 Telugu Regional Language,100,51,C1,PRESENT,Satisfactory progress
ADM2025053,Eshwar Sharma,C5,B,HIN101,EXAM_Q1_C5_HIN101,Quarterly Examination 2025 - C5 Hindi Second Language,100,47,C2,PRESENT,Needs remedial support
ADM2025053,Eshwar Sharma,C5,B,SCI101,EXAM_Q1_C5_SCI101,Quarterly Examination 2025 - C5 General Science,100,49,C2,PRESENT,Needs remedial support
ADM2025053,Eshwar Sharma,C5,B,SOC101,EXAM_Q1_C5_SOC101,Quarterly Examination 2025 - C5 Social Studies,100,50,C2,PRESENT,Satisfactory progress
ADM2025054,Sneha Goud,C5,B,MATH101,EXAM_Q1_C5_MATH101,Quarterly Examination 2025 - C5 Mathematics,100,50,C2,PRESENT,Satisfactory progress
ADM2025054,Sneha Goud,C5,B,ENG101,EXAM_Q1_C5_ENG101,Quarterly Examination 2025 - C5 English Language,100,52,C1,PRESENT,Satisfactory progress
ADM2025054,Sneha Goud,C5,B,TEL101,EXAM_Q1_C5_TEL101,Quarterly Examination 2025 - C5 Telugu Regional Language,100,51,C1,PRESENT,Satisfactory progress
ADM2025054,Sneha Goud,C5,B,HIN101,EXAM_Q1_C5_HIN101,Quarterly Examination 2025 - C5 Hindi Second Language,100,44,C2,PRESENT,Needs remedial support
ADM2025054,Sneha Goud,C5,B,SCI101,EXAM_Q1_C5_SCI101,Quarterly Examination 2025 - C5 General Science,100,50,C2,PRESENT,Satisfactory progress
ADM2025054,Sneha Goud,C5,B,SOC101,EXAM_Q1_C5_SOC101,Quarterly Examination 2025 - C5 Social Studies,100,48,C2,PRESENT,Needs remedial support
ADM2025055,Eshwar Chowdary,C5,B,MATH101,EXAM_Q1_C5_MATH101,Quarterly Examination 2025 - C5 Mathematics,100,53,C1,PRESENT,Satisfactory progress
ADM2025055,Eshwar Chowdary,C5,B,ENG101,EXAM_Q1_C5_ENG101,Quarterly Examination 2025 - C5 English Language,100,53,C1,PRESENT,Satisfactory progress
ADM2025055,Eshwar Chowdary,C5,B,TEL101,EXAM_Q1_C5_TEL101,Quarterly Examination 2025 - C5 Telugu Regional Language,100,62,B2,PRESENT,Satisfactory progress
ADM2025055,Eshwar Chowdary,C5,B,HIN101,EXAM_Q1_C5_HIN101,Quarterly Examination 2025 - C5 Hindi Second Language,100,59,C1,PRESENT,Satisfactory progress
ADM2025055,Eshwar Chowdary,C5,B,SCI101,EXAM_Q1_C5_SCI101,Quarterly Examination 2025 - C5 General Science,100,52,C1,PRESENT,Satisfactory progress
ADM2025055,Eshwar Chowdary,C5,B,SOC101,EXAM_Q1_C5_SOC101,Quarterly Examination 2025 - C5 Social Studies,100,55,C1,PRESENT,Satisfactory progress
ADM2025056,Meghana Varma,C5,B,MATH101,EXAM_Q1_C5_MATH101,Quarterly Examination 2025 - C5 Mathematics,100,51,C1,PRESENT,Satisfactory progress
ADM2025056,Meghana Varma,C5,B,ENG101,EXAM_Q1_C5_ENG101,Quarterly Examination 2025 - C5 English Language,100,49,C2,PRESENT,Needs remedial support
ADM2025056,Meghana Varma,C5,B,TEL101,EXAM_Q1_C5_TEL101,Quarterly Examination 2025 - C5 Telugu Regional Language,100,56,C1,PRESENT,Satisfactory progress
ADM2025056,Meghana Varma,C5,B,HIN101,EXAM_Q1_C5_HIN101,Quarterly Examination 2025 - C5 Hindi Second Language,100,52,C1,PRESENT,Satisfactory progress
ADM2025056,Meghana Varma,C5,B,SCI101,EXAM_Q1_C5_SCI101,Quarterly Examination 2025 - C5 General Science,100,46,C2,PRESENT,Needs remedial support
ADM2025056,Meghana Varma,C5,B,SOC101,EXAM_Q1_C5_SOC101,Quarterly Examination 2025 - C5 Social Studies,100,51,C1,PRESENT,Satisfactory progress
ADM2025057,Tarun Naidu,C5,B,MATH101,EXAM_Q1_C5_MATH101,Quarterly Examination 2025 - C5 Mathematics,100,50,C2,PRESENT,Satisfactory progress
ADM2025057,Tarun Naidu,C5,B,ENG101,EXAM_Q1_C5_ENG101,Quarterly Examination 2025 - C5 English Language,100,48,C2,PRESENT,Needs remedial support
ADM2025057,Tarun Naidu,C5,B,TEL101,EXAM_Q1_C5_TEL101,Quarterly Examination 2025 - C5 Telugu Regional Language,100,55,C1,PRESENT,Satisfactory progress
ADM2025057,Tarun Naidu,C5,B,HIN101,EXAM_Q1_C5_HIN101,Quarterly Examination 2025 - C5 Hindi Second Language,100,46,C2,PRESENT,Needs remedial support
ADM2025057,Tarun Naidu,C5,B,SCI101,EXAM_Q1_C5_SCI101,Quarterly Examination 2025 - C5 General Science,100,45,C2,PRESENT,Needs remedial support
ADM2025057,Tarun Naidu,C5,B,SOC101,EXAM_Q1_C5_SOC101,Quarterly Examination 2025 - C5 Social Studies,100,49,C2,PRESENT,Needs remedial support
ADM2025058,Ramya Gupta,C5,B,MATH101,EXAM_Q1_C5_MATH101,Quarterly Examination 2025 - C5 Mathematics,100,52,C1,PRESENT,Satisfactory progress
ADM2025058,Ramya Gupta,C5,B,ENG101,EXAM_Q1_C5_ENG101,Quarterly Examination 2025 - C5 English Language,100,51,C1,PRESENT,Satisfactory progress
ADM2025058,Ramya Gupta,C5,B,TEL101,EXAM_Q1_C5_TEL101,Quarterly Examination 2025 - C5 Telugu Regional Language,100,59,C1,PRESENT,Satisfactory progress
ADM2025058,Ramya Gupta,C5,B,HIN101,EXAM_Q1_C5_HIN101,Quarterly Examination 2025 - C5 Hindi Second Language,100,53,C1,PRESENT,Satisfactory progress
ADM2025058,Ramya Gupta,C5,B,SCI101,EXAM_Q1_C5_SCI101,Quarterly Examination 2025 - C5 General Science,100,54,C1,PRESENT,Satisfactory progress
ADM2025058,Ramya Gupta,C5,B,SOC101,EXAM_Q1_C5_SOC101,Quarterly Examination 2025 - C5 Social Studies,100,55,C1,PRESENT,Satisfactory progress
ADM2025059,Varun Murthy,C5,B,MATH101,EXAM_Q1_C5_MATH101,Quarterly Examination 2025 - C5 Mathematics,100,42,C2,PRESENT,Needs remedial support
ADM2025059,Varun Murthy,C5,B,ENG101,EXAM_Q1_C5_ENG101,Quarterly Examination 2025 - C5 English Language,100,43,C2,PRESENT,Needs remedial support
ADM2025059,Varun Murthy,C5,B,TEL101,EXAM_Q1_C5_TEL101,Quarterly Examination 2025 - C5 Telugu Regional Language,100,51,C1,PRESENT,Satisfactory progress
ADM2025059,Varun Murthy,C5,B,HIN101,EXAM_Q1_C5_HIN101,Quarterly Examination 2025 - C5 Hindi Second Language,100,46,C2,PRESENT,Needs remedial support
ADM2025059,Varun Murthy,C5,B,SCI101,EXAM_Q1_C5_SCI101,Quarterly Examination 2025 - C5 General Science,100,42,C2,PRESENT,Needs remedial support
ADM2025059,Varun Murthy,C5,B,SOC101,EXAM_Q1_C5_SOC101,Quarterly Examination 2025 - C5 Social Studies,100,48,C2,PRESENT,Needs remedial support
ADM2025060,Suhasini Sastry,C5,B,MATH101,EXAM_Q1_C5_MATH101,Quarterly Examination 2025 - C5 Mathematics,100,38,D,PRESENT,Needs remedial support
ADM2025060,Suhasini Sastry,C5,B,ENG101,EXAM_Q1_C5_ENG101,Quarterly Examination 2025 - C5 English Language,100,40,D,PRESENT,Needs remedial support
ADM2025060,Suhasini Sastry,C5,B,TEL101,EXAM_Q1_C5_TEL101,Quarterly Examination 2025 - C5 Telugu Regional Language,100,45,C2,PRESENT,Needs remedial support
ADM2025060,Suhasini Sastry,C5,B,HIN101,EXAM_Q1_C5_HIN101,Quarterly Examination 2025 - C5 Hindi Second Language,100,37,D,PRESENT,Needs remedial support
ADM2025060,Suhasini Sastry,C5,B,SCI101,EXAM_Q1_C5_SCI101,Quarterly Examination 2025 - C5 General Science,100,39,D,PRESENT,Needs remedial support
ADM2025060,Suhasini Sastry,C5,B,SOC101,EXAM_Q1_C5_SOC101,Quarterly Examination 2025 - C5 Social Studies,100,41,C2,PRESENT,Needs remedial support
ADM2025061,Vishnu Babu,C6,A,MATH101,EXAM_Q1_C6_MATH101,Quarterly Examination 2025 - C6 Mathematics,100,93,A1,PRESENT,Outstanding performance
ADM2025061,Vishnu Babu,C6,A,ENG101,EXAM_Q1_C6_ENG101,Quarterly Examination 2025 - C6 English Language,100,91,A1,PRESENT,Outstanding performance
ADM2025061,Vishnu Babu,C6,A,TEL101,EXAM_Q1_C6_TEL101,Quarterly Examination 2025 - C6 Telugu Regional Language,100,99,A1,PRESENT,Outstanding performance
ADM2025061,Vishnu Babu,C6,A,HIN101,EXAM_Q1_C6_HIN101,Quarterly Examination 2025 - C6 Hindi Second Language,100,96,A1,PRESENT,Outstanding performance
ADM2025061,Vishnu Babu,C6,A,SCI101,EXAM_Q1_C6_SCI101,Quarterly Examination 2025 - C6 General Science,100,97,A1,PRESENT,Outstanding performance
ADM2025061,Vishnu Babu,C6,A,SOC101,EXAM_Q1_C6_SOC101,Quarterly Examination 2025 - C6 Social Studies,100,98,A1,PRESENT,Outstanding performance
ADM2025062,Harshini Yadav,C6,A,MATH101,EXAM_Q1_C6_MATH101,Quarterly Examination 2025 - C6 Mathematics,100,84,A2,PRESENT,Good understanding
ADM2025062,Harshini Yadav,C6,A,ENG101,EXAM_Q1_C6_ENG101,Quarterly Examination 2025 - C6 English Language,100,85,A2,PRESENT,Good understanding
ADM2025062,Harshini Yadav,C6,A,TEL101,EXAM_Q1_C6_TEL101,Quarterly Examination 2025 - C6 Telugu Regional Language,100,92,A1,PRESENT,Outstanding performance
ADM2025062,Harshini Yadav,C6,A,HIN101,EXAM_Q1_C6_HIN101,Quarterly Examination 2025 - C6 Hindi Second Language,100,85,A2,PRESENT,Good understanding
ADM2025062,Harshini Yadav,C6,A,SCI101,EXAM_Q1_C6_SCI101,Quarterly Examination 2025 - C6 General Science,100,86,A2,PRESENT,Good understanding
ADM2025062,Harshini Yadav,C6,A,SOC101,EXAM_Q1_C6_SOC101,Quarterly Examination 2025 - C6 Social Studies,100,83,A2,PRESENT,Good understanding
ADM2025063,Aditya Patel,C6,A,MATH101,EXAM_Q1_C6_MATH101,Quarterly Examination 2025 - C6 Mathematics,100,87,A2,PRESENT,Good understanding
ADM2025063,Aditya Patel,C6,A,ENG101,EXAM_Q1_C6_ENG101,Quarterly Examination 2025 - C6 English Language,100,83,A2,PRESENT,Good understanding
ADM2025063,Aditya Patel,C6,A,TEL101,EXAM_Q1_C6_TEL101,Quarterly Examination 2025 - C6 Telugu Regional Language,100,90,A2,PRESENT,Outstanding performance
ADM2025063,Aditya Patel,C6,A,HIN101,EXAM_Q1_C6_HIN101,Quarterly Examination 2025 - C6 Hindi Second Language,100,86,A2,PRESENT,Good understanding
ADM2025063,Aditya Patel,C6,A,SCI101,EXAM_Q1_C6_SCI101,Quarterly Examination 2025 - C6 General Science,100,87,A2,PRESENT,Good understanding
ADM2025063,Aditya Patel,C6,A,SOC101,EXAM_Q1_C6_SOC101,Quarterly Examination 2025 - C6 Social Studies,100,88,A2,PRESENT,Good understanding
ADM2025064,Krithi Venkatesh,C6,A,MATH101,EXAM_Q1_C6_MATH101,Quarterly Examination 2025 - C6 Mathematics,100,85,A2,PRESENT,Good understanding
ADM2025064,Krithi Venkatesh,C6,A,ENG101,EXAM_Q1_C6_ENG101,Quarterly Examination 2025 - C6 English Language,100,87,A2,PRESENT,Good understanding
ADM2025064,Krithi Venkatesh,C6,A,TEL101,EXAM_Q1_C6_TEL101,Quarterly Examination 2025 - C6 Telugu Regional Language,100,94,A1,PRESENT,Outstanding performance
ADM2025064,Krithi Venkatesh,C6,A,HIN101,EXAM_Q1_C6_HIN101,Quarterly Examination 2025 - C6 Hindi Second Language,100,91,A1,PRESENT,Outstanding performance
ADM2025064,Krithi Venkatesh,C6,A,SCI101,EXAM_Q1_C6_SCI101,Quarterly Examination 2025 - C6 General Science,100,91,A1,PRESENT,Outstanding performance
ADM2025064,Krithi Venkatesh,C6,A,SOC101,EXAM_Q1_C6_SOC101,Quarterly Examination 2025 - C6 Social Studies,100,84,A2,PRESENT,Good understanding
ADM2025065,Koushik Vemula,C6,A,MATH101,EXAM_Q1_C6_MATH101,Quarterly Examination 2025 - C6 Mathematics,100,75,B1,PRESENT,Good understanding
ADM2025065,Koushik Vemula,C6,A,ENG101,EXAM_Q1_C6_ENG101,Quarterly Examination 2025 - C6 English Language,100,80,B1,PRESENT,Good understanding
ADM2025065,Koushik Vemula,C6,A,TEL101,EXAM_Q1_C6_TEL101,Quarterly Examination 2025 - C6 Telugu Regional Language,100,84,A2,PRESENT,Good understanding
ADM2025065,Koushik Vemula,C6,A,HIN101,EXAM_Q1_C6_HIN101,Quarterly Examination 2025 - C6 Hindi Second Language,100,78,B1,PRESENT,Good understanding
ADM2025065,Koushik Vemula,C6,A,SCI101,EXAM_Q1_C6_SCI101,Quarterly Examination 2025 - C6 General Science,100,74,B1,PRESENT,Satisfactory progress
ADM2025065,Koushik Vemula,C6,A,SOC101,EXAM_Q1_C6_SOC101,Quarterly Examination 2025 - C6 Social Studies,100,72,B1,PRESENT,Satisfactory progress
ADM2025066,Harini Bandi,C6,A,MATH101,EXAM_Q1_C6_MATH101,Quarterly Examination 2025 - C6 Mathematics,100,84,A2,PRESENT,Good understanding
ADM2025066,Harini Bandi,C6,A,ENG101,EXAM_Q1_C6_ENG101,Quarterly Examination 2025 - C6 English Language,100,82,A2,PRESENT,Good understanding
ADM2025066,Harini Bandi,C6,A,TEL101,EXAM_Q1_C6_TEL101,Quarterly Examination 2025 - C6 Telugu Regional Language,100,88,A2,PRESENT,Good understanding
ADM2025066,Harini Bandi,C6,A,HIN101,EXAM_Q1_C6_HIN101,Quarterly Examination 2025 - C6 Hindi Second Language,100,86,A2,PRESENT,Good understanding
ADM2025066,Harini Bandi,C6,A,SCI101,EXAM_Q1_C6_SCI101,Quarterly Examination 2025 - C6 General Science,100,77,B1,PRESENT,Good understanding
ADM2025066,Harini Bandi,C6,A,SOC101,EXAM_Q1_C6_SOC101,Quarterly Examination 2025 - C6 Social Studies,100,85,A2,PRESENT,Good understanding
ADM2025067,Siddharth Kandula,C6,A,MATH101,EXAM_Q1_C6_MATH101,Quarterly Examination 2025 - C6 Mathematics,100,73,B1,PRESENT,Satisfactory progress
ADM2025067,Siddharth Kandula,C6,A,ENG101,EXAM_Q1_C6_ENG101,Quarterly Examination 2025 - C6 English Language,100,73,B1,PRESENT,Satisfactory progress
ADM2025067,Siddharth Kandula,C6,A,TEL101,EXAM_Q1_C6_TEL101,Quarterly Examination 2025 - C6 Telugu Regional Language,100,80,B1,PRESENT,Good understanding
ADM2025067,Siddharth Kandula,C6,A,HIN101,EXAM_Q1_C6_HIN101,Quarterly Examination 2025 - C6 Hindi Second Language,100,77,B1,PRESENT,Good understanding
ADM2025067,Siddharth Kandula,C6,A,SCI101,EXAM_Q1_C6_SCI101,Quarterly Examination 2025 - C6 General Science,100,78,B1,PRESENT,Good understanding
ADM2025067,Siddharth Kandula,C6,A,SOC101,EXAM_Q1_C6_SOC101,Quarterly Examination 2025 - C6 Social Studies,100,73,B1,PRESENT,Satisfactory progress
ADM2025068,Krithi Gudepu,C6,A,MATH101,EXAM_Q1_C6_MATH101,Quarterly Examination 2025 - C6 Mathematics,100,73,B1,PRESENT,Satisfactory progress
ADM2025068,Krithi Gudepu,C6,A,ENG101,EXAM_Q1_C6_ENG101,Quarterly Examination 2025 - C6 English Language,100,73,B1,PRESENT,Satisfactory progress
ADM2025068,Krithi Gudepu,C6,A,TEL101,EXAM_Q1_C6_TEL101,Quarterly Examination 2025 - C6 Telugu Regional Language,100,73,B1,PRESENT,Satisfactory progress
ADM2025068,Krithi Gudepu,C6,A,HIN101,EXAM_Q1_C6_HIN101,Quarterly Examination 2025 - C6 Hindi Second Language,100,75,B1,PRESENT,Good understanding
ADM2025068,Krithi Gudepu,C6,A,SCI101,EXAM_Q1_C6_SCI101,Quarterly Examination 2025 - C6 General Science,100,67,B2,PRESENT,Satisfactory progress
ADM2025068,Krithi Gudepu,C6,A,SOC101,EXAM_Q1_C6_SOC101,Quarterly Examination 2025 - C6 Social Studies,100,71,B1,PRESENT,Satisfactory progress
ADM2025069,Teja Singireddy,C6,A,MATH101,EXAM_Q1_C6_MATH101,Quarterly Examination 2025 - C6 Mathematics,100,68,B2,PRESENT,Satisfactory progress
ADM2025069,Teja Singireddy,C6,A,ENG101,EXAM_Q1_C6_ENG101,Quarterly Examination 2025 - C6 English Language,100,68,B2,PRESENT,Satisfactory progress
ADM2025069,Teja Singireddy,C6,A,TEL101,EXAM_Q1_C6_TEL101,Quarterly Examination 2025 - C6 Telugu Regional Language,100,79,B1,PRESENT,Good understanding
ADM2025069,Teja Singireddy,C6,A,HIN101,EXAM_Q1_C6_HIN101,Quarterly Examination 2025 - C6 Hindi Second Language,100,76,B1,PRESENT,Good understanding
ADM2025069,Teja Singireddy,C6,A,SCI101,EXAM_Q1_C6_SCI101,Quarterly Examination 2025 - C6 General Science,100,73,B1,PRESENT,Satisfactory progress
ADM2025069,Teja Singireddy,C6,A,SOC101,EXAM_Q1_C6_SOC101,Quarterly Examination 2025 - C6 Social Studies,100,69,B2,PRESENT,Satisfactory progress
ADM2025070,Navya Pothula,C6,A,MATH101,EXAM_Q1_C6_MATH101,Quarterly Examination 2025 - C6 Mathematics,100,70,B2,PRESENT,Satisfactory progress
ADM2025070,Navya Pothula,C6,A,ENG101,EXAM_Q1_C6_ENG101,Quarterly Examination 2025 - C6 English Language,100,74,B1,PRESENT,Satisfactory progress
ADM2025070,Navya Pothula,C6,A,TEL101,EXAM_Q1_C6_TEL101,Quarterly Examination 2025 - C6 Telugu Regional Language,100,79,B1,PRESENT,Good understanding
ADM2025070,Navya Pothula,C6,A,HIN101,EXAM_Q1_C6_HIN101,Quarterly Examination 2025 - C6 Hindi Second Language,100,73,B1,PRESENT,Satisfactory progress
ADM2025070,Navya Pothula,C6,A,SCI101,EXAM_Q1_C6_SCI101,Quarterly Examination 2025 - C6 General Science,100,70,B2,PRESENT,Satisfactory progress
ADM2025070,Navya Pothula,C6,A,SOC101,EXAM_Q1_C6_SOC101,Quarterly Examination 2025 - C6 Social Studies,100,77,B1,PRESENT,Good understanding
ADM2025071,Sai Kondapalli,C6,A,MATH101,EXAM_Q1_C6_MATH101,Quarterly Examination 2025 - C6 Mathematics,100,66,B2,PRESENT,Satisfactory progress
ADM2025071,Sai Kondapalli,C6,A,ENG101,EXAM_Q1_C6_ENG101,Quarterly Examination 2025 - C6 English Language,100,69,B2,PRESENT,Satisfactory progress
ADM2025071,Sai Kondapalli,C6,A,TEL101,EXAM_Q1_C6_TEL101,Quarterly Examination 2025 - C6 Telugu Regional Language,100,70,B2,PRESENT,Satisfactory progress
ADM2025071,Sai Kondapalli,C6,A,HIN101,EXAM_Q1_C6_HIN101,Quarterly Examination 2025 - C6 Hindi Second Language,100,69,B2,PRESENT,Satisfactory progress
ADM2025071,Sai Kondapalli,C6,A,SCI101,EXAM_Q1_C6_SCI101,Quarterly Examination 2025 - C6 General Science,100,68,B2,PRESENT,Satisfactory progress
ADM2025071,Sai Kondapalli,C6,A,SOC101,EXAM_Q1_C6_SOC101,Quarterly Examination 2025 - C6 Social Studies,100,73,B1,PRESENT,Satisfactory progress
ADM2025072,Jahnavi Malkapuram,C6,A,MATH101,EXAM_Q1_C6_MATH101,Quarterly Examination 2025 - C6 Mathematics,100,71,B1,PRESENT,Satisfactory progress
ADM2025072,Jahnavi Malkapuram,C6,A,ENG101,EXAM_Q1_C6_ENG101,Quarterly Examination 2025 - C6 English Language,100,70,B2,PRESENT,Satisfactory progress
ADM2025072,Jahnavi Malkapuram,C6,A,TEL101,EXAM_Q1_C6_TEL101,Quarterly Examination 2025 - C6 Telugu Regional Language,100,71,B1,PRESENT,Satisfactory progress
ADM2025072,Jahnavi Malkapuram,C6,A,HIN101,EXAM_Q1_C6_HIN101,Quarterly Examination 2025 - C6 Hindi Second Language,100,69,B2,PRESENT,Satisfactory progress
ADM2025072,Jahnavi Malkapuram,C6,A,SCI101,EXAM_Q1_C6_SCI101,Quarterly Examination 2025 - C6 General Science,100,69,B2,PRESENT,Satisfactory progress
ADM2025072,Jahnavi Malkapuram,C6,A,SOC101,EXAM_Q1_C6_SOC101,Quarterly Examination 2025 - C6 Social Studies,100,71,B1,PRESENT,Satisfactory progress
ADM2025073,Kalyan Chintala,C6,A,MATH101,EXAM_Q1_C6_MATH101,Quarterly Examination 2025 - C6 Mathematics,100,63,B2,PRESENT,Satisfactory progress
ADM2025073,Kalyan Chintala,C6,A,ENG101,EXAM_Q1_C6_ENG101,Quarterly Examination 2025 - C6 English Language,100,64,B2,PRESENT,Satisfactory progress
ADM2025073,Kalyan Chintala,C6,A,TEL101,EXAM_Q1_C6_TEL101,Quarterly Examination 2025 - C6 Telugu Regional Language,100,71,B1,PRESENT,Satisfactory progress
ADM2025073,Kalyan Chintala,C6,A,HIN101,EXAM_Q1_C6_HIN101,Quarterly Examination 2025 - C6 Hindi Second Language,100,62,B2,PRESENT,Satisfactory progress
ADM2025073,Kalyan Chintala,C6,A,SCI101,EXAM_Q1_C6_SCI101,Quarterly Examination 2025 - C6 General Science,100,65,B2,PRESENT,Satisfactory progress
ADM2025073,Kalyan Chintala,C6,A,SOC101,EXAM_Q1_C6_SOC101,Quarterly Examination 2025 - C6 Social Studies,100,65,B2,PRESENT,Satisfactory progress
ADM2025074,Ramya Gaddam,C6,A,MATH101,EXAM_Q1_C6_MATH101,Quarterly Examination 2025 - C6 Mathematics,100,66,B2,PRESENT,Satisfactory progress
ADM2025074,Ramya Gaddam,C6,A,ENG101,EXAM_Q1_C6_ENG101,Quarterly Examination 2025 - C6 English Language,100,68,B2,PRESENT,Satisfactory progress
ADM2025074,Ramya Gaddam,C6,A,TEL101,EXAM_Q1_C6_TEL101,Quarterly Examination 2025 - C6 Telugu Regional Language,100,72,B1,PRESENT,Satisfactory progress
ADM2025074,Ramya Gaddam,C6,A,HIN101,EXAM_Q1_C6_HIN101,Quarterly Examination 2025 - C6 Hindi Second Language,100,68,B2,PRESENT,Satisfactory progress
ADM2025074,Ramya Gaddam,C6,A,SCI101,EXAM_Q1_C6_SCI101,Quarterly Examination 2025 - C6 General Science,100,67,B2,PRESENT,Satisfactory progress
ADM2025074,Ramya Gaddam,C6,A,SOC101,EXAM_Q1_C6_SOC101,Quarterly Examination 2025 - C6 Social Studies,100,69,B2,PRESENT,Satisfactory progress
ADM2025075,Karthik Boddu,C6,A,MATH101,EXAM_Q1_C6_MATH101,Quarterly Examination 2025 - C6 Mathematics,100,70,B2,PRESENT,Satisfactory progress
ADM2025075,Karthik Boddu,C6,A,ENG101,EXAM_Q1_C6_ENG101,Quarterly Examination 2025 - C6 English Language,100,70,B2,PRESENT,Satisfactory progress
ADM2025075,Karthik Boddu,C6,A,TEL101,EXAM_Q1_C6_TEL101,Quarterly Examination 2025 - C6 Telugu Regional Language,100,71,B1,PRESENT,Satisfactory progress
ADM2025075,Karthik Boddu,C6,A,HIN101,EXAM_Q1_C6_HIN101,Quarterly Examination 2025 - C6 Hindi Second Language,100,68,B2,PRESENT,Satisfactory progress
ADM2025075,Karthik Boddu,C6,A,SCI101,EXAM_Q1_C6_SCI101,Quarterly Examination 2025 - C6 General Science,100,69,B2,PRESENT,Satisfactory progress
ADM2025075,Karthik Boddu,C6,A,SOC101,EXAM_Q1_C6_SOC101,Quarterly Examination 2025 - C6 Social Studies,100,71,B1,PRESENT,Satisfactory progress
ADM2025076,Ruchitha Maddela,C6,A,MATH101,EXAM_Q1_C6_MATH101,Quarterly Examination 2025 - C6 Mathematics,100,56,C1,PRESENT,Satisfactory progress
ADM2025076,Ruchitha Maddela,C6,A,ENG101,EXAM_Q1_C6_ENG101,Quarterly Examination 2025 - C6 English Language,100,62,B2,PRESENT,Satisfactory progress
ADM2025076,Ruchitha Maddela,C6,A,TEL101,EXAM_Q1_C6_TEL101,Quarterly Examination 2025 - C6 Telugu Regional Language,100,61,B2,PRESENT,Satisfactory progress
ADM2025076,Ruchitha Maddela,C6,A,HIN101,EXAM_Q1_C6_HIN101,Quarterly Examination 2025 - C6 Hindi Second Language,100,56,C1,PRESENT,Satisfactory progress
ADM2025076,Ruchitha Maddela,C6,A,SCI101,EXAM_Q1_C6_SCI101,Quarterly Examination 2025 - C6 General Science,100,59,C1,PRESENT,Satisfactory progress
ADM2025076,Ruchitha Maddela,C6,A,SOC101,EXAM_Q1_C6_SOC101,Quarterly Examination 2025 - C6 Social Studies,100,64,B2,PRESENT,Satisfactory progress
ADM2025077,Srikanth Komati,C6,A,MATH101,EXAM_Q1_C6_MATH101,Quarterly Examination 2025 - C6 Mathematics,100,66,B2,PRESENT,Satisfactory progress
ADM2025077,Srikanth Komati,C6,A,ENG101,EXAM_Q1_C6_ENG101,Quarterly Examination 2025 - C6 English Language,100,67,B2,PRESENT,Satisfactory progress
ADM2025077,Srikanth Komati,C6,A,TEL101,EXAM_Q1_C6_TEL101,Quarterly Examination 2025 - C6 Telugu Regional Language,100,66,B2,PRESENT,Satisfactory progress
ADM2025077,Srikanth Komati,C6,A,HIN101,EXAM_Q1_C6_HIN101,Quarterly Examination 2025 - C6 Hindi Second Language,100,67,B2,PRESENT,Satisfactory progress
ADM2025077,Srikanth Komati,C6,A,SCI101,EXAM_Q1_C6_SCI101,Quarterly Examination 2025 - C6 General Science,100,63,B2,PRESENT,Satisfactory progress
ADM2025077,Srikanth Komati,C6,A,SOC101,EXAM_Q1_C6_SOC101,Quarterly Examination 2025 - C6 Social Studies,100,67,B2,PRESENT,Satisfactory progress
ADM2025078,Manasa Narra,C6,A,MATH101,EXAM_Q1_C6_MATH101,Quarterly Examination 2025 - C6 Mathematics,100,63,B2,PRESENT,Satisfactory progress
ADM2025078,Manasa Narra,C6,A,ENG101,EXAM_Q1_C6_ENG101,Quarterly Examination 2025 - C6 English Language,100,62,B2,PRESENT,Satisfactory progress
ADM2025078,Manasa Narra,C6,A,TEL101,EXAM_Q1_C6_TEL101,Quarterly Examination 2025 - C6 Telugu Regional Language,100,74,B1,PRESENT,Satisfactory progress
ADM2025078,Manasa Narra,C6,A,HIN101,EXAM_Q1_C6_HIN101,Quarterly Examination 2025 - C6 Hindi Second Language,100,63,B2,PRESENT,Satisfactory progress
ADM2025078,Manasa Narra,C6,A,SCI101,EXAM_Q1_C6_SCI101,Quarterly Examination 2025 - C6 General Science,100,69,B2,PRESENT,Satisfactory progress
ADM2025078,Manasa Narra,C6,A,SOC101,EXAM_Q1_C6_SOC101,Quarterly Examination 2025 - C6 Social Studies,100,69,B2,PRESENT,Satisfactory progress
ADM2025079,Deepak Thota,C6,A,MATH101,EXAM_Q1_C6_MATH101,Quarterly Examination 2025 - C6 Mathematics,100,66,B2,PRESENT,Satisfactory progress
ADM2025079,Deepak Thota,C6,A,ENG101,EXAM_Q1_C6_ENG101,Quarterly Examination 2025 - C6 English Language,100,68,B2,PRESENT,Satisfactory progress
ADM2025079,Deepak Thota,C6,A,TEL101,EXAM_Q1_C6_TEL101,Quarterly Examination 2025 - C6 Telugu Regional Language,100,71,B1,PRESENT,Satisfactory progress
ADM2025079,Deepak Thota,C6,A,HIN101,EXAM_Q1_C6_HIN101,Quarterly Examination 2025 - C6 Hindi Second Language,100,63,B2,PRESENT,Satisfactory progress
ADM2025079,Deepak Thota,C6,A,SCI101,EXAM_Q1_C6_SCI101,Quarterly Examination 2025 - C6 General Science,100,66,B2,PRESENT,Satisfactory progress
ADM2025079,Deepak Thota,C6,A,SOC101,EXAM_Q1_C6_SOC101,Quarterly Examination 2025 - C6 Social Studies,100,60,C1,PRESENT,Satisfactory progress
ADM2025080,Pravallika Avula,C6,A,MATH101,EXAM_Q1_C6_MATH101,Quarterly Examination 2025 - C6 Mathematics,100,58,C1,PRESENT,Satisfactory progress
ADM2025080,Pravallika Avula,C6,A,ENG101,EXAM_Q1_C6_ENG101,Quarterly Examination 2025 - C6 English Language,100,62,B2,PRESENT,Satisfactory progress
ADM2025080,Pravallika Avula,C6,A,TEL101,EXAM_Q1_C6_TEL101,Quarterly Examination 2025 - C6 Telugu Regional Language,100,66,B2,PRESENT,Satisfactory progress
ADM2025080,Pravallika Avula,C6,A,HIN101,EXAM_Q1_C6_HIN101,Quarterly Examination 2025 - C6 Hindi Second Language,100,61,B2,PRESENT,Satisfactory progress
ADM2025080,Pravallika Avula,C6,A,SCI101,EXAM_Q1_C6_SCI101,Quarterly Examination 2025 - C6 General Science,100,62,B2,PRESENT,Satisfactory progress
ADM2025080,Pravallika Avula,C6,A,SOC101,EXAM_Q1_C6_SOC101,Quarterly Examination 2025 - C6 Social Studies,100,64,B2,PRESENT,Satisfactory progress
ADM2025081,Vinay Siripuram,C6,A,MATH101,EXAM_Q1_C6_MATH101,Quarterly Examination 2025 - C6 Mathematics,100,48,C2,PRESENT,Needs remedial support
ADM2025081,Vinay Siripuram,C6,A,ENG101,EXAM_Q1_C6_ENG101,Quarterly Examination 2025 - C6 English Language,100,48,C2,PRESENT,Needs remedial support
ADM2025081,Vinay Siripuram,C6,A,TEL101,EXAM_Q1_C6_TEL101,Quarterly Examination 2025 - C6 Telugu Regional Language,100,60,C1,PRESENT,Satisfactory progress
ADM2025081,Vinay Siripuram,C6,A,HIN101,EXAM_Q1_C6_HIN101,Quarterly Examination 2025 - C6 Hindi Second Language,100,53,C1,PRESENT,Satisfactory progress
ADM2025081,Vinay Siripuram,C6,A,SCI101,EXAM_Q1_C6_SCI101,Quarterly Examination 2025 - C6 General Science,100,55,C1,PRESENT,Satisfactory progress
ADM2025081,Vinay Siripuram,C6,A,SOC101,EXAM_Q1_C6_SOC101,Quarterly Examination 2025 - C6 Social Studies,100,50,C2,PRESENT,Satisfactory progress
ADM2025082,Swathi Yerra,C6,A,MATH101,EXAM_Q1_C6_MATH101,Quarterly Examination 2025 - C6 Mathematics,100,51,C1,PRESENT,Satisfactory progress
ADM2025082,Swathi Yerra,C6,A,ENG101,EXAM_Q1_C6_ENG101,Quarterly Examination 2025 - C6 English Language,100,54,C1,PRESENT,Satisfactory progress
ADM2025082,Swathi Yerra,C6,A,TEL101,EXAM_Q1_C6_TEL101,Quarterly Examination 2025 - C6 Telugu Regional Language,100,53,C1,PRESENT,Satisfactory progress
ADM2025082,Swathi Yerra,C6,A,HIN101,EXAM_Q1_C6_HIN101,Quarterly Examination 2025 - C6 Hindi Second Language,100,50,C2,PRESENT,Satisfactory progress
ADM2025082,Swathi Yerra,C6,A,SCI101,EXAM_Q1_C6_SCI101,Quarterly Examination 2025 - C6 General Science,100,46,C2,PRESENT,Needs remedial support
ADM2025082,Swathi Yerra,C6,A,SOC101,EXAM_Q1_C6_SOC101,Quarterly Examination 2025 - C6 Social Studies,100,54,C1,PRESENT,Satisfactory progress
ADM2025083,Dhanush Goli,C6,A,MATH101,EXAM_Q1_C6_MATH101,Quarterly Examination 2025 - C6 Mathematics,100,50,C2,PRESENT,Satisfactory progress
ADM2025083,Dhanush Goli,C6,A,ENG101,EXAM_Q1_C6_ENG101,Quarterly Examination 2025 - C6 English Language,100,49,C2,PRESENT,Needs remedial support
ADM2025083,Dhanush Goli,C6,A,TEL101,EXAM_Q1_C6_TEL101,Quarterly Examination 2025 - C6 Telugu Regional Language,100,60,C1,PRESENT,Satisfactory progress
ADM2025083,Dhanush Goli,C6,A,HIN101,EXAM_Q1_C6_HIN101,Quarterly Examination 2025 - C6 Hindi Second Language,100,49,C2,PRESENT,Needs remedial support
ADM2025083,Dhanush Goli,C6,A,SCI101,EXAM_Q1_C6_SCI101,Quarterly Examination 2025 - C6 General Science,100,51,C1,PRESENT,Satisfactory progress
ADM2025083,Dhanush Goli,C6,A,SOC101,EXAM_Q1_C6_SOC101,Quarterly Examination 2025 - C6 Social Studies,100,54,C1,PRESENT,Satisfactory progress
ADM2025084,Deepika Sunkari,C6,A,MATH101,EXAM_Q1_C6_MATH101,Quarterly Examination 2025 - C6 Mathematics,100,59,C1,PRESENT,Satisfactory progress
ADM2025084,Deepika Sunkari,C6,A,ENG101,EXAM_Q1_C6_ENG101,Quarterly Examination 2025 - C6 English Language,100,56,C1,PRESENT,Satisfactory progress
ADM2025084,Deepika Sunkari,C6,A,TEL101,EXAM_Q1_C6_TEL101,Quarterly Examination 2025 - C6 Telugu Regional Language,100,63,B2,PRESENT,Satisfactory progress
ADM2025084,Deepika Sunkari,C6,A,HIN101,EXAM_Q1_C6_HIN101,Quarterly Examination 2025 - C6 Hindi Second Language,100,54,C1,PRESENT,Satisfactory progress
ADM2025084,Deepika Sunkari,C6,A,SCI101,EXAM_Q1_C6_SCI101,Quarterly Examination 2025 - C6 General Science,100,55,C1,PRESENT,Satisfactory progress
ADM2025084,Deepika Sunkari,C6,A,SOC101,EXAM_Q1_C6_SOC101,Quarterly Examination 2025 - C6 Social Studies,100,53,C1,PRESENT,Satisfactory progress
ADM2025085,Varun Mothukuri,C6,A,MATH101,EXAM_Q1_C6_MATH101,Quarterly Examination 2025 - C6 Mathematics,100,49,C2,PRESENT,Needs remedial support
ADM2025085,Varun Mothukuri,C6,A,ENG101,EXAM_Q1_C6_ENG101,Quarterly Examination 2025 - C6 English Language,100,56,C1,PRESENT,Satisfactory progress
ADM2025085,Varun Mothukuri,C6,A,TEL101,EXAM_Q1_C6_TEL101,Quarterly Examination 2025 - C6 Telugu Regional Language,100,52,C1,PRESENT,Satisfactory progress
ADM2025085,Varun Mothukuri,C6,A,HIN101,EXAM_Q1_C6_HIN101,Quarterly Examination 2025 - C6 Hindi Second Language,100,51,C1,PRESENT,Satisfactory progress
ADM2025085,Varun Mothukuri,C6,A,SCI101,EXAM_Q1_C6_SCI101,Quarterly Examination 2025 - C6 General Science,100,50,C2,PRESENT,Satisfactory progress
ADM2025085,Varun Mothukuri,C6,A,SOC101,EXAM_Q1_C6_SOC101,Quarterly Examination 2025 - C6 Social Studies,100,56,C1,PRESENT,Satisfactory progress
ADM2025086,Sahithi Dasari,C6,A,MATH101,EXAM_Q1_C6_MATH101,Quarterly Examination 2025 - C6 Mathematics,100,50,C2,PRESENT,Satisfactory progress
ADM2025086,Sahithi Dasari,C6,A,ENG101,EXAM_Q1_C6_ENG101,Quarterly Examination 2025 - C6 English Language,100,57,C1,PRESENT,Satisfactory progress
ADM2025086,Sahithi Dasari,C6,A,TEL101,EXAM_Q1_C6_TEL101,Quarterly Examination 2025 - C6 Telugu Regional Language,100,60,C1,PRESENT,Satisfactory progress
ADM2025086,Sahithi Dasari,C6,A,HIN101,EXAM_Q1_C6_HIN101,Quarterly Examination 2025 - C6 Hindi Second Language,100,60,C1,PRESENT,Satisfactory progress
ADM2025086,Sahithi Dasari,C6,A,SCI101,EXAM_Q1_C6_SCI101,Quarterly Examination 2025 - C6 General Science,100,53,C1,PRESENT,Satisfactory progress
ADM2025086,Sahithi Dasari,C6,A,SOC101,EXAM_Q1_C6_SOC101,Quarterly Examination 2025 - C6 Social Studies,100,55,C1,PRESENT,Satisfactory progress
ADM2025087,Praneeth Challa,C6,A,MATH101,EXAM_Q1_C6_MATH101,Quarterly Examination 2025 - C6 Mathematics,100,39,D,PRESENT,Needs remedial support
ADM2025087,Praneeth Challa,C6,A,ENG101,EXAM_Q1_C6_ENG101,Quarterly Examination 2025 - C6 English Language,100,48,C2,PRESENT,Needs remedial support
ADM2025087,Praneeth Challa,C6,A,TEL101,EXAM_Q1_C6_TEL101,Quarterly Examination 2025 - C6 Telugu Regional Language,100,48,C2,PRESENT,Needs remedial support
ADM2025087,Praneeth Challa,C6,A,HIN101,EXAM_Q1_C6_HIN101,Quarterly Examination 2025 - C6 Hindi Second Language,100,46,C2,PRESENT,Needs remedial support
ADM2025087,Praneeth Challa,C6,A,SCI101,EXAM_Q1_C6_SCI101,Quarterly Examination 2025 - C6 General Science,100,45,C2,PRESENT,Needs remedial support
ADM2025087,Praneeth Challa,C6,A,SOC101,EXAM_Q1_C6_SOC101,Quarterly Examination 2025 - C6 Social Studies,100,46,C2,PRESENT,Needs remedial support
ADM2025088,Sahithi Boya,C6,A,MATH101,EXAM_Q1_C6_MATH101,Quarterly Examination 2025 - C6 Mathematics,100,41,C2,PRESENT,Needs remedial support
ADM2025088,Sahithi Boya,C6,A,ENG101,EXAM_Q1_C6_ENG101,Quarterly Examination 2025 - C6 English Language,100,38,D,PRESENT,Needs remedial support
ADM2025088,Sahithi Boya,C6,A,TEL101,EXAM_Q1_C6_TEL101,Quarterly Examination 2025 - C6 Telugu Regional Language,100,41,C2,PRESENT,Needs remedial support
ADM2025088,Sahithi Boya,C6,A,HIN101,EXAM_Q1_C6_HIN101,Quarterly Examination 2025 - C6 Hindi Second Language,100,41,C2,PRESENT,Needs remedial support
ADM2025088,Sahithi Boya,C6,A,SCI101,EXAM_Q1_C6_SCI101,Quarterly Examination 2025 - C6 General Science,100,36,D,PRESENT,Needs remedial support
ADM2025088,Sahithi Boya,C6,A,SOC101,EXAM_Q1_C6_SOC101,Quarterly Examination 2025 - C6 Social Studies,100,43,C2,PRESENT,Needs remedial support
ADM2025089,Sarath Kammari,C6,A,MATH101,EXAM_Q1_C6_MATH101,Quarterly Examination 2025 - C6 Mathematics,100,37,D,PRESENT,Needs remedial support
ADM2025089,Sarath Kammari,C6,A,ENG101,EXAM_Q1_C6_ENG101,Quarterly Examination 2025 - C6 English Language,100,45,C2,PRESENT,Needs remedial support
ADM2025089,Sarath Kammari,C6,A,TEL101,EXAM_Q1_C6_TEL101,Quarterly Examination 2025 - C6 Telugu Regional Language,100,44,C2,PRESENT,Needs remedial support
ADM2025089,Sarath Kammari,C6,A,HIN101,EXAM_Q1_C6_HIN101,Quarterly Examination 2025 - C6 Hindi Second Language,100,39,D,PRESENT,Needs remedial support
ADM2025089,Sarath Kammari,C6,A,SCI101,EXAM_Q1_C6_SCI101,Quarterly Examination 2025 - C6 General Science,100,45,C2,PRESENT,Needs remedial support
ADM2025089,Sarath Kammari,C6,A,SOC101,EXAM_Q1_C6_SOC101,Quarterly Examination 2025 - C6 Social Studies,100,37,D,PRESENT,Needs remedial support
ADM2025090,Yamini Vangala,C6,A,MATH101,EXAM_Q1_C6_MATH101,Quarterly Examination 2025 - C6 Mathematics,100,44,C2,PRESENT,Needs remedial support
ADM2025090,Yamini Vangala,C6,A,ENG101,EXAM_Q1_C6_ENG101,Quarterly Examination 2025 - C6 English Language,100,46,C2,PRESENT,Needs remedial support
ADM2025090,Yamini Vangala,C6,A,TEL101,EXAM_Q1_C6_TEL101,Quarterly Examination 2025 - C6 Telugu Regional Language,100,51,C1,PRESENT,Satisfactory progress
ADM2025090,Yamini Vangala,C6,A,HIN101,EXAM_Q1_C6_HIN101,Quarterly Examination 2025 - C6 Hindi Second Language,100,47,C2,PRESENT,Needs remedial support
ADM2025090,Yamini Vangala,C6,A,SCI101,EXAM_Q1_C6_SCI101,Quarterly Examination 2025 - C6 General Science,100,50,C2,PRESENT,Satisfactory progress
ADM2025090,Yamini Vangala,C6,A,SOC101,EXAM_Q1_C6_SOC101,Quarterly Examination 2025 - C6 Social Studies,100,45,C2,PRESENT,Needs remedial support
ADM2025091,Aarav Nallam,C6,B,MATH101,EXAM_Q1_C6_MATH101,Quarterly Examination 2025 - C6 Mathematics,100,82,A2,PRESENT,Good understanding
ADM2025091,Aarav Nallam,C6,B,ENG101,EXAM_Q1_C6_ENG101,Quarterly Examination 2025 - C6 English Language,100,79,B1,PRESENT,Good understanding
ADM2025091,Aarav Nallam,C6,B,TEL101,EXAM_Q1_C6_TEL101,Quarterly Examination 2025 - C6 Telugu Regional Language,100,84,A2,PRESENT,Good understanding
ADM2025091,Aarav Nallam,C6,B,HIN101,EXAM_Q1_C6_HIN101,Quarterly Examination 2025 - C6 Hindi Second Language,100,78,B1,PRESENT,Good understanding
ADM2025091,Aarav Nallam,C6,B,SCI101,EXAM_Q1_C6_SCI101,Quarterly Examination 2025 - C6 General Science,100,76,B1,PRESENT,Good understanding
ADM2025091,Aarav Nallam,C6,B,SOC101,EXAM_Q1_C6_SOC101,Quarterly Examination 2025 - C6 Social Studies,100,83,A2,PRESENT,Good understanding
ADM2025092,Sneha Katakam,C6,B,MATH101,EXAM_Q1_C6_MATH101,Quarterly Examination 2025 - C6 Mathematics,100,87,A2,PRESENT,Good understanding
ADM2025092,Sneha Katakam,C6,B,ENG101,EXAM_Q1_C6_ENG101,Quarterly Examination 2025 - C6 English Language,100,87,A2,PRESENT,Good understanding
ADM2025092,Sneha Katakam,C6,B,TEL101,EXAM_Q1_C6_TEL101,Quarterly Examination 2025 - C6 Telugu Regional Language,100,93,A1,PRESENT,Outstanding performance
ADM2025092,Sneha Katakam,C6,B,HIN101,EXAM_Q1_C6_HIN101,Quarterly Examination 2025 - C6 Hindi Second Language,100,87,A2,PRESENT,Good understanding
ADM2025092,Sneha Katakam,C6,B,SCI101,EXAM_Q1_C6_SCI101,Quarterly Examination 2025 - C6 General Science,100,82,A2,PRESENT,Good understanding
ADM2025092,Sneha Katakam,C6,B,SOC101,EXAM_Q1_C6_SOC101,Quarterly Examination 2025 - C6 Social Studies,100,87,A2,PRESENT,Good understanding
ADM2025093,Varun Gampa,C6,B,MATH101,EXAM_Q1_C6_MATH101,Quarterly Examination 2025 - C6 Mathematics,100,85,A2,PRESENT,Good understanding
ADM2025093,Varun Gampa,C6,B,ENG101,EXAM_Q1_C6_ENG101,Quarterly Examination 2025 - C6 English Language,100,94,A1,PRESENT,Outstanding performance
ADM2025093,Varun Gampa,C6,B,TEL101,EXAM_Q1_C6_TEL101,Quarterly Examination 2025 - C6 Telugu Regional Language,100,99,A1,PRESENT,Outstanding performance
ADM2025093,Varun Gampa,C6,B,HIN101,EXAM_Q1_C6_HIN101,Quarterly Examination 2025 - C6 Hindi Second Language,100,91,A1,PRESENT,Outstanding performance
ADM2025093,Varun Gampa,C6,B,SCI101,EXAM_Q1_C6_SCI101,Quarterly Examination 2025 - C6 General Science,100,90,A2,PRESENT,Outstanding performance
ADM2025093,Varun Gampa,C6,B,SOC101,EXAM_Q1_C6_SOC101,Quarterly Examination 2025 - C6 Social Studies,100,95,A1,PRESENT,Outstanding performance
ADM2025094,Radhika Peddinti,C6,B,MATH101,EXAM_Q1_C6_MATH101,Quarterly Examination 2025 - C6 Mathematics,100,75,B1,PRESENT,Good understanding
ADM2025094,Radhika Peddinti,C6,B,ENG101,EXAM_Q1_C6_ENG101,Quarterly Examination 2025 - C6 English Language,100,76,B1,PRESENT,Good understanding
ADM2025094,Radhika Peddinti,C6,B,TEL101,EXAM_Q1_C6_TEL101,Quarterly Examination 2025 - C6 Telugu Regional Language,100,83,A2,PRESENT,Good understanding
ADM2025094,Radhika Peddinti,C6,B,HIN101,EXAM_Q1_C6_HIN101,Quarterly Examination 2025 - C6 Hindi Second Language,100,77,B1,PRESENT,Good understanding
ADM2025094,Radhika Peddinti,C6,B,SCI101,EXAM_Q1_C6_SCI101,Quarterly Examination 2025 - C6 General Science,100,80,B1,PRESENT,Good understanding
ADM2025094,Radhika Peddinti,C6,B,SOC101,EXAM_Q1_C6_SOC101,Quarterly Examination 2025 - C6 Social Studies,100,74,B1,PRESENT,Satisfactory progress
ADM2025095,Koushik Komuravelli,C6,B,MATH101,EXAM_Q1_C6_MATH101,Quarterly Examination 2025 - C6 Mathematics,100,75,B1,PRESENT,Good understanding
ADM2025095,Koushik Komuravelli,C6,B,ENG101,EXAM_Q1_C6_ENG101,Quarterly Examination 2025 - C6 English Language,100,72,B1,PRESENT,Satisfactory progress
ADM2025095,Koushik Komuravelli,C6,B,TEL101,EXAM_Q1_C6_TEL101,Quarterly Examination 2025 - C6 Telugu Regional Language,100,78,B1,PRESENT,Good understanding
ADM2025095,Koushik Komuravelli,C6,B,HIN101,EXAM_Q1_C6_HIN101,Quarterly Examination 2025 - C6 Hindi Second Language,100,77,B1,PRESENT,Good understanding
ADM2025095,Koushik Komuravelli,C6,B,SCI101,EXAM_Q1_C6_SCI101,Quarterly Examination 2025 - C6 General Science,100,76,B1,PRESENT,Good understanding
ADM2025095,Koushik Komuravelli,C6,B,SOC101,EXAM_Q1_C6_SOC101,Quarterly Examination 2025 - C6 Social Studies,100,75,B1,PRESENT,Good understanding
ADM2025096,Sanjana Polisetty,C6,B,MATH101,EXAM_Q1_C6_MATH101,Quarterly Examination 2025 - C6 Mathematics,100,86,A2,PRESENT,Good understanding
ADM2025096,Sanjana Polisetty,C6,B,ENG101,EXAM_Q1_C6_ENG101,Quarterly Examination 2025 - C6 English Language,100,87,A2,PRESENT,Good understanding
ADM2025096,Sanjana Polisetty,C6,B,TEL101,EXAM_Q1_C6_TEL101,Quarterly Examination 2025 - C6 Telugu Regional Language,100,92,A1,PRESENT,Outstanding performance
ADM2025096,Sanjana Polisetty,C6,B,HIN101,EXAM_Q1_C6_HIN101,Quarterly Examination 2025 - C6 Hindi Second Language,100,84,A2,PRESENT,Good understanding
ADM2025096,Sanjana Polisetty,C6,B,SCI101,EXAM_Q1_C6_SCI101,Quarterly Examination 2025 - C6 General Science,100,88,A2,PRESENT,Good understanding
ADM2025096,Sanjana Polisetty,C6,B,SOC101,EXAM_Q1_C6_SOC101,Quarterly Examination 2025 - C6 Social Studies,100,91,A1,PRESENT,Outstanding performance
ADM2025097,Chaitanya Katta,C6,B,MATH101,EXAM_Q1_C6_MATH101,Quarterly Examination 2025 - C6 Mathematics,100,82,A2,PRESENT,Good understanding
ADM2025097,Chaitanya Katta,C6,B,ENG101,EXAM_Q1_C6_ENG101,Quarterly Examination 2025 - C6 English Language,100,83,A2,PRESENT,Good understanding
ADM2025097,Chaitanya Katta,C6,B,TEL101,EXAM_Q1_C6_TEL101,Quarterly Examination 2025 - C6 Telugu Regional Language,100,83,A2,PRESENT,Good understanding
ADM2025097,Chaitanya Katta,C6,B,HIN101,EXAM_Q1_C6_HIN101,Quarterly Examination 2025 - C6 Hindi Second Language,100,81,A2,PRESENT,Good understanding
ADM2025097,Chaitanya Katta,C6,B,SCI101,EXAM_Q1_C6_SCI101,Quarterly Examination 2025 - C6 General Science,100,78,B1,PRESENT,Good understanding
ADM2025097,Chaitanya Katta,C6,B,SOC101,EXAM_Q1_C6_SOC101,Quarterly Examination 2025 - C6 Social Studies,100,80,B1,PRESENT,Good understanding
ADM2025098,Pallavi Chilukuri,C6,B,MATH101,EXAM_Q1_C6_MATH101,Quarterly Examination 2025 - C6 Mathematics,100,74,B1,PRESENT,Satisfactory progress
ADM2025098,Pallavi Chilukuri,C6,B,ENG101,EXAM_Q1_C6_ENG101,Quarterly Examination 2025 - C6 English Language,100,73,B1,PRESENT,Satisfactory progress
ADM2025098,Pallavi Chilukuri,C6,B,TEL101,EXAM_Q1_C6_TEL101,Quarterly Examination 2025 - C6 Telugu Regional Language,100,80,B1,PRESENT,Good understanding
ADM2025098,Pallavi Chilukuri,C6,B,HIN101,EXAM_Q1_C6_HIN101,Quarterly Examination 2025 - C6 Hindi Second Language,100,78,B1,PRESENT,Good understanding
ADM2025098,Pallavi Chilukuri,C6,B,SCI101,EXAM_Q1_C6_SCI101,Quarterly Examination 2025 - C6 General Science,100,75,B1,PRESENT,Good understanding
ADM2025098,Pallavi Chilukuri,C6,B,SOC101,EXAM_Q1_C6_SOC101,Quarterly Examination 2025 - C6 Social Studies,100,74,B1,PRESENT,Satisfactory progress
ADM2025099,Sai Medasani,C6,B,MATH101,EXAM_Q1_C6_MATH101,Quarterly Examination 2025 - C6 Mathematics,100,76,B1,PRESENT,Good understanding
ADM2025099,Sai Medasani,C6,B,ENG101,EXAM_Q1_C6_ENG101,Quarterly Examination 2025 - C6 English Language,100,85,A2,PRESENT,Good understanding
ADM2025099,Sai Medasani,C6,B,TEL101,EXAM_Q1_C6_TEL101,Quarterly Examination 2025 - C6 Telugu Regional Language,100,82,A2,PRESENT,Good understanding
ADM2025099,Sai Medasani,C6,B,HIN101,EXAM_Q1_C6_HIN101,Quarterly Examination 2025 - C6 Hindi Second Language,100,78,B1,PRESENT,Good understanding
ADM2025099,Sai Medasani,C6,B,SCI101,EXAM_Q1_C6_SCI101,Quarterly Examination 2025 - C6 General Science,100,83,A2,PRESENT,Good understanding
ADM2025099,Sai Medasani,C6,B,SOC101,EXAM_Q1_C6_SOC101,Quarterly Examination 2025 - C6 Social Studies,100,85,A2,PRESENT,Good understanding
ADM2025100,Vennela Nimmagadda,C6,B,MATH101,EXAM_Q1_C6_MATH101,Quarterly Examination 2025 - C6 Mathematics,100,74,B1,PRESENT,Satisfactory progress
ADM2025100,Vennela Nimmagadda,C6,B,ENG101,EXAM_Q1_C6_ENG101,Quarterly Examination 2025 - C6 English Language,100,76,B1,PRESENT,Good understanding
ADM2025100,Vennela Nimmagadda,C6,B,TEL101,EXAM_Q1_C6_TEL101,Quarterly Examination 2025 - C6 Telugu Regional Language,100,78,B1,PRESENT,Good understanding
ADM2025100,Vennela Nimmagadda,C6,B,HIN101,EXAM_Q1_C6_HIN101,Quarterly Examination 2025 - C6 Hindi Second Language,100,72,B1,PRESENT,Satisfactory progress
ADM2025100,Vennela Nimmagadda,C6,B,SCI101,EXAM_Q1_C6_SCI101,Quarterly Examination 2025 - C6 General Science,100,73,B1,PRESENT,Satisfactory progress
ADM2025100,Vennela Nimmagadda,C6,B,SOC101,EXAM_Q1_C6_SOC101,Quarterly Examination 2025 - C6 Social Studies,100,77,B1,PRESENT,Good understanding
ADM2025101,Vijay Rao,C6,B,MATH101,EXAM_Q1_C6_MATH101,Quarterly Examination 2025 - C6 Mathematics,100,78,B1,PRESENT,Good understanding
ADM2025101,Vijay Rao,C6,B,ENG101,EXAM_Q1_C6_ENG101,Quarterly Examination 2025 - C6 English Language,100,78,B1,PRESENT,Good understanding
ADM2025101,Vijay Rao,C6,B,TEL101,EXAM_Q1_C6_TEL101,Quarterly Examination 2025 - C6 Telugu Regional Language,100,85,A2,PRESENT,Good understanding
ADM2025101,Vijay Rao,C6,B,HIN101,EXAM_Q1_C6_HIN101,Quarterly Examination 2025 - C6 Hindi Second Language,100,77,B1,PRESENT,Good understanding
ADM2025101,Vijay Rao,C6,B,SCI101,EXAM_Q1_C6_SCI101,Quarterly Examination 2025 - C6 General Science,100,74,B1,PRESENT,Satisfactory progress
ADM2025101,Vijay Rao,C6,B,SOC101,EXAM_Q1_C6_SOC101,Quarterly Examination 2025 - C6 Social Studies,100,77,B1,PRESENT,Good understanding
ADM2025102,Yamini Reddy,C6,B,MATH101,EXAM_Q1_C6_MATH101,Quarterly Examination 2025 - C6 Mathematics,100,67,B2,PRESENT,Satisfactory progress
ADM2025102,Yamini Reddy,C6,B,ENG101,EXAM_Q1_C6_ENG101,Quarterly Examination 2025 - C6 English Language,100,65,B2,PRESENT,Satisfactory progress
ADM2025102,Yamini Reddy,C6,B,TEL101,EXAM_Q1_C6_TEL101,Quarterly Examination 2025 - C6 Telugu Regional Language,100,68,B2,PRESENT,Satisfactory progress
ADM2025102,Yamini Reddy,C6,B,HIN101,EXAM_Q1_C6_HIN101,Quarterly Examination 2025 - C6 Hindi Second Language,100,71,B1,PRESENT,Satisfactory progress
ADM2025102,Yamini Reddy,C6,B,SCI101,EXAM_Q1_C6_SCI101,Quarterly Examination 2025 - C6 General Science,100,65,B2,PRESENT,Satisfactory progress
ADM2025102,Yamini Reddy,C6,B,SOC101,EXAM_Q1_C6_SOC101,Quarterly Examination 2025 - C6 Social Studies,100,70,B2,PRESENT,Satisfactory progress
ADM2025103,Vinay Sharma,C6,B,MATH101,EXAM_Q1_C6_MATH101,Quarterly Examination 2025 - C6 Mathematics,100,72,B1,PRESENT,Satisfactory progress
ADM2025103,Vinay Sharma,C6,B,ENG101,EXAM_Q1_C6_ENG101,Quarterly Examination 2025 - C6 English Language,100,74,B1,PRESENT,Satisfactory progress
ADM2025103,Vinay Sharma,C6,B,TEL101,EXAM_Q1_C6_TEL101,Quarterly Examination 2025 - C6 Telugu Regional Language,100,79,B1,PRESENT,Good understanding
ADM2025103,Vinay Sharma,C6,B,HIN101,EXAM_Q1_C6_HIN101,Quarterly Examination 2025 - C6 Hindi Second Language,100,74,B1,PRESENT,Satisfactory progress
ADM2025103,Vinay Sharma,C6,B,SCI101,EXAM_Q1_C6_SCI101,Quarterly Examination 2025 - C6 General Science,100,71,B1,PRESENT,Satisfactory progress
ADM2025103,Vinay Sharma,C6,B,SOC101,EXAM_Q1_C6_SOC101,Quarterly Examination 2025 - C6 Social Studies,100,72,B1,PRESENT,Satisfactory progress
ADM2025104,Pratyusha Goud,C6,B,MATH101,EXAM_Q1_C6_MATH101,Quarterly Examination 2025 - C6 Mathematics,100,64,B2,PRESENT,Satisfactory progress
ADM2025104,Pratyusha Goud,C6,B,ENG101,EXAM_Q1_C6_ENG101,Quarterly Examination 2025 - C6 English Language,100,65,B2,PRESENT,Satisfactory progress
ADM2025104,Pratyusha Goud,C6,B,TEL101,EXAM_Q1_C6_TEL101,Quarterly Examination 2025 - C6 Telugu Regional Language,100,64,B2,PRESENT,Satisfactory progress
ADM2025104,Pratyusha Goud,C6,B,HIN101,EXAM_Q1_C6_HIN101,Quarterly Examination 2025 - C6 Hindi Second Language,100,59,C1,PRESENT,Satisfactory progress
ADM2025104,Pratyusha Goud,C6,B,SCI101,EXAM_Q1_C6_SCI101,Quarterly Examination 2025 - C6 General Science,100,63,B2,PRESENT,Satisfactory progress
ADM2025104,Pratyusha Goud,C6,B,SOC101,EXAM_Q1_C6_SOC101,Quarterly Examination 2025 - C6 Social Studies,100,60,C1,PRESENT,Satisfactory progress
ADM2025105,Tarun Chowdary,C6,B,MATH101,EXAM_Q1_C6_MATH101,Quarterly Examination 2025 - C6 Mathematics,100,58,C1,PRESENT,Satisfactory progress
ADM2025105,Tarun Chowdary,C6,B,ENG101,EXAM_Q1_C6_ENG101,Quarterly Examination 2025 - C6 English Language,100,68,B2,PRESENT,Satisfactory progress
ADM2025105,Tarun Chowdary,C6,B,TEL101,EXAM_Q1_C6_TEL101,Quarterly Examination 2025 - C6 Telugu Regional Language,100,69,B2,PRESENT,Satisfactory progress
ADM2025105,Tarun Chowdary,C6,B,HIN101,EXAM_Q1_C6_HIN101,Quarterly Examination 2025 - C6 Hindi Second Language,100,64,B2,PRESENT,Satisfactory progress
ADM2025105,Tarun Chowdary,C6,B,SCI101,EXAM_Q1_C6_SCI101,Quarterly Examination 2025 - C6 General Science,100,61,B2,PRESENT,Satisfactory progress
ADM2025105,Tarun Chowdary,C6,B,SOC101,EXAM_Q1_C6_SOC101,Quarterly Examination 2025 - C6 Social Studies,100,66,B2,PRESENT,Satisfactory progress
ADM2025106,Suhasini Varma,C6,B,MATH101,EXAM_Q1_C6_MATH101,Quarterly Examination 2025 - C6 Mathematics,100,59,C1,PRESENT,Satisfactory progress
ADM2025106,Suhasini Varma,C6,B,ENG101,EXAM_Q1_C6_ENG101,Quarterly Examination 2025 - C6 English Language,100,56,C1,PRESENT,Satisfactory progress
ADM2025106,Suhasini Varma,C6,B,TEL101,EXAM_Q1_C6_TEL101,Quarterly Examination 2025 - C6 Telugu Regional Language,100,62,B2,PRESENT,Satisfactory progress
ADM2025106,Suhasini Varma,C6,B,HIN101,EXAM_Q1_C6_HIN101,Quarterly Examination 2025 - C6 Hindi Second Language,100,57,C1,PRESENT,Satisfactory progress
ADM2025106,Suhasini Varma,C6,B,SCI101,EXAM_Q1_C6_SCI101,Quarterly Examination 2025 - C6 General Science,100,57,C1,PRESENT,Satisfactory progress
ADM2025106,Suhasini Varma,C6,B,SOC101,EXAM_Q1_C6_SOC101,Quarterly Examination 2025 - C6 Social Studies,100,61,B2,PRESENT,Satisfactory progress
ADM2025107,Santosh Naidu,C6,B,MATH101,EXAM_Q1_C6_MATH101,Quarterly Examination 2025 - C6 Mathematics,100,66,B2,PRESENT,Satisfactory progress
ADM2025107,Santosh Naidu,C6,B,ENG101,EXAM_Q1_C6_ENG101,Quarterly Examination 2025 - C6 English Language,100,64,B2,PRESENT,Satisfactory progress
ADM2025107,Santosh Naidu,C6,B,TEL101,EXAM_Q1_C6_TEL101,Quarterly Examination 2025 - C6 Telugu Regional Language,100,68,B2,PRESENT,Satisfactory progress
ADM2025107,Santosh Naidu,C6,B,HIN101,EXAM_Q1_C6_HIN101,Quarterly Examination 2025 - C6 Hindi Second Language,100,65,B2,PRESENT,Satisfactory progress
ADM2025107,Santosh Naidu,C6,B,SCI101,EXAM_Q1_C6_SCI101,Quarterly Examination 2025 - C6 General Science,100,68,B2,PRESENT,Satisfactory progress
ADM2025107,Santosh Naidu,C6,B,SOC101,EXAM_Q1_C6_SOC101,Quarterly Examination 2025 - C6 Social Studies,100,69,B2,PRESENT,Satisfactory progress
ADM2025108,Geetha Gupta,C6,B,MATH101,EXAM_Q1_C6_MATH101,Quarterly Examination 2025 - C6 Mathematics,100,59,C1,PRESENT,Satisfactory progress
ADM2025108,Geetha Gupta,C6,B,ENG101,EXAM_Q1_C6_ENG101,Quarterly Examination 2025 - C6 English Language,100,59,C1,PRESENT,Satisfactory progress
ADM2025108,Geetha Gupta,C6,B,TEL101,EXAM_Q1_C6_TEL101,Quarterly Examination 2025 - C6 Telugu Regional Language,100,63,B2,PRESENT,Satisfactory progress
ADM2025108,Geetha Gupta,C6,B,HIN101,EXAM_Q1_C6_HIN101,Quarterly Examination 2025 - C6 Hindi Second Language,100,57,C1,PRESENT,Satisfactory progress
ADM2025108,Geetha Gupta,C6,B,SCI101,EXAM_Q1_C6_SCI101,Quarterly Examination 2025 - C6 General Science,100,61,B2,PRESENT,Satisfactory progress
ADM2025108,Geetha Gupta,C6,B,SOC101,EXAM_Q1_C6_SOC101,Quarterly Examination 2025 - C6 Social Studies,100,56,C1,PRESENT,Satisfactory progress
ADM2025109,Pranav Murthy,C6,B,MATH101,EXAM_Q1_C6_MATH101,Quarterly Examination 2025 - C6 Mathematics,100,56,C1,PRESENT,Satisfactory progress
ADM2025109,Pranav Murthy,C6,B,ENG101,EXAM_Q1_C6_ENG101,Quarterly Examination 2025 - C6 English Language,100,62,B2,PRESENT,Satisfactory progress
ADM2025109,Pranav Murthy,C6,B,TEL101,EXAM_Q1_C6_TEL101,Quarterly Examination 2025 - C6 Telugu Regional Language,100,64,B2,PRESENT,Satisfactory progress
ADM2025109,Pranav Murthy,C6,B,HIN101,EXAM_Q1_C6_HIN101,Quarterly Examination 2025 - C6 Hindi Second Language,100,62,B2,PRESENT,Satisfactory progress
ADM2025109,Pranav Murthy,C6,B,SCI101,EXAM_Q1_C6_SCI101,Quarterly Examination 2025 - C6 General Science,100,55,C1,PRESENT,Satisfactory progress
ADM2025109,Pranav Murthy,C6,B,SOC101,EXAM_Q1_C6_SOC101,Quarterly Examination 2025 - C6 Social Studies,100,59,C1,PRESENT,Satisfactory progress
ADM2025110,Deepika Sastry,C6,B,MATH101,EXAM_Q1_C6_MATH101,Quarterly Examination 2025 - C6 Mathematics,100,54,C1,PRESENT,Satisfactory progress
ADM2025110,Deepika Sastry,C6,B,ENG101,EXAM_Q1_C6_ENG101,Quarterly Examination 2025 - C6 English Language,100,59,C1,PRESENT,Satisfactory progress
ADM2025110,Deepika Sastry,C6,B,TEL101,EXAM_Q1_C6_TEL101,Quarterly Examination 2025 - C6 Telugu Regional Language,100,62,B2,PRESENT,Satisfactory progress
ADM2025110,Deepika Sastry,C6,B,HIN101,EXAM_Q1_C6_HIN101,Quarterly Examination 2025 - C6 Hindi Second Language,100,58,C1,PRESENT,Satisfactory progress
ADM2025110,Deepika Sastry,C6,B,SCI101,EXAM_Q1_C6_SCI101,Quarterly Examination 2025 - C6 General Science,100,58,C1,PRESENT,Satisfactory progress
ADM2025110,Deepika Sastry,C6,B,SOC101,EXAM_Q1_C6_SOC101,Quarterly Examination 2025 - C6 Social Studies,100,59,C1,PRESENT,Satisfactory progress
ADM2025111,Vishnu Babu,C6,B,MATH101,EXAM_Q1_C6_MATH101,Quarterly Examination 2025 - C6 Mathematics,100,51,C1,PRESENT,Satisfactory progress
ADM2025111,Vishnu Babu,C6,B,ENG101,EXAM_Q1_C6_ENG101,Quarterly Examination 2025 - C6 English Language,100,48,C2,PRESENT,Needs remedial support
ADM2025111,Vishnu Babu,C6,B,TEL101,EXAM_Q1_C6_TEL101,Quarterly Examination 2025 - C6 Telugu Regional Language,100,54,C1,PRESENT,Satisfactory progress
ADM2025111,Vishnu Babu,C6,B,HIN101,EXAM_Q1_C6_HIN101,Quarterly Examination 2025 - C6 Hindi Second Language,100,53,C1,PRESENT,Satisfactory progress
ADM2025111,Vishnu Babu,C6,B,SCI101,EXAM_Q1_C6_SCI101,Quarterly Examination 2025 - C6 General Science,100,50,C2,PRESENT,Satisfactory progress
ADM2025111,Vishnu Babu,C6,B,SOC101,EXAM_Q1_C6_SOC101,Quarterly Examination 2025 - C6 Social Studies,100,54,C1,PRESENT,Satisfactory progress
ADM2025112,Priyanka Yadav,C6,B,MATH101,EXAM_Q1_C6_MATH101,Quarterly Examination 2025 - C6 Mathematics,100,55,C1,PRESENT,Satisfactory progress
ADM2025112,Priyanka Yadav,C6,B,ENG101,EXAM_Q1_C6_ENG101,Quarterly Examination 2025 - C6 English Language,100,64,B2,PRESENT,Satisfactory progress
ADM2025112,Priyanka Yadav,C6,B,TEL101,EXAM_Q1_C6_TEL101,Quarterly Examination 2025 - C6 Telugu Regional Language,100,61,B2,PRESENT,Satisfactory progress
ADM2025112,Priyanka Yadav,C6,B,HIN101,EXAM_Q1_C6_HIN101,Quarterly Examination 2025 - C6 Hindi Second Language,100,56,C1,PRESENT,Satisfactory progress
ADM2025112,Priyanka Yadav,C6,B,SCI101,EXAM_Q1_C6_SCI101,Quarterly Examination 2025 - C6 General Science,100,64,B2,PRESENT,Satisfactory progress
ADM2025112,Priyanka Yadav,C6,B,SOC101,EXAM_Q1_C6_SOC101,Quarterly Examination 2025 - C6 Social Studies,100,64,B2,PRESENT,Satisfactory progress
ADM2025113,Srinivas Patel,C6,B,MATH101,EXAM_Q1_C6_MATH101,Quarterly Examination 2025 - C6 Mathematics,100,55,C1,PRESENT,Satisfactory progress
ADM2025113,Srinivas Patel,C6,B,ENG101,EXAM_Q1_C6_ENG101,Quarterly Examination 2025 - C6 English Language,100,58,C1,PRESENT,Satisfactory progress
ADM2025113,Srinivas Patel,C6,B,TEL101,EXAM_Q1_C6_TEL101,Quarterly Examination 2025 - C6 Telugu Regional Language,100,59,C1,PRESENT,Satisfactory progress
ADM2025113,Srinivas Patel,C6,B,HIN101,EXAM_Q1_C6_HIN101,Quarterly Examination 2025 - C6 Hindi Second Language,100,53,C1,PRESENT,Satisfactory progress
ADM2025113,Srinivas Patel,C6,B,SCI101,EXAM_Q1_C6_SCI101,Quarterly Examination 2025 - C6 General Science,100,51,C1,PRESENT,Satisfactory progress
ADM2025113,Srinivas Patel,C6,B,SOC101,EXAM_Q1_C6_SOC101,Quarterly Examination 2025 - C6 Social Studies,100,54,C1,PRESENT,Satisfactory progress
ADM2025114,Pravallika Venkatesh,C6,B,MATH101,EXAM_Q1_C6_MATH101,Quarterly Examination 2025 - C6 Mathematics,100,57,C1,PRESENT,Satisfactory progress
ADM2025114,Pravallika Venkatesh,C6,B,ENG101,EXAM_Q1_C6_ENG101,Quarterly Examination 2025 - C6 English Language,100,61,B2,PRESENT,Satisfactory progress
ADM2025114,Pravallika Venkatesh,C6,B,TEL101,EXAM_Q1_C6_TEL101,Quarterly Examination 2025 - C6 Telugu Regional Language,100,65,B2,PRESENT,Satisfactory progress
ADM2025114,Pravallika Venkatesh,C6,B,HIN101,EXAM_Q1_C6_HIN101,Quarterly Examination 2025 - C6 Hindi Second Language,100,54,C1,PRESENT,Satisfactory progress
ADM2025114,Pravallika Venkatesh,C6,B,SCI101,EXAM_Q1_C6_SCI101,Quarterly Examination 2025 - C6 General Science,100,60,C1,PRESENT,Satisfactory progress
ADM2025114,Pravallika Venkatesh,C6,B,SOC101,EXAM_Q1_C6_SOC101,Quarterly Examination 2025 - C6 Social Studies,100,55,C1,PRESENT,Satisfactory progress
ADM2025115,Chaitanya Vemula,C6,B,MATH101,EXAM_Q1_C6_MATH101,Quarterly Examination 2025 - C6 Mathematics,100,51,C1,PRESENT,Satisfactory progress
ADM2025115,Chaitanya Vemula,C6,B,ENG101,EXAM_Q1_C6_ENG101,Quarterly Examination 2025 - C6 English Language,100,52,C1,PRESENT,Satisfactory progress
ADM2025115,Chaitanya Vemula,C6,B,TEL101,EXAM_Q1_C6_TEL101,Quarterly Examination 2025 - C6 Telugu Regional Language,100,56,C1,PRESENT,Satisfactory progress
ADM2025115,Chaitanya Vemula,C6,B,HIN101,EXAM_Q1_C6_HIN101,Quarterly Examination 2025 - C6 Hindi Second Language,100,52,C1,PRESENT,Satisfactory progress
ADM2025115,Chaitanya Vemula,C6,B,SCI101,EXAM_Q1_C6_SCI101,Quarterly Examination 2025 - C6 General Science,100,51,C1,PRESENT,Satisfactory progress
ADM2025115,Chaitanya Vemula,C6,B,SOC101,EXAM_Q1_C6_SOC101,Quarterly Examination 2025 - C6 Social Studies,100,50,C2,PRESENT,Satisfactory progress
ADM2025116,Tanmayi Bandi,C6,B,MATH101,EXAM_Q1_C6_MATH101,Quarterly Examination 2025 - C6 Mathematics,100,45,C2,PRESENT,Needs remedial support
ADM2025116,Tanmayi Bandi,C6,B,ENG101,EXAM_Q1_C6_ENG101,Quarterly Examination 2025 - C6 English Language,100,51,C1,PRESENT,Satisfactory progress
ADM2025116,Tanmayi Bandi,C6,B,TEL101,EXAM_Q1_C6_TEL101,Quarterly Examination 2025 - C6 Telugu Regional Language,100,58,C1,PRESENT,Satisfactory progress
ADM2025116,Tanmayi Bandi,C6,B,HIN101,EXAM_Q1_C6_HIN101,Quarterly Examination 2025 - C6 Hindi Second Language,100,49,C2,PRESENT,Needs remedial support
ADM2025116,Tanmayi Bandi,C6,B,SCI101,EXAM_Q1_C6_SCI101,Quarterly Examination 2025 - C6 General Science,100,52,C1,PRESENT,Satisfactory progress
ADM2025116,Tanmayi Bandi,C6,B,SOC101,EXAM_Q1_C6_SOC101,Quarterly Examination 2025 - C6 Social Studies,100,54,C1,PRESENT,Satisfactory progress
ADM2025117,Chandra Kandula,C6,B,MATH101,EXAM_Q1_C6_MATH101,Quarterly Examination 2025 - C6 Mathematics,100,49,C2,PRESENT,Needs remedial support
ADM2025117,Chandra Kandula,C6,B,ENG101,EXAM_Q1_C6_ENG101,Quarterly Examination 2025 - C6 English Language,100,50,C2,PRESENT,Satisfactory progress
ADM2025117,Chandra Kandula,C6,B,TEL101,EXAM_Q1_C6_TEL101,Quarterly Examination 2025 - C6 Telugu Regional Language,100,55,C1,PRESENT,Satisfactory progress
ADM2025117,Chandra Kandula,C6,B,HIN101,EXAM_Q1_C6_HIN101,Quarterly Examination 2025 - C6 Hindi Second Language,100,54,C1,PRESENT,Satisfactory progress
ADM2025117,Chandra Kandula,C6,B,SCI101,EXAM_Q1_C6_SCI101,Quarterly Examination 2025 - C6 General Science,100,55,C1,PRESENT,Satisfactory progress
ADM2025117,Chandra Kandula,C6,B,SOC101,EXAM_Q1_C6_SOC101,Quarterly Examination 2025 - C6 Social Studies,100,55,C1,PRESENT,Satisfactory progress
ADM2025118,Ishwarya Gudepu,C6,B,MATH101,EXAM_Q1_C6_MATH101,Quarterly Examination 2025 - C6 Mathematics,100,43,C2,PRESENT,Needs remedial support
ADM2025118,Ishwarya Gudepu,C6,B,ENG101,EXAM_Q1_C6_ENG101,Quarterly Examination 2025 - C6 English Language,100,43,C2,PRESENT,Needs remedial support
ADM2025118,Ishwarya Gudepu,C6,B,TEL101,EXAM_Q1_C6_TEL101,Quarterly Examination 2025 - C6 Telugu Regional Language,100,49,C2,PRESENT,Needs remedial support
ADM2025118,Ishwarya Gudepu,C6,B,HIN101,EXAM_Q1_C6_HIN101,Quarterly Examination 2025 - C6 Hindi Second Language,100,45,C2,PRESENT,Needs remedial support
ADM2025118,Ishwarya Gudepu,C6,B,SCI101,EXAM_Q1_C6_SCI101,Quarterly Examination 2025 - C6 General Science,100,42,C2,PRESENT,Needs remedial support
ADM2025118,Ishwarya Gudepu,C6,B,SOC101,EXAM_Q1_C6_SOC101,Quarterly Examination 2025 - C6 Social Studies,100,47,C2,PRESENT,Needs remedial support
ADM2025119,Kalyan Singireddy,C6,B,MATH101,EXAM_Q1_C6_MATH101,Quarterly Examination 2025 - C6 Mathematics,100,46,C2,PRESENT,Needs remedial support
ADM2025119,Kalyan Singireddy,C6,B,ENG101,EXAM_Q1_C6_ENG101,Quarterly Examination 2025 - C6 English Language,100,48,C2,PRESENT,Needs remedial support
ADM2025119,Kalyan Singireddy,C6,B,TEL101,EXAM_Q1_C6_TEL101,Quarterly Examination 2025 - C6 Telugu Regional Language,100,54,C1,PRESENT,Satisfactory progress
ADM2025119,Kalyan Singireddy,C6,B,HIN101,EXAM_Q1_C6_HIN101,Quarterly Examination 2025 - C6 Hindi Second Language,100,48,C2,PRESENT,Needs remedial support
ADM2025119,Kalyan Singireddy,C6,B,SCI101,EXAM_Q1_C6_SCI101,Quarterly Examination 2025 - C6 General Science,100,43,C2,PRESENT,Needs remedial support
ADM2025119,Kalyan Singireddy,C6,B,SOC101,EXAM_Q1_C6_SOC101,Quarterly Examination 2025 - C6 Social Studies,100,43,C2,PRESENT,Needs remedial support
ADM2025120,Varshini Pothula,C6,B,MATH101,EXAM_Q1_C6_MATH101,Quarterly Examination 2025 - C6 Mathematics,100,40,D,PRESENT,Needs remedial support
ADM2025120,Varshini Pothula,C6,B,ENG101,EXAM_Q1_C6_ENG101,Quarterly Examination 2025 - C6 English Language,100,42,C2,PRESENT,Needs remedial support
ADM2025120,Varshini Pothula,C6,B,TEL101,EXAM_Q1_C6_TEL101,Quarterly Examination 2025 - C6 Telugu Regional Language,100,44,C2,PRESENT,Needs remedial support
ADM2025120,Varshini Pothula,C6,B,HIN101,EXAM_Q1_C6_HIN101,Quarterly Examination 2025 - C6 Hindi Second Language,100,44,C2,PRESENT,Needs remedial support
ADM2025120,Varshini Pothula,C6,B,SCI101,EXAM_Q1_C6_SCI101,Quarterly Examination 2025 - C6 General Science,100,41,C2,PRESENT,Needs remedial support
ADM2025120,Varshini Pothula,C6,B,SOC101,EXAM_Q1_C6_SOC101,Quarterly Examination 2025 - C6 Social Studies,100,43,C2,PRESENT,Needs remedial support
ADM2025121,Arjun Kondapalli,C7,A,MATH101,EXAM_Q1_C7_MATH101,Quarterly Examination 2025 - C7 Mathematics,100,83,A2,PRESENT,Good understanding
ADM2025121,Arjun Kondapalli,C7,A,ENG101,EXAM_Q1_C7_ENG101,Quarterly Examination 2025 - C7 English Language,100,78,B1,PRESENT,Good understanding
ADM2025121,Arjun Kondapalli,C7,A,TEL101,EXAM_Q1_C7_TEL101,Quarterly Examination 2025 - C7 Telugu Regional Language,100,89,A2,PRESENT,Good understanding
ADM2025121,Arjun Kondapalli,C7,A,HIN101,EXAM_Q1_C7_HIN101,Quarterly Examination 2025 - C7 Hindi Second Language,100,85,A2,PRESENT,Good understanding
ADM2025121,Arjun Kondapalli,C7,A,SCI101,EXAM_Q1_C7_SCI101,Quarterly Examination 2025 - C7 General Science,100,82,A2,PRESENT,Good understanding
ADM2025121,Arjun Kondapalli,C7,A,SOC101,EXAM_Q1_C7_SOC101,Quarterly Examination 2025 - C7 Social Studies,100,82,A2,PRESENT,Good understanding
ADM2025122,Pravallika Malkapuram,C7,A,MATH101,EXAM_Q1_C7_MATH101,Quarterly Examination 2025 - C7 Mathematics,100,84,A2,PRESENT,Good understanding
ADM2025122,Pravallika Malkapuram,C7,A,ENG101,EXAM_Q1_C7_ENG101,Quarterly Examination 2025 - C7 English Language,100,89,A2,PRESENT,Good understanding
ADM2025122,Pravallika Malkapuram,C7,A,TEL101,EXAM_Q1_C7_TEL101,Quarterly Examination 2025 - C7 Telugu Regional Language,100,94,A1,PRESENT,Outstanding performance
ADM2025122,Pravallika Malkapuram,C7,A,HIN101,EXAM_Q1_C7_HIN101,Quarterly Examination 2025 - C7 Hindi Second Language,100,86,A2,PRESENT,Good understanding
ADM2025122,Pravallika Malkapuram,C7,A,SCI101,EXAM_Q1_C7_SCI101,Quarterly Examination 2025 - C7 General Science,100,88,A2,PRESENT,Good understanding
ADM2025122,Pravallika Malkapuram,C7,A,SOC101,EXAM_Q1_C7_SOC101,Quarterly Examination 2025 - C7 Social Studies,100,87,A2,PRESENT,Good understanding
ADM2025123,Anirudh Chintala,C7,A,MATH101,EXAM_Q1_C7_MATH101,Quarterly Examination 2025 - C7 Mathematics,100,80,B1,PRESENT,Good understanding
ADM2025123,Anirudh Chintala,C7,A,ENG101,EXAM_Q1_C7_ENG101,Quarterly Examination 2025 - C7 English Language,100,79,B1,PRESENT,Good understanding
ADM2025123,Anirudh Chintala,C7,A,TEL101,EXAM_Q1_C7_TEL101,Quarterly Examination 2025 - C7 Telugu Regional Language,100,83,A2,PRESENT,Good understanding
ADM2025123,Anirudh Chintala,C7,A,HIN101,EXAM_Q1_C7_HIN101,Quarterly Examination 2025 - C7 Hindi Second Language,100,79,B1,PRESENT,Good understanding
ADM2025123,Anirudh Chintala,C7,A,SCI101,EXAM_Q1_C7_SCI101,Quarterly Examination 2025 - C7 General Science,100,85,A2,PRESENT,Good understanding
ADM2025123,Anirudh Chintala,C7,A,SOC101,EXAM_Q1_C7_SOC101,Quarterly Examination 2025 - C7 Social Studies,100,81,A2,PRESENT,Good understanding
ADM2025124,Sravya Gaddam,C7,A,MATH101,EXAM_Q1_C7_MATH101,Quarterly Examination 2025 - C7 Mathematics,100,85,A2,PRESENT,Good understanding
ADM2025124,Sravya Gaddam,C7,A,ENG101,EXAM_Q1_C7_ENG101,Quarterly Examination 2025 - C7 English Language,100,84,A2,PRESENT,Good understanding
ADM2025124,Sravya Gaddam,C7,A,TEL101,EXAM_Q1_C7_TEL101,Quarterly Examination 2025 - C7 Telugu Regional Language,100,88,A2,PRESENT,Good understanding
ADM2025124,Sravya Gaddam,C7,A,HIN101,EXAM_Q1_C7_HIN101,Quarterly Examination 2025 - C7 Hindi Second Language,100,86,A2,PRESENT,Good understanding
ADM2025124,Sravya Gaddam,C7,A,SCI101,EXAM_Q1_C7_SCI101,Quarterly Examination 2025 - C7 General Science,100,85,A2,PRESENT,Good understanding
ADM2025124,Sravya Gaddam,C7,A,SOC101,EXAM_Q1_C7_SOC101,Quarterly Examination 2025 - C7 Social Studies,100,87,A2,PRESENT,Good understanding
ADM2025125,Vishnu Boddu,C7,A,MATH101,EXAM_Q1_C7_MATH101,Quarterly Examination 2025 - C7 Mathematics,100,74,B1,PRESENT,Satisfactory progress
ADM2025125,Vishnu Boddu,C7,A,ENG101,EXAM_Q1_C7_ENG101,Quarterly Examination 2025 - C7 English Language,100,75,B1,PRESENT,Good understanding
ADM2025125,Vishnu Boddu,C7,A,TEL101,EXAM_Q1_C7_TEL101,Quarterly Examination 2025 - C7 Telugu Regional Language,100,80,B1,PRESENT,Good understanding
ADM2025125,Vishnu Boddu,C7,A,HIN101,EXAM_Q1_C7_HIN101,Quarterly Examination 2025 - C7 Hindi Second Language,100,76,B1,PRESENT,Good understanding
ADM2025125,Vishnu Boddu,C7,A,SCI101,EXAM_Q1_C7_SCI101,Quarterly Examination 2025 - C7 General Science,100,77,B1,PRESENT,Good understanding
ADM2025125,Vishnu Boddu,C7,A,SOC101,EXAM_Q1_C7_SOC101,Quarterly Examination 2025 - C7 Social Studies,100,80,B1,PRESENT,Good understanding
ADM2025126,Bhavya Maddela,C7,A,MATH101,EXAM_Q1_C7_MATH101,Quarterly Examination 2025 - C7 Mathematics,100,77,B1,PRESENT,Good understanding
ADM2025126,Bhavya Maddela,C7,A,ENG101,EXAM_Q1_C7_ENG101,Quarterly Examination 2025 - C7 English Language,100,79,B1,PRESENT,Good understanding
ADM2025126,Bhavya Maddela,C7,A,TEL101,EXAM_Q1_C7_TEL101,Quarterly Examination 2025 - C7 Telugu Regional Language,100,88,A2,PRESENT,Good understanding
ADM2025126,Bhavya Maddela,C7,A,HIN101,EXAM_Q1_C7_HIN101,Quarterly Examination 2025 - C7 Hindi Second Language,100,81,A2,PRESENT,Good understanding
ADM2025126,Bhavya Maddela,C7,A,SCI101,EXAM_Q1_C7_SCI101,Quarterly Examination 2025 - C7 General Science,100,84,A2,PRESENT,Good understanding
ADM2025126,Bhavya Maddela,C7,A,SOC101,EXAM_Q1_C7_SOC101,Quarterly Examination 2025 - C7 Social Studies,100,84,A2,PRESENT,Good understanding
ADM2025127,Sameer Komati,C7,A,MATH101,EXAM_Q1_C7_MATH101,Quarterly Examination 2025 - C7 Mathematics,100,86,A2,PRESENT,Good understanding
ADM2025127,Sameer Komati,C7,A,ENG101,EXAM_Q1_C7_ENG101,Quarterly Examination 2025 - C7 English Language,100,83,A2,PRESENT,Good understanding
ADM2025127,Sameer Komati,C7,A,TEL101,EXAM_Q1_C7_TEL101,Quarterly Examination 2025 - C7 Telugu Regional Language,100,89,A2,PRESENT,Good understanding
ADM2025127,Sameer Komati,C7,A,HIN101,EXAM_Q1_C7_HIN101,Quarterly Examination 2025 - C7 Hindi Second Language,100,81,A2,PRESENT,Good understanding
ADM2025127,Sameer Komati,C7,A,SCI101,EXAM_Q1_C7_SCI101,Quarterly Examination 2025 - C7 General Science,100,82,A2,PRESENT,Good understanding
ADM2025127,Sameer Komati,C7,A,SOC101,EXAM_Q1_C7_SOC101,Quarterly Examination 2025 - C7 Social Studies,100,89,A2,PRESENT,Good understanding
ADM2025128,Deepika Narra,C7,A,MATH101,EXAM_Q1_C7_MATH101,Quarterly Examination 2025 - C7 Mathematics,100,77,B1,PRESENT,Good understanding
ADM2025128,Deepika Narra,C7,A,ENG101,EXAM_Q1_C7_ENG101,Quarterly Examination 2025 - C7 English Language,100,81,A2,PRESENT,Good understanding
ADM2025128,Deepika Narra,C7,A,TEL101,EXAM_Q1_C7_TEL101,Quarterly Examination 2025 - C7 Telugu Regional Language,100,88,A2,PRESENT,Good understanding
ADM2025128,Deepika Narra,C7,A,HIN101,EXAM_Q1_C7_HIN101,Quarterly Examination 2025 - C7 Hindi Second Language,100,79,B1,PRESENT,Good understanding
ADM2025128,Deepika Narra,C7,A,SCI101,EXAM_Q1_C7_SCI101,Quarterly Examination 2025 - C7 General Science,100,78,B1,PRESENT,Good understanding
ADM2025128,Deepika Narra,C7,A,SOC101,EXAM_Q1_C7_SOC101,Quarterly Examination 2025 - C7 Social Studies,100,83,A2,PRESENT,Good understanding
ADM2025129,Sarath Thota,C7,A,MATH101,EXAM_Q1_C7_MATH101,Quarterly Examination 2025 - C7 Mathematics,100,80,B1,PRESENT,Good understanding
ADM2025129,Sarath Thota,C7,A,ENG101,EXAM_Q1_C7_ENG101,Quarterly Examination 2025 - C7 English Language,100,83,A2,PRESENT,Good understanding
ADM2025129,Sarath Thota,C7,A,TEL101,EXAM_Q1_C7_TEL101,Quarterly Examination 2025 - C7 Telugu Regional Language,100,87,A2,PRESENT,Good understanding
ADM2025129,Sarath Thota,C7,A,HIN101,EXAM_Q1_C7_HIN101,Quarterly Examination 2025 - C7 Hindi Second Language,100,82,A2,PRESENT,Good understanding
ADM2025129,Sarath Thota,C7,A,SCI101,EXAM_Q1_C7_SCI101,Quarterly Examination 2025 - C7 General Science,100,80,B1,PRESENT,Good understanding
ADM2025129,Sarath Thota,C7,A,SOC101,EXAM_Q1_C7_SOC101,Quarterly Examination 2025 - C7 Social Studies,100,82,A2,PRESENT,Good understanding
ADM2025130,Sahithi Avula,C7,A,MATH101,EXAM_Q1_C7_MATH101,Quarterly Examination 2025 - C7 Mathematics,100,70,B2,PRESENT,Satisfactory progress
ADM2025130,Sahithi Avula,C7,A,ENG101,EXAM_Q1_C7_ENG101,Quarterly Examination 2025 - C7 English Language,100,72,B1,PRESENT,Satisfactory progress
ADM2025130,Sahithi Avula,C7,A,TEL101,EXAM_Q1_C7_TEL101,Quarterly Examination 2025 - C7 Telugu Regional Language,100,75,B1,PRESENT,Good understanding
ADM2025130,Sahithi Avula,C7,A,HIN101,EXAM_Q1_C7_HIN101,Quarterly Examination 2025 - C7 Hindi Second Language,100,71,B1,PRESENT,Satisfactory progress
ADM2025130,Sahithi Avula,C7,A,SCI101,EXAM_Q1_C7_SCI101,Quarterly Examination 2025 - C7 General Science,100,76,B1,PRESENT,Good understanding
ADM2025130,Sahithi Avula,C7,A,SOC101,EXAM_Q1_C7_SOC101,Quarterly Examination 2025 - C7 Social Studies,100,73,B1,PRESENT,Satisfactory progress
ADM2025131,Harsha Siripuram,C7,A,MATH101,EXAM_Q1_C7_MATH101,Quarterly Examination 2025 - C7 Mathematics,100,64,B2,PRESENT,Satisfactory progress
ADM2025131,Harsha Siripuram,C7,A,ENG101,EXAM_Q1_C7_ENG101,Quarterly Examination 2025 - C7 English Language,100,65,B2,PRESENT,Satisfactory progress
ADM2025131,Harsha Siripuram,C7,A,TEL101,EXAM_Q1_C7_TEL101,Quarterly Examination 2025 - C7 Telugu Regional Language,100,76,B1,PRESENT,Good understanding
ADM2025131,Harsha Siripuram,C7,A,HIN101,EXAM_Q1_C7_HIN101,Quarterly Examination 2025 - C7 Hindi Second Language,100,66,B2,PRESENT,Satisfactory progress
ADM2025131,Harsha Siripuram,C7,A,SCI101,EXAM_Q1_C7_SCI101,Quarterly Examination 2025 - C7 General Science,100,71,B1,PRESENT,Satisfactory progress
ADM2025131,Harsha Siripuram,C7,A,SOC101,EXAM_Q1_C7_SOC101,Quarterly Examination 2025 - C7 Social Studies,100,72,B1,PRESENT,Satisfactory progress
ADM2025132,Sravya Yerra,C7,A,MATH101,EXAM_Q1_C7_MATH101,Quarterly Examination 2025 - C7 Mathematics,100,71,B1,PRESENT,Satisfactory progress
ADM2025132,Sravya Yerra,C7,A,ENG101,EXAM_Q1_C7_ENG101,Quarterly Examination 2025 - C7 English Language,100,75,B1,PRESENT,Good understanding
ADM2025132,Sravya Yerra,C7,A,TEL101,EXAM_Q1_C7_TEL101,Quarterly Examination 2025 - C7 Telugu Regional Language,100,83,A2,PRESENT,Good understanding
ADM2025132,Sravya Yerra,C7,A,HIN101,EXAM_Q1_C7_HIN101,Quarterly Examination 2025 - C7 Hindi Second Language,100,74,B1,PRESENT,Satisfactory progress
ADM2025132,Sravya Yerra,C7,A,SCI101,EXAM_Q1_C7_SCI101,Quarterly Examination 2025 - C7 General Science,100,75,B1,PRESENT,Good understanding
ADM2025132,Sravya Yerra,C7,A,SOC101,EXAM_Q1_C7_SOC101,Quarterly Examination 2025 - C7 Social Studies,100,74,B1,PRESENT,Satisfactory progress
ADM2025133,Venkatesh Goli,C7,A,MATH101,EXAM_Q1_C7_MATH101,Quarterly Examination 2025 - C7 Mathematics,100,75,B1,PRESENT,Good understanding
ADM2025133,Venkatesh Goli,C7,A,ENG101,EXAM_Q1_C7_ENG101,Quarterly Examination 2025 - C7 English Language,100,77,B1,PRESENT,Good understanding
ADM2025133,Venkatesh Goli,C7,A,TEL101,EXAM_Q1_C7_TEL101,Quarterly Examination 2025 - C7 Telugu Regional Language,100,76,B1,PRESENT,Good understanding
ADM2025133,Venkatesh Goli,C7,A,HIN101,EXAM_Q1_C7_HIN101,Quarterly Examination 2025 - C7 Hindi Second Language,100,74,B1,PRESENT,Satisfactory progress
ADM2025133,Venkatesh Goli,C7,A,SCI101,EXAM_Q1_C7_SCI101,Quarterly Examination 2025 - C7 General Science,100,73,B1,PRESENT,Satisfactory progress
ADM2025133,Venkatesh Goli,C7,A,SOC101,EXAM_Q1_C7_SOC101,Quarterly Examination 2025 - C7 Social Studies,100,76,B1,PRESENT,Good understanding
ADM2025134,Sirisha Sunkari,C7,A,MATH101,EXAM_Q1_C7_MATH101,Quarterly Examination 2025 - C7 Mathematics,100,62,B2,PRESENT,Satisfactory progress
ADM2025134,Sirisha Sunkari,C7,A,ENG101,EXAM_Q1_C7_ENG101,Quarterly Examination 2025 - C7 English Language,100,63,B2,PRESENT,Satisfactory progress
ADM2025134,Sirisha Sunkari,C7,A,TEL101,EXAM_Q1_C7_TEL101,Quarterly Examination 2025 - C7 Telugu Regional Language,100,71,B1,PRESENT,Satisfactory progress
ADM2025134,Sirisha Sunkari,C7,A,HIN101,EXAM_Q1_C7_HIN101,Quarterly Examination 2025 - C7 Hindi Second Language,100,64,B2,PRESENT,Satisfactory progress
ADM2025134,Sirisha Sunkari,C7,A,SCI101,EXAM_Q1_C7_SCI101,Quarterly Examination 2025 - C7 General Science,100,64,B2,PRESENT,Satisfactory progress
ADM2025134,Sirisha Sunkari,C7,A,SOC101,EXAM_Q1_C7_SOC101,Quarterly Examination 2025 - C7 Social Studies,100,63,B2,PRESENT,Satisfactory progress
ADM2025135,Rahul Mothukuri,C7,A,MATH101,EXAM_Q1_C7_MATH101,Quarterly Examination 2025 - C7 Mathematics,100,69,B2,PRESENT,Satisfactory progress
ADM2025135,Rahul Mothukuri,C7,A,ENG101,EXAM_Q1_C7_ENG101,Quarterly Examination 2025 - C7 English Language,100,74,B1,PRESENT,Satisfactory progress
ADM2025135,Rahul Mothukuri,C7,A,TEL101,EXAM_Q1_C7_TEL101,Quarterly Examination 2025 - C7 Telugu Regional Language,100,74,B1,PRESENT,Satisfactory progress
ADM2025135,Rahul Mothukuri,C7,A,HIN101,EXAM_Q1_C7_HIN101,Quarterly Examination 2025 - C7 Hindi Second Language,100,75,B1,PRESENT,Good understanding
ADM2025135,Rahul Mothukuri,C7,A,SCI101,EXAM_Q1_C7_SCI101,Quarterly Examination 2025 - C7 General Science,100,75,B1,PRESENT,Good understanding
ADM2025135,Rahul Mothukuri,C7,A,SOC101,EXAM_Q1_C7_SOC101,Quarterly Examination 2025 - C7 Social Studies,100,71,B1,PRESENT,Satisfactory progress
ADM2025136,Sanjana Dasari,C7,A,MATH101,EXAM_Q1_C7_MATH101,Quarterly Examination 2025 - C7 Mathematics,100,59,C1,PRESENT,Satisfactory progress
ADM2025136,Sanjana Dasari,C7,A,ENG101,EXAM_Q1_C7_ENG101,Quarterly Examination 2025 - C7 English Language,100,63,B2,PRESENT,Satisfactory progress
ADM2025136,Sanjana Dasari,C7,A,TEL101,EXAM_Q1_C7_TEL101,Quarterly Examination 2025 - C7 Telugu Regional Language,100,71,B1,PRESENT,Satisfactory progress
ADM2025136,Sanjana Dasari,C7,A,HIN101,EXAM_Q1_C7_HIN101,Quarterly Examination 2025 - C7 Hindi Second Language,100,65,B2,PRESENT,Satisfactory progress
ADM2025136,Sanjana Dasari,C7,A,SCI101,EXAM_Q1_C7_SCI101,Quarterly Examination 2025 - C7 General Science,100,64,B2,PRESENT,Satisfactory progress
ADM2025136,Sanjana Dasari,C7,A,SOC101,EXAM_Q1_C7_SOC101,Quarterly Examination 2025 - C7 Social Studies,100,59,C1,PRESENT,Satisfactory progress
ADM2025137,Rohit Challa,C7,A,MATH101,EXAM_Q1_C7_MATH101,Quarterly Examination 2025 - C7 Mathematics,100,60,C1,PRESENT,Satisfactory progress
ADM2025137,Rohit Challa,C7,A,ENG101,EXAM_Q1_C7_ENG101,Quarterly Examination 2025 - C7 English Language,100,64,B2,PRESENT,Satisfactory progress
ADM2025137,Rohit Challa,C7,A,TEL101,EXAM_Q1_C7_TEL101,Quarterly Examination 2025 - C7 Telugu Regional Language,100,65,B2,PRESENT,Satisfactory progress
ADM2025137,Rohit Challa,C7,A,HIN101,EXAM_Q1_C7_HIN101,Quarterly Examination 2025 - C7 Hindi Second Language,100,57,C1,PRESENT,Satisfactory progress
ADM2025137,Rohit Challa,C7,A,SCI101,EXAM_Q1_C7_SCI101,Quarterly Examination 2025 - C7 General Science,100,63,B2,PRESENT,Satisfactory progress
ADM2025137,Rohit Challa,C7,A,SOC101,EXAM_Q1_C7_SOC101,Quarterly Examination 2025 - C7 Social Studies,100,64,B2,PRESENT,Satisfactory progress
ADM2025138,Pavani Boya,C7,A,MATH101,EXAM_Q1_C7_MATH101,Quarterly Examination 2025 - C7 Mathematics,100,60,C1,PRESENT,Satisfactory progress
ADM2025138,Pavani Boya,C7,A,ENG101,EXAM_Q1_C7_ENG101,Quarterly Examination 2025 - C7 English Language,100,57,C1,PRESENT,Satisfactory progress
ADM2025138,Pavani Boya,C7,A,TEL101,EXAM_Q1_C7_TEL101,Quarterly Examination 2025 - C7 Telugu Regional Language,100,67,B2,PRESENT,Satisfactory progress
ADM2025138,Pavani Boya,C7,A,HIN101,EXAM_Q1_C7_HIN101,Quarterly Examination 2025 - C7 Hindi Second Language,100,56,C1,PRESENT,Satisfactory progress
ADM2025138,Pavani Boya,C7,A,SCI101,EXAM_Q1_C7_SCI101,Quarterly Examination 2025 - C7 General Science,100,58,C1,PRESENT,Satisfactory progress
ADM2025138,Pavani Boya,C7,A,SOC101,EXAM_Q1_C7_SOC101,Quarterly Examination 2025 - C7 Social Studies,100,64,B2,PRESENT,Satisfactory progress
ADM2025139,Kalyan Kammari,C7,A,MATH101,EXAM_Q1_C7_MATH101,Quarterly Examination 2025 - C7 Mathematics,100,55,C1,PRESENT,Satisfactory progress
ADM2025139,Kalyan Kammari,C7,A,ENG101,EXAM_Q1_C7_ENG101,Quarterly Examination 2025 - C7 English Language,100,56,C1,PRESENT,Satisfactory progress
ADM2025139,Kalyan Kammari,C7,A,TEL101,EXAM_Q1_C7_TEL101,Quarterly Examination 2025 - C7 Telugu Regional Language,100,57,C1,PRESENT,Satisfactory progress
ADM2025139,Kalyan Kammari,C7,A,HIN101,EXAM_Q1_C7_HIN101,Quarterly Examination 2025 - C7 Hindi Second Language,100,53,C1,PRESENT,Satisfactory progress
ADM2025139,Kalyan Kammari,C7,A,SCI101,EXAM_Q1_C7_SCI101,Quarterly Examination 2025 - C7 General Science,100,56,C1,PRESENT,Satisfactory progress
ADM2025139,Kalyan Kammari,C7,A,SOC101,EXAM_Q1_C7_SOC101,Quarterly Examination 2025 - C7 Social Studies,100,55,C1,PRESENT,Satisfactory progress
ADM2025140,Ananya Vangala,C7,A,MATH101,EXAM_Q1_C7_MATH101,Quarterly Examination 2025 - C7 Mathematics,100,63,B2,PRESENT,Satisfactory progress
ADM2025140,Ananya Vangala,C7,A,ENG101,EXAM_Q1_C7_ENG101,Quarterly Examination 2025 - C7 English Language,100,62,B2,PRESENT,Satisfactory progress
ADM2025140,Ananya Vangala,C7,A,TEL101,EXAM_Q1_C7_TEL101,Quarterly Examination 2025 - C7 Telugu Regional Language,100,74,B1,PRESENT,Satisfactory progress
ADM2025140,Ananya Vangala,C7,A,HIN101,EXAM_Q1_C7_HIN101,Quarterly Examination 2025 - C7 Hindi Second Language,100,69,B2,PRESENT,Satisfactory progress
ADM2025140,Ananya Vangala,C7,A,SCI101,EXAM_Q1_C7_SCI101,Quarterly Examination 2025 - C7 General Science,100,67,B2,PRESENT,Satisfactory progress
ADM2025140,Ananya Vangala,C7,A,SOC101,EXAM_Q1_C7_SOC101,Quarterly Examination 2025 - C7 Social Studies,100,69,B2,PRESENT,Satisfactory progress
ADM2025141,Abhinav Nallam,C7,A,MATH101,EXAM_Q1_C7_MATH101,Quarterly Examination 2025 - C7 Mathematics,100,49,C2,PRESENT,Needs remedial support
ADM2025141,Abhinav Nallam,C7,A,ENG101,EXAM_Q1_C7_ENG101,Quarterly Examination 2025 - C7 English Language,100,56,C1,PRESENT,Satisfactory progress
ADM2025141,Abhinav Nallam,C7,A,TEL101,EXAM_Q1_C7_TEL101,Quarterly Examination 2025 - C7 Telugu Regional Language,100,59,C1,PRESENT,Satisfactory progress
ADM2025141,Abhinav Nallam,C7,A,HIN101,EXAM_Q1_C7_HIN101,Quarterly Examination 2025 - C7 Hindi Second Language,100,50,C2,PRESENT,Satisfactory progress
ADM2025141,Abhinav Nallam,C7,A,SCI101,EXAM_Q1_C7_SCI101,Quarterly Examination 2025 - C7 General Science,100,54,C1,PRESENT,Satisfactory progress
ADM2025141,Abhinav Nallam,C7,A,SOC101,EXAM_Q1_C7_SOC101,Quarterly Examination 2025 - C7 Social Studies,100,52,C1,PRESENT,Satisfactory progress
ADM2025142,Ramya Katakam,C7,A,MATH101,EXAM_Q1_C7_MATH101,Quarterly Examination 2025 - C7 Mathematics,100,44,C2,PRESENT,Needs remedial support
ADM2025142,Ramya Katakam,C7,A,ENG101,EXAM_Q1_C7_ENG101,Quarterly Examination 2025 - C7 English Language,100,47,C2,PRESENT,Needs remedial support
ADM2025142,Ramya Katakam,C7,A,TEL101,EXAM_Q1_C7_TEL101,Quarterly Examination 2025 - C7 Telugu Regional Language,100,57,C1,PRESENT,Satisfactory progress
ADM2025142,Ramya Katakam,C7,A,HIN101,EXAM_Q1_C7_HIN101,Quarterly Examination 2025 - C7 Hindi Second Language,100,50,C2,PRESENT,Satisfactory progress
ADM2025142,Ramya Katakam,C7,A,SCI101,EXAM_Q1_C7_SCI101,Quarterly Examination 2025 - C7 General Science,100,51,C1,PRESENT,Satisfactory progress
ADM2025142,Ramya Katakam,C7,A,SOC101,EXAM_Q1_C7_SOC101,Quarterly Examination 2025 - C7 Social Studies,100,50,C2,PRESENT,Satisfactory progress
ADM2025143,Srikanth Gampa,C7,A,MATH101,EXAM_Q1_C7_MATH101,Quarterly Examination 2025 - C7 Mathematics,100,46,C2,PRESENT,Needs remedial support
ADM2025143,Srikanth Gampa,C7,A,ENG101,EXAM_Q1_C7_ENG101,Quarterly Examination 2025 - C7 English Language,100,48,C2,PRESENT,Needs remedial support
ADM2025143,Srikanth Gampa,C7,A,TEL101,EXAM_Q1_C7_TEL101,Quarterly Examination 2025 - C7 Telugu Regional Language,100,49,C2,PRESENT,Needs remedial support
ADM2025143,Srikanth Gampa,C7,A,HIN101,EXAM_Q1_C7_HIN101,Quarterly Examination 2025 - C7 Hindi Second Language,100,49,C2,PRESENT,Needs remedial support
ADM2025143,Srikanth Gampa,C7,A,SCI101,EXAM_Q1_C7_SCI101,Quarterly Examination 2025 - C7 General Science,100,51,C1,PRESENT,Satisfactory progress
ADM2025143,Srikanth Gampa,C7,A,SOC101,EXAM_Q1_C7_SOC101,Quarterly Examination 2025 - C7 Social Studies,100,49,C2,PRESENT,Needs remedial support
ADM2025144,Aadhya Peddinti,C7,A,MATH101,EXAM_Q1_C7_MATH101,Quarterly Examination 2025 - C7 Mathematics,100,50,C2,PRESENT,Satisfactory progress
ADM2025144,Aadhya Peddinti,C7,A,ENG101,EXAM_Q1_C7_ENG101,Quarterly Examination 2025 - C7 English Language,100,49,C2,PRESENT,Needs remedial support
ADM2025144,Aadhya Peddinti,C7,A,TEL101,EXAM_Q1_C7_TEL101,Quarterly Examination 2025 - C7 Telugu Regional Language,100,48,C2,PRESENT,Needs remedial support
ADM2025144,Aadhya Peddinti,C7,A,HIN101,EXAM_Q1_C7_HIN101,Quarterly Examination 2025 - C7 Hindi Second Language,100,48,C2,PRESENT,Needs remedial support
ADM2025144,Aadhya Peddinti,C7,A,SCI101,EXAM_Q1_C7_SCI101,Quarterly Examination 2025 - C7 General Science,100,45,C2,PRESENT,Needs remedial support
ADM2025144,Aadhya Peddinti,C7,A,SOC101,EXAM_Q1_C7_SOC101,Quarterly Examination 2025 - C7 Social Studies,100,45,C2,PRESENT,Needs remedial support
ADM2025145,Vignesh Komuravelli,C7,A,MATH101,EXAM_Q1_C7_MATH101,Quarterly Examination 2025 - C7 Mathematics,100,50,C2,PRESENT,Satisfactory progress
ADM2025145,Vignesh Komuravelli,C7,A,ENG101,EXAM_Q1_C7_ENG101,Quarterly Examination 2025 - C7 English Language,100,49,C2,PRESENT,Needs remedial support
ADM2025145,Vignesh Komuravelli,C7,A,TEL101,EXAM_Q1_C7_TEL101,Quarterly Examination 2025 - C7 Telugu Regional Language,100,54,C1,PRESENT,Satisfactory progress
ADM2025145,Vignesh Komuravelli,C7,A,HIN101,EXAM_Q1_C7_HIN101,Quarterly Examination 2025 - C7 Hindi Second Language,100,52,C1,PRESENT,Satisfactory progress
ADM2025145,Vignesh Komuravelli,C7,A,SCI101,EXAM_Q1_C7_SCI101,Quarterly Examination 2025 - C7 General Science,100,46,C2,PRESENT,Needs remedial support
ADM2025145,Vignesh Komuravelli,C7,A,SOC101,EXAM_Q1_C7_SOC101,Quarterly Examination 2025 - C7 Social Studies,100,55,C1,PRESENT,Satisfactory progress
ADM2025146,Amrutha Polisetty,C7,A,MATH101,EXAM_Q1_C7_MATH101,Quarterly Examination 2025 - C7 Mathematics,100,43,C2,PRESENT,Needs remedial support
ADM2025146,Amrutha Polisetty,C7,A,ENG101,EXAM_Q1_C7_ENG101,Quarterly Examination 2025 - C7 English Language,100,45,C2,PRESENT,Needs remedial support
ADM2025146,Amrutha Polisetty,C7,A,TEL101,EXAM_Q1_C7_TEL101,Quarterly Examination 2025 - C7 Telugu Regional Language,100,53,C1,PRESENT,Satisfactory progress
ADM2025146,Amrutha Polisetty,C7,A,HIN101,EXAM_Q1_C7_HIN101,Quarterly Examination 2025 - C7 Hindi Second Language,100,45,C2,PRESENT,Needs remedial support
ADM2025146,Amrutha Polisetty,C7,A,SCI101,EXAM_Q1_C7_SCI101,Quarterly Examination 2025 - C7 General Science,100,42,C2,PRESENT,Needs remedial support
ADM2025146,Amrutha Polisetty,C7,A,SOC101,EXAM_Q1_C7_SOC101,Quarterly Examination 2025 - C7 Social Studies,100,44,C2,PRESENT,Needs remedial support
ADM2025147,Anirudh Katta,C7,A,MATH101,EXAM_Q1_C7_MATH101,Quarterly Examination 2025 - C7 Mathematics,100,53,C1,PRESENT,Satisfactory progress
ADM2025147,Anirudh Katta,C7,A,ENG101,EXAM_Q1_C7_ENG101,Quarterly Examination 2025 - C7 English Language,100,49,C2,PRESENT,Needs remedial support
ADM2025147,Anirudh Katta,C7,A,TEL101,EXAM_Q1_C7_TEL101,Quarterly Examination 2025 - C7 Telugu Regional Language,100,51,C1,PRESENT,Satisfactory progress
ADM2025147,Anirudh Katta,C7,A,HIN101,EXAM_Q1_C7_HIN101,Quarterly Examination 2025 - C7 Hindi Second Language,100,53,C1,PRESENT,Satisfactory progress
ADM2025147,Anirudh Katta,C7,A,SCI101,EXAM_Q1_C7_SCI101,Quarterly Examination 2025 - C7 General Science,100,49,C2,PRESENT,Needs remedial support
ADM2025147,Anirudh Katta,C7,A,SOC101,EXAM_Q1_C7_SOC101,Quarterly Examination 2025 - C7 Social Studies,100,53,C1,PRESENT,Satisfactory progress
ADM2025148,Alekhya Chilukuri,C7,A,MATH101,EXAM_Q1_C7_MATH101,Quarterly Examination 2025 - C7 Mathematics,100,50,C2,PRESENT,Satisfactory progress
ADM2025148,Alekhya Chilukuri,C7,A,ENG101,EXAM_Q1_C7_ENG101,Quarterly Examination 2025 - C7 English Language,100,51,C1,PRESENT,Satisfactory progress
ADM2025148,Alekhya Chilukuri,C7,A,TEL101,EXAM_Q1_C7_TEL101,Quarterly Examination 2025 - C7 Telugu Regional Language,100,52,C1,PRESENT,Satisfactory progress
ADM2025148,Alekhya Chilukuri,C7,A,HIN101,EXAM_Q1_C7_HIN101,Quarterly Examination 2025 - C7 Hindi Second Language,100,45,C2,PRESENT,Needs remedial support
ADM2025148,Alekhya Chilukuri,C7,A,SCI101,EXAM_Q1_C7_SCI101,Quarterly Examination 2025 - C7 General Science,100,49,C2,PRESENT,Needs remedial support
ADM2025148,Alekhya Chilukuri,C7,A,SOC101,EXAM_Q1_C7_SOC101,Quarterly Examination 2025 - C7 Social Studies,100,52,C1,PRESENT,Satisfactory progress
ADM2025149,Anirudh Medasani,C7,A,MATH101,EXAM_Q1_C7_MATH101,Quarterly Examination 2025 - C7 Mathematics,100,42,C2,PRESENT,Needs remedial support
ADM2025149,Anirudh Medasani,C7,A,ENG101,EXAM_Q1_C7_ENG101,Quarterly Examination 2025 - C7 English Language,100,41,C2,PRESENT,Needs remedial support
ADM2025149,Anirudh Medasani,C7,A,TEL101,EXAM_Q1_C7_TEL101,Quarterly Examination 2025 - C7 Telugu Regional Language,100,47,C2,PRESENT,Needs remedial support
ADM2025149,Anirudh Medasani,C7,A,HIN101,EXAM_Q1_C7_HIN101,Quarterly Examination 2025 - C7 Hindi Second Language,100,43,C2,PRESENT,Needs remedial support
ADM2025149,Anirudh Medasani,C7,A,SCI101,EXAM_Q1_C7_SCI101,Quarterly Examination 2025 - C7 General Science,100,43,C2,PRESENT,Needs remedial support
ADM2025149,Anirudh Medasani,C7,A,SOC101,EXAM_Q1_C7_SOC101,Quarterly Examination 2025 - C7 Social Studies,100,38,D,PRESENT,Needs remedial support
ADM2025150,Ishwarya Nimmagadda,C7,A,MATH101,EXAM_Q1_C7_MATH101,Quarterly Examination 2025 - C7 Mathematics,100,46,C2,PRESENT,Needs remedial support
ADM2025150,Ishwarya Nimmagadda,C7,A,ENG101,EXAM_Q1_C7_ENG101,Quarterly Examination 2025 - C7 English Language,100,47,C2,PRESENT,Needs remedial support
ADM2025150,Ishwarya Nimmagadda,C7,A,TEL101,EXAM_Q1_C7_TEL101,Quarterly Examination 2025 - C7 Telugu Regional Language,100,48,C2,PRESENT,Needs remedial support
ADM2025150,Ishwarya Nimmagadda,C7,A,HIN101,EXAM_Q1_C7_HIN101,Quarterly Examination 2025 - C7 Hindi Second Language,100,46,C2,PRESENT,Needs remedial support
ADM2025150,Ishwarya Nimmagadda,C7,A,SCI101,EXAM_Q1_C7_SCI101,Quarterly Examination 2025 - C7 General Science,100,43,C2,PRESENT,Needs remedial support
ADM2025150,Ishwarya Nimmagadda,C7,A,SOC101,EXAM_Q1_C7_SOC101,Quarterly Examination 2025 - C7 Social Studies,100,52,C1,PRESENT,Satisfactory progress
ADM2025151,Uday Rao,C7,B,MATH101,EXAM_Q1_C7_MATH101,Quarterly Examination 2025 - C7 Mathematics,100,91,A1,PRESENT,Outstanding performance
ADM2025151,Uday Rao,C7,B,ENG101,EXAM_Q1_C7_ENG101,Quarterly Examination 2025 - C7 English Language,100,89,A2,PRESENT,Good understanding
ADM2025151,Uday Rao,C7,B,TEL101,EXAM_Q1_C7_TEL101,Quarterly Examination 2025 - C7 Telugu Regional Language,100,90,A2,PRESENT,Outstanding performance
ADM2025151,Uday Rao,C7,B,HIN101,EXAM_Q1_C7_HIN101,Quarterly Examination 2025 - C7 Hindi Second Language,100,90,A2,PRESENT,Outstanding performance
ADM2025151,Uday Rao,C7,B,SCI101,EXAM_Q1_C7_SCI101,Quarterly Examination 2025 - C7 General Science,100,84,A2,PRESENT,Good understanding
ADM2025151,Uday Rao,C7,B,SOC101,EXAM_Q1_C7_SOC101,Quarterly Examination 2025 - C7 Social Studies,100,87,A2,PRESENT,Good understanding
ADM2025152,Harini Reddy,C7,B,MATH101,EXAM_Q1_C7_MATH101,Quarterly Examination 2025 - C7 Mathematics,100,92,A1,PRESENT,Outstanding performance
ADM2025152,Harini Reddy,C7,B,ENG101,EXAM_Q1_C7_ENG101,Quarterly Examination 2025 - C7 English Language,100,89,A2,PRESENT,Good understanding
ADM2025152,Harini Reddy,C7,B,TEL101,EXAM_Q1_C7_TEL101,Quarterly Examination 2025 - C7 Telugu Regional Language,100,91,A1,PRESENT,Outstanding performance
ADM2025152,Harini Reddy,C7,B,HIN101,EXAM_Q1_C7_HIN101,Quarterly Examination 2025 - C7 Hindi Second Language,100,89,A2,PRESENT,Good understanding
ADM2025152,Harini Reddy,C7,B,SCI101,EXAM_Q1_C7_SCI101,Quarterly Examination 2025 - C7 General Science,100,93,A1,PRESENT,Outstanding performance
ADM2025152,Harini Reddy,C7,B,SOC101,EXAM_Q1_C7_SOC101,Quarterly Examination 2025 - C7 Social Studies,100,93,A1,PRESENT,Outstanding performance
ADM2025153,Deepak Sharma,C7,B,MATH101,EXAM_Q1_C7_MATH101,Quarterly Examination 2025 - C7 Mathematics,100,88,A2,PRESENT,Good understanding
ADM2025153,Deepak Sharma,C7,B,ENG101,EXAM_Q1_C7_ENG101,Quarterly Examination 2025 - C7 English Language,100,95,A1,PRESENT,Outstanding performance
ADM2025153,Deepak Sharma,C7,B,TEL101,EXAM_Q1_C7_TEL101,Quarterly Examination 2025 - C7 Telugu Regional Language,100,94,A1,PRESENT,Outstanding performance
ADM2025153,Deepak Sharma,C7,B,HIN101,EXAM_Q1_C7_HIN101,Quarterly Examination 2025 - C7 Hindi Second Language,100,91,A1,PRESENT,Outstanding performance
ADM2025153,Deepak Sharma,C7,B,SCI101,EXAM_Q1_C7_SCI101,Quarterly Examination 2025 - C7 General Science,100,93,A1,PRESENT,Outstanding performance
ADM2025153,Deepak Sharma,C7,B,SOC101,EXAM_Q1_C7_SOC101,Quarterly Examination 2025 - C7 Social Studies,100,91,A1,PRESENT,Outstanding performance
ADM2025154,Vandana Goud,C7,B,MATH101,EXAM_Q1_C7_MATH101,Quarterly Examination 2025 - C7 Mathematics,100,88,A2,PRESENT,Good understanding
ADM2025154,Vandana Goud,C7,B,ENG101,EXAM_Q1_C7_ENG101,Quarterly Examination 2025 - C7 English Language,100,84,A2,PRESENT,Good understanding
ADM2025154,Vandana Goud,C7,B,TEL101,EXAM_Q1_C7_TEL101,Quarterly Examination 2025 - C7 Telugu Regional Language,100,93,A1,PRESENT,Outstanding performance
ADM2025154,Vandana Goud,C7,B,HIN101,EXAM_Q1_C7_HIN101,Quarterly Examination 2025 - C7 Hindi Second Language,100,91,A1,PRESENT,Outstanding performance
ADM2025154,Vandana Goud,C7,B,SCI101,EXAM_Q1_C7_SCI101,Quarterly Examination 2025 - C7 General Science,100,87,A2,PRESENT,Good understanding
ADM2025154,Vandana Goud,C7,B,SOC101,EXAM_Q1_C7_SOC101,Quarterly Examination 2025 - C7 Social Studies,100,86,A2,PRESENT,Good understanding
ADM2025155,Siddharth Chowdary,C7,B,MATH101,EXAM_Q1_C7_MATH101,Quarterly Examination 2025 - C7 Mathematics,100,76,B1,PRESENT,Good understanding
ADM2025155,Siddharth Chowdary,C7,B,ENG101,EXAM_Q1_C7_ENG101,Quarterly Examination 2025 - C7 English Language,100,74,B1,PRESENT,Satisfactory progress
ADM2025155,Siddharth Chowdary,C7,B,TEL101,EXAM_Q1_C7_TEL101,Quarterly Examination 2025 - C7 Telugu Regional Language,100,81,A2,PRESENT,Good understanding
ADM2025155,Siddharth Chowdary,C7,B,HIN101,EXAM_Q1_C7_HIN101,Quarterly Examination 2025 - C7 Hindi Second Language,100,75,B1,PRESENT,Good understanding
ADM2025155,Siddharth Chowdary,C7,B,SCI101,EXAM_Q1_C7_SCI101,Quarterly Examination 2025 - C7 General Science,100,77,B1,PRESENT,Good understanding
ADM2025155,Siddharth Chowdary,C7,B,SOC101,EXAM_Q1_C7_SOC101,Quarterly Examination 2025 - C7 Social Studies,100,75,B1,PRESENT,Good understanding
ADM2025156,Ishwarya Varma,C7,B,MATH101,EXAM_Q1_C7_MATH101,Quarterly Examination 2025 - C7 Mathematics,100,75,B1,PRESENT,Good understanding
ADM2025156,Ishwarya Varma,C7,B,ENG101,EXAM_Q1_C7_ENG101,Quarterly Examination 2025 - C7 English Language,100,73,B1,PRESENT,Satisfactory progress
ADM2025156,Ishwarya Varma,C7,B,TEL101,EXAM_Q1_C7_TEL101,Quarterly Examination 2025 - C7 Telugu Regional Language,100,83,A2,PRESENT,Good understanding
ADM2025156,Ishwarya Varma,C7,B,HIN101,EXAM_Q1_C7_HIN101,Quarterly Examination 2025 - C7 Hindi Second Language,100,72,B1,PRESENT,Satisfactory progress
ADM2025156,Ishwarya Varma,C7,B,SCI101,EXAM_Q1_C7_SCI101,Quarterly Examination 2025 - C7 General Science,100,77,B1,PRESENT,Good understanding
ADM2025156,Ishwarya Varma,C7,B,SOC101,EXAM_Q1_C7_SOC101,Quarterly Examination 2025 - C7 Social Studies,100,78,B1,PRESENT,Good understanding
ADM2025157,Sameer Naidu,C7,B,MATH101,EXAM_Q1_C7_MATH101,Quarterly Examination 2025 - C7 Mathematics,100,72,B1,PRESENT,Satisfactory progress
ADM2025157,Sameer Naidu,C7,B,ENG101,EXAM_Q1_C7_ENG101,Quarterly Examination 2025 - C7 English Language,100,72,B1,PRESENT,Satisfactory progress
ADM2025157,Sameer Naidu,C7,B,TEL101,EXAM_Q1_C7_TEL101,Quarterly Examination 2025 - C7 Telugu Regional Language,100,80,B1,PRESENT,Good understanding
ADM2025157,Sameer Naidu,C7,B,HIN101,EXAM_Q1_C7_HIN101,Quarterly Examination 2025 - C7 Hindi Second Language,100,75,B1,PRESENT,Good understanding
ADM2025157,Sameer Naidu,C7,B,SCI101,EXAM_Q1_C7_SCI101,Quarterly Examination 2025 - C7 General Science,100,76,B1,PRESENT,Good understanding
ADM2025157,Sameer Naidu,C7,B,SOC101,EXAM_Q1_C7_SOC101,Quarterly Examination 2025 - C7 Social Studies,100,70,B2,PRESENT,Satisfactory progress
ADM2025158,Niharika Gupta,C7,B,MATH101,EXAM_Q1_C7_MATH101,Quarterly Examination 2025 - C7 Mathematics,100,80,B1,PRESENT,Good understanding
ADM2025158,Niharika Gupta,C7,B,ENG101,EXAM_Q1_C7_ENG101,Quarterly Examination 2025 - C7 English Language,100,75,B1,PRESENT,Good understanding
ADM2025158,Niharika Gupta,C7,B,TEL101,EXAM_Q1_C7_TEL101,Quarterly Examination 2025 - C7 Telugu Regional Language,100,79,B1,PRESENT,Good understanding
ADM2025158,Niharika Gupta,C7,B,HIN101,EXAM_Q1_C7_HIN101,Quarterly Examination 2025 - C7 Hindi Second Language,100,82,A2,PRESENT,Good understanding
ADM2025158,Niharika Gupta,C7,B,SCI101,EXAM_Q1_C7_SCI101,Quarterly Examination 2025 - C7 General Science,100,77,B1,PRESENT,Good understanding
ADM2025158,Niharika Gupta,C7,B,SOC101,EXAM_Q1_C7_SOC101,Quarterly Examination 2025 - C7 Social Studies,100,78,B1,PRESENT,Good understanding
ADM2025159,Bhavan Murthy,C7,B,MATH101,EXAM_Q1_C7_MATH101,Quarterly Examination 2025 - C7 Mathematics,100,76,B1,PRESENT,Good understanding
ADM2025159,Bhavan Murthy,C7,B,ENG101,EXAM_Q1_C7_ENG101,Quarterly Examination 2025 - C7 English Language,100,79,B1,PRESENT,Good understanding
ADM2025159,Bhavan Murthy,C7,B,TEL101,EXAM_Q1_C7_TEL101,Quarterly Examination 2025 - C7 Telugu Regional Language,100,85,A2,PRESENT,Good understanding
ADM2025159,Bhavan Murthy,C7,B,HIN101,EXAM_Q1_C7_HIN101,Quarterly Examination 2025 - C7 Hindi Second Language,100,76,B1,PRESENT,Good understanding
ADM2025159,Bhavan Murthy,C7,B,SCI101,EXAM_Q1_C7_SCI101,Quarterly Examination 2025 - C7 General Science,100,78,B1,PRESENT,Good understanding
ADM2025159,Bhavan Murthy,C7,B,SOC101,EXAM_Q1_C7_SOC101,Quarterly Examination 2025 - C7 Social Studies,100,78,B1,PRESENT,Good understanding
ADM2025160,Sharanya Sastry,C7,B,MATH101,EXAM_Q1_C7_MATH101,Quarterly Examination 2025 - C7 Mathematics,100,72,B1,PRESENT,Satisfactory progress
ADM2025160,Sharanya Sastry,C7,B,ENG101,EXAM_Q1_C7_ENG101,Quarterly Examination 2025 - C7 English Language,100,76,B1,PRESENT,Good understanding
ADM2025160,Sharanya Sastry,C7,B,TEL101,EXAM_Q1_C7_TEL101,Quarterly Examination 2025 - C7 Telugu Regional Language,100,77,B1,PRESENT,Good understanding
ADM2025160,Sharanya Sastry,C7,B,HIN101,EXAM_Q1_C7_HIN101,Quarterly Examination 2025 - C7 Hindi Second Language,100,71,B1,PRESENT,Satisfactory progress
ADM2025160,Sharanya Sastry,C7,B,SCI101,EXAM_Q1_C7_SCI101,Quarterly Examination 2025 - C7 General Science,100,76,B1,PRESENT,Good understanding
ADM2025160,Sharanya Sastry,C7,B,SOC101,EXAM_Q1_C7_SOC101,Quarterly Examination 2025 - C7 Social Studies,100,75,B1,PRESENT,Good understanding
ADM2025161,Pavan Babu,C7,B,MATH101,EXAM_Q1_C7_MATH101,Quarterly Examination 2025 - C7 Mathematics,100,70,B2,PRESENT,Satisfactory progress
ADM2025161,Pavan Babu,C7,B,ENG101,EXAM_Q1_C7_ENG101,Quarterly Examination 2025 - C7 English Language,100,69,B2,PRESENT,Satisfactory progress
ADM2025161,Pavan Babu,C7,B,TEL101,EXAM_Q1_C7_TEL101,Quarterly Examination 2025 - C7 Telugu Regional Language,100,73,B1,PRESENT,Satisfactory progress
ADM2025161,Pavan Babu,C7,B,HIN101,EXAM_Q1_C7_HIN101,Quarterly Examination 2025 - C7 Hindi Second Language,100,71,B1,PRESENT,Satisfactory progress
ADM2025161,Pavan Babu,C7,B,SCI101,EXAM_Q1_C7_SCI101,Quarterly Examination 2025 - C7 General Science,100,75,B1,PRESENT,Good understanding
ADM2025161,Pavan Babu,C7,B,SOC101,EXAM_Q1_C7_SOC101,Quarterly Examination 2025 - C7 Social Studies,100,69,B2,PRESENT,Satisfactory progress
ADM2025162,Niharika Yadav,C7,B,MATH101,EXAM_Q1_C7_MATH101,Quarterly Examination 2025 - C7 Mathematics,100,75,B1,PRESENT,Good understanding
ADM2025162,Niharika Yadav,C7,B,ENG101,EXAM_Q1_C7_ENG101,Quarterly Examination 2025 - C7 English Language,100,74,B1,PRESENT,Satisfactory progress
ADM2025162,Niharika Yadav,C7,B,TEL101,EXAM_Q1_C7_TEL101,Quarterly Examination 2025 - C7 Telugu Regional Language,100,85,A2,PRESENT,Good understanding
ADM2025162,Niharika Yadav,C7,B,HIN101,EXAM_Q1_C7_HIN101,Quarterly Examination 2025 - C7 Hindi Second Language,100,77,B1,PRESENT,Good understanding
ADM2025162,Niharika Yadav,C7,B,SCI101,EXAM_Q1_C7_SCI101,Quarterly Examination 2025 - C7 General Science,100,80,B1,PRESENT,Good understanding
ADM2025162,Niharika Yadav,C7,B,SOC101,EXAM_Q1_C7_SOC101,Quarterly Examination 2025 - C7 Social Studies,100,77,B1,PRESENT,Good understanding
ADM2025163,Vijay Patel,C7,B,MATH101,EXAM_Q1_C7_MATH101,Quarterly Examination 2025 - C7 Mathematics,100,64,B2,PRESENT,Satisfactory progress
ADM2025163,Vijay Patel,C7,B,ENG101,EXAM_Q1_C7_ENG101,Quarterly Examination 2025 - C7 English Language,100,67,B2,PRESENT,Satisfactory progress
ADM2025163,Vijay Patel,C7,B,TEL101,EXAM_Q1_C7_TEL101,Quarterly Examination 2025 - C7 Telugu Regional Language,100,67,B2,PRESENT,Satisfactory progress
ADM2025163,Vijay Patel,C7,B,HIN101,EXAM_Q1_C7_HIN101,Quarterly Examination 2025 - C7 Hindi Second Language,100,63,B2,PRESENT,Satisfactory progress
ADM2025163,Vijay Patel,C7,B,SCI101,EXAM_Q1_C7_SCI101,Quarterly Examination 2025 - C7 General Science,100,59,C1,PRESENT,Satisfactory progress
ADM2025163,Vijay Patel,C7,B,SOC101,EXAM_Q1_C7_SOC101,Quarterly Examination 2025 - C7 Social Studies,100,65,B2,PRESENT,Satisfactory progress
ADM2025164,Shravani Venkatesh,C7,B,MATH101,EXAM_Q1_C7_MATH101,Quarterly Examination 2025 - C7 Mathematics,100,75,B1,PRESENT,Good understanding
ADM2025164,Shravani Venkatesh,C7,B,ENG101,EXAM_Q1_C7_ENG101,Quarterly Examination 2025 - C7 English Language,100,76,B1,PRESENT,Good understanding
ADM2025164,Shravani Venkatesh,C7,B,TEL101,EXAM_Q1_C7_TEL101,Quarterly Examination 2025 - C7 Telugu Regional Language,100,82,A2,PRESENT,Good understanding
ADM2025164,Shravani Venkatesh,C7,B,HIN101,EXAM_Q1_C7_HIN101,Quarterly Examination 2025 - C7 Hindi Second Language,100,75,B1,PRESENT,Good understanding
ADM2025164,Shravani Venkatesh,C7,B,SCI101,EXAM_Q1_C7_SCI101,Quarterly Examination 2025 - C7 General Science,100,76,B1,PRESENT,Good understanding
ADM2025164,Shravani Venkatesh,C7,B,SOC101,EXAM_Q1_C7_SOC101,Quarterly Examination 2025 - C7 Social Studies,100,74,B1,PRESENT,Satisfactory progress
ADM2025165,Teja Vemula,C7,B,MATH101,EXAM_Q1_C7_MATH101,Quarterly Examination 2025 - C7 Mathematics,100,57,C1,PRESENT,Satisfactory progress
ADM2025165,Teja Vemula,C7,B,ENG101,EXAM_Q1_C7_ENG101,Quarterly Examination 2025 - C7 English Language,100,58,C1,PRESENT,Satisfactory progress
ADM2025165,Teja Vemula,C7,B,TEL101,EXAM_Q1_C7_TEL101,Quarterly Examination 2025 - C7 Telugu Regional Language,100,68,B2,PRESENT,Satisfactory progress
ADM2025165,Teja Vemula,C7,B,HIN101,EXAM_Q1_C7_HIN101,Quarterly Examination 2025 - C7 Hindi Second Language,100,57,C1,PRESENT,Satisfactory progress
ADM2025165,Teja Vemula,C7,B,SCI101,EXAM_Q1_C7_SCI101,Quarterly Examination 2025 - C7 General Science,100,61,B2,PRESENT,Satisfactory progress
ADM2025165,Teja Vemula,C7,B,SOC101,EXAM_Q1_C7_SOC101,Quarterly Examination 2025 - C7 Social Studies,100,61,B2,PRESENT,Satisfactory progress
ADM2025166,Amrutha Bandi,C7,B,MATH101,EXAM_Q1_C7_MATH101,Quarterly Examination 2025 - C7 Mathematics,100,68,B2,PRESENT,Satisfactory progress
ADM2025166,Amrutha Bandi,C7,B,ENG101,EXAM_Q1_C7_ENG101,Quarterly Examination 2025 - C7 English Language,100,71,B1,PRESENT,Satisfactory progress
ADM2025166,Amrutha Bandi,C7,B,TEL101,EXAM_Q1_C7_TEL101,Quarterly Examination 2025 - C7 Telugu Regional Language,100,70,B2,PRESENT,Satisfactory progress
ADM2025166,Amrutha Bandi,C7,B,HIN101,EXAM_Q1_C7_HIN101,Quarterly Examination 2025 - C7 Hindi Second Language,100,68,B2,PRESENT,Satisfactory progress
ADM2025166,Amrutha Bandi,C7,B,SCI101,EXAM_Q1_C7_SCI101,Quarterly Examination 2025 - C7 General Science,100,73,B1,PRESENT,Satisfactory progress
ADM2025166,Amrutha Bandi,C7,B,SOC101,EXAM_Q1_C7_SOC101,Quarterly Examination 2025 - C7 Social Studies,100,72,B1,PRESENT,Satisfactory progress
ADM2025167,Vijay Kandula,C7,B,MATH101,EXAM_Q1_C7_MATH101,Quarterly Examination 2025 - C7 Mathematics,100,65,B2,PRESENT,Satisfactory progress
ADM2025167,Vijay Kandula,C7,B,ENG101,EXAM_Q1_C7_ENG101,Quarterly Examination 2025 - C7 English Language,100,67,B2,PRESENT,Satisfactory progress
ADM2025167,Vijay Kandula,C7,B,TEL101,EXAM_Q1_C7_TEL101,Quarterly Examination 2025 - C7 Telugu Regional Language,100,65,B2,PRESENT,Satisfactory progress
ADM2025167,Vijay Kandula,C7,B,HIN101,EXAM_Q1_C7_HIN101,Quarterly Examination 2025 - C7 Hindi Second Language,100,69,B2,PRESENT,Satisfactory progress
ADM2025167,Vijay Kandula,C7,B,SCI101,EXAM_Q1_C7_SCI101,Quarterly Examination 2025 - C7 General Science,100,65,B2,PRESENT,Satisfactory progress
ADM2025167,Vijay Kandula,C7,B,SOC101,EXAM_Q1_C7_SOC101,Quarterly Examination 2025 - C7 Social Studies,100,64,B2,PRESENT,Satisfactory progress
ADM2025168,Sruthi Gudepu,C7,B,MATH101,EXAM_Q1_C7_MATH101,Quarterly Examination 2025 - C7 Mathematics,100,62,B2,PRESENT,Satisfactory progress
ADM2025168,Sruthi Gudepu,C7,B,ENG101,EXAM_Q1_C7_ENG101,Quarterly Examination 2025 - C7 English Language,100,68,B2,PRESENT,Satisfactory progress
ADM2025168,Sruthi Gudepu,C7,B,TEL101,EXAM_Q1_C7_TEL101,Quarterly Examination 2025 - C7 Telugu Regional Language,100,72,B1,PRESENT,Satisfactory progress
ADM2025168,Sruthi Gudepu,C7,B,HIN101,EXAM_Q1_C7_HIN101,Quarterly Examination 2025 - C7 Hindi Second Language,100,66,B2,PRESENT,Satisfactory progress
ADM2025168,Sruthi Gudepu,C7,B,SCI101,EXAM_Q1_C7_SCI101,Quarterly Examination 2025 - C7 General Science,100,61,B2,PRESENT,Satisfactory progress
ADM2025168,Sruthi Gudepu,C7,B,SOC101,EXAM_Q1_C7_SOC101,Quarterly Examination 2025 - C7 Social Studies,100,69,B2,PRESENT,Satisfactory progress
ADM2025169,Bhavan Singireddy,C7,B,MATH101,EXAM_Q1_C7_MATH101,Quarterly Examination 2025 - C7 Mathematics,100,62,B2,PRESENT,Satisfactory progress
ADM2025169,Bhavan Singireddy,C7,B,ENG101,EXAM_Q1_C7_ENG101,Quarterly Examination 2025 - C7 English Language,100,56,C1,PRESENT,Satisfactory progress
ADM2025169,Bhavan Singireddy,C7,B,TEL101,EXAM_Q1_C7_TEL101,Quarterly Examination 2025 - C7 Telugu Regional Language,100,61,B2,PRESENT,Satisfactory progress
ADM2025169,Bhavan Singireddy,C7,B,HIN101,EXAM_Q1_C7_HIN101,Quarterly Examination 2025 - C7 Hindi Second Language,100,57,C1,PRESENT,Satisfactory progress
ADM2025169,Bhavan Singireddy,C7,B,SCI101,EXAM_Q1_C7_SCI101,Quarterly Examination 2025 - C7 General Science,100,56,C1,PRESENT,Satisfactory progress
ADM2025169,Bhavan Singireddy,C7,B,SOC101,EXAM_Q1_C7_SOC101,Quarterly Examination 2025 - C7 Social Studies,100,58,C1,PRESENT,Satisfactory progress
ADM2025170,Geetha Pothula,C7,B,MATH101,EXAM_Q1_C7_MATH101,Quarterly Examination 2025 - C7 Mathematics,100,59,C1,PRESENT,Satisfactory progress
ADM2025170,Geetha Pothula,C7,B,ENG101,EXAM_Q1_C7_ENG101,Quarterly Examination 2025 - C7 English Language,100,66,B2,PRESENT,Satisfactory progress
ADM2025170,Geetha Pothula,C7,B,TEL101,EXAM_Q1_C7_TEL101,Quarterly Examination 2025 - C7 Telugu Regional Language,100,70,B2,PRESENT,Satisfactory progress
ADM2025170,Geetha Pothula,C7,B,HIN101,EXAM_Q1_C7_HIN101,Quarterly Examination 2025 - C7 Hindi Second Language,100,66,B2,PRESENT,Satisfactory progress
ADM2025170,Geetha Pothula,C7,B,SCI101,EXAM_Q1_C7_SCI101,Quarterly Examination 2025 - C7 General Science,100,59,C1,PRESENT,Satisfactory progress
ADM2025170,Geetha Pothula,C7,B,SOC101,EXAM_Q1_C7_SOC101,Quarterly Examination 2025 - C7 Social Studies,100,64,B2,PRESENT,Satisfactory progress
ADM2025171,Satish Kondapalli,C7,B,MATH101,EXAM_Q1_C7_MATH101,Quarterly Examination 2025 - C7 Mathematics,100,53,C1,PRESENT,Satisfactory progress
ADM2025171,Satish Kondapalli,C7,B,ENG101,EXAM_Q1_C7_ENG101,Quarterly Examination 2025 - C7 English Language,100,57,C1,PRESENT,Satisfactory progress
ADM2025171,Satish Kondapalli,C7,B,TEL101,EXAM_Q1_C7_TEL101,Quarterly Examination 2025 - C7 Telugu Regional Language,100,63,B2,PRESENT,Satisfactory progress
ADM2025171,Satish Kondapalli,C7,B,HIN101,EXAM_Q1_C7_HIN101,Quarterly Examination 2025 - C7 Hindi Second Language,100,59,C1,PRESENT,Satisfactory progress
ADM2025171,Satish Kondapalli,C7,B,SCI101,EXAM_Q1_C7_SCI101,Quarterly Examination 2025 - C7 General Science,100,55,C1,PRESENT,Satisfactory progress
ADM2025171,Satish Kondapalli,C7,B,SOC101,EXAM_Q1_C7_SOC101,Quarterly Examination 2025 - C7 Social Studies,100,63,B2,PRESENT,Satisfactory progress
ADM2025172,Bhavya Malkapuram,C7,B,MATH101,EXAM_Q1_C7_MATH101,Quarterly Examination 2025 - C7 Mathematics,100,51,C1,PRESENT,Satisfactory progress
ADM2025172,Bhavya Malkapuram,C7,B,ENG101,EXAM_Q1_C7_ENG101,Quarterly Examination 2025 - C7 English Language,100,54,C1,PRESENT,Satisfactory progress
ADM2025172,Bhavya Malkapuram,C7,B,TEL101,EXAM_Q1_C7_TEL101,Quarterly Examination 2025 - C7 Telugu Regional Language,100,57,C1,PRESENT,Satisfactory progress
ADM2025172,Bhavya Malkapuram,C7,B,HIN101,EXAM_Q1_C7_HIN101,Quarterly Examination 2025 - C7 Hindi Second Language,100,55,C1,PRESENT,Satisfactory progress
ADM2025172,Bhavya Malkapuram,C7,B,SCI101,EXAM_Q1_C7_SCI101,Quarterly Examination 2025 - C7 General Science,100,51,C1,PRESENT,Satisfactory progress
ADM2025172,Bhavya Malkapuram,C7,B,SOC101,EXAM_Q1_C7_SOC101,Quarterly Examination 2025 - C7 Social Studies,100,55,C1,PRESENT,Satisfactory progress
ADM2025173,Ganesh Chintala,C7,B,MATH101,EXAM_Q1_C7_MATH101,Quarterly Examination 2025 - C7 Mathematics,100,42,C2,PRESENT,Needs remedial support
ADM2025173,Ganesh Chintala,C7,B,ENG101,EXAM_Q1_C7_ENG101,Quarterly Examination 2025 - C7 English Language,100,50,C2,PRESENT,Satisfactory progress
ADM2025173,Ganesh Chintala,C7,B,TEL101,EXAM_Q1_C7_TEL101,Quarterly Examination 2025 - C7 Telugu Regional Language,100,53,C1,PRESENT,Satisfactory progress
ADM2025173,Ganesh Chintala,C7,B,HIN101,EXAM_Q1_C7_HIN101,Quarterly Examination 2025 - C7 Hindi Second Language,100,50,C2,PRESENT,Satisfactory progress
ADM2025173,Ganesh Chintala,C7,B,SCI101,EXAM_Q1_C7_SCI101,Quarterly Examination 2025 - C7 General Science,100,50,C2,PRESENT,Satisfactory progress
ADM2025173,Ganesh Chintala,C7,B,SOC101,EXAM_Q1_C7_SOC101,Quarterly Examination 2025 - C7 Social Studies,100,48,C2,PRESENT,Needs remedial support
ADM2025174,Pooja Gaddam,C7,B,MATH101,EXAM_Q1_C7_MATH101,Quarterly Examination 2025 - C7 Mathematics,100,53,C1,PRESENT,Satisfactory progress
ADM2025174,Pooja Gaddam,C7,B,ENG101,EXAM_Q1_C7_ENG101,Quarterly Examination 2025 - C7 English Language,100,57,C1,PRESENT,Satisfactory progress
ADM2025174,Pooja Gaddam,C7,B,TEL101,EXAM_Q1_C7_TEL101,Quarterly Examination 2025 - C7 Telugu Regional Language,100,58,C1,PRESENT,Satisfactory progress
ADM2025174,Pooja Gaddam,C7,B,HIN101,EXAM_Q1_C7_HIN101,Quarterly Examination 2025 - C7 Hindi Second Language,100,60,C1,PRESENT,Satisfactory progress
ADM2025174,Pooja Gaddam,C7,B,SCI101,EXAM_Q1_C7_SCI101,Quarterly Examination 2025 - C7 General Science,100,54,C1,PRESENT,Satisfactory progress
ADM2025174,Pooja Gaddam,C7,B,SOC101,EXAM_Q1_C7_SOC101,Quarterly Examination 2025 - C7 Social Studies,100,58,C1,PRESENT,Satisfactory progress
ADM2025175,Anirudh Boddu,C7,B,MATH101,EXAM_Q1_C7_MATH101,Quarterly Examination 2025 - C7 Mathematics,100,51,C1,PRESENT,Satisfactory progress
ADM2025175,Anirudh Boddu,C7,B,ENG101,EXAM_Q1_C7_ENG101,Quarterly Examination 2025 - C7 English Language,100,51,C1,PRESENT,Satisfactory progress
ADM2025175,Anirudh Boddu,C7,B,TEL101,EXAM_Q1_C7_TEL101,Quarterly Examination 2025 - C7 Telugu Regional Language,100,55,C1,PRESENT,Satisfactory progress
ADM2025175,Anirudh Boddu,C7,B,HIN101,EXAM_Q1_C7_HIN101,Quarterly Examination 2025 - C7 Hindi Second Language,100,54,C1,PRESENT,Satisfactory progress
ADM2025175,Anirudh Boddu,C7,B,SCI101,EXAM_Q1_C7_SCI101,Quarterly Examination 2025 - C7 General Science,100,53,C1,PRESENT,Satisfactory progress
ADM2025175,Anirudh Boddu,C7,B,SOC101,EXAM_Q1_C7_SOC101,Quarterly Examination 2025 - C7 Social Studies,100,52,C1,PRESENT,Satisfactory progress
ADM2025176,Sruthi Maddela,C7,B,MATH101,EXAM_Q1_C7_MATH101,Quarterly Examination 2025 - C7 Mathematics,100,48,C2,PRESENT,Needs remedial support
ADM2025176,Sruthi Maddela,C7,B,ENG101,EXAM_Q1_C7_ENG101,Quarterly Examination 2025 - C7 English Language,100,54,C1,PRESENT,Satisfactory progress
ADM2025176,Sruthi Maddela,C7,B,TEL101,EXAM_Q1_C7_TEL101,Quarterly Examination 2025 - C7 Telugu Regional Language,100,58,C1,PRESENT,Satisfactory progress
ADM2025176,Sruthi Maddela,C7,B,HIN101,EXAM_Q1_C7_HIN101,Quarterly Examination 2025 - C7 Hindi Second Language,100,55,C1,PRESENT,Satisfactory progress
ADM2025176,Sruthi Maddela,C7,B,SCI101,EXAM_Q1_C7_SCI101,Quarterly Examination 2025 - C7 General Science,100,55,C1,PRESENT,Satisfactory progress
ADM2025176,Sruthi Maddela,C7,B,SOC101,EXAM_Q1_C7_SOC101,Quarterly Examination 2025 - C7 Social Studies,100,49,C2,PRESENT,Needs remedial support
ADM2025177,Bhavan Komati,C7,B,MATH101,EXAM_Q1_C7_MATH101,Quarterly Examination 2025 - C7 Mathematics,100,46,C2,PRESENT,Needs remedial support
ADM2025177,Bhavan Komati,C7,B,ENG101,EXAM_Q1_C7_ENG101,Quarterly Examination 2025 - C7 English Language,100,46,C2,PRESENT,Needs remedial support
ADM2025177,Bhavan Komati,C7,B,TEL101,EXAM_Q1_C7_TEL101,Quarterly Examination 2025 - C7 Telugu Regional Language,100,51,C1,PRESENT,Satisfactory progress
ADM2025177,Bhavan Komati,C7,B,HIN101,EXAM_Q1_C7_HIN101,Quarterly Examination 2025 - C7 Hindi Second Language,100,45,C2,PRESENT,Needs remedial support
ADM2025177,Bhavan Komati,C7,B,SCI101,EXAM_Q1_C7_SCI101,Quarterly Examination 2025 - C7 General Science,100,44,C2,PRESENT,Needs remedial support
ADM2025177,Bhavan Komati,C7,B,SOC101,EXAM_Q1_C7_SOC101,Quarterly Examination 2025 - C7 Social Studies,100,44,C2,PRESENT,Needs remedial support
ADM2025178,Sanjana Narra,C7,B,MATH101,EXAM_Q1_C7_MATH101,Quarterly Examination 2025 - C7 Mathematics,100,42,C2,PRESENT,Needs remedial support
ADM2025178,Sanjana Narra,C7,B,ENG101,EXAM_Q1_C7_ENG101,Quarterly Examination 2025 - C7 English Language,100,46,C2,PRESENT,Needs remedial support
ADM2025178,Sanjana Narra,C7,B,TEL101,EXAM_Q1_C7_TEL101,Quarterly Examination 2025 - C7 Telugu Regional Language,100,46,C2,PRESENT,Needs remedial support
ADM2025178,Sanjana Narra,C7,B,HIN101,EXAM_Q1_C7_HIN101,Quarterly Examination 2025 - C7 Hindi Second Language,100,48,C2,PRESENT,Needs remedial support
ADM2025178,Sanjana Narra,C7,B,SCI101,EXAM_Q1_C7_SCI101,Quarterly Examination 2025 - C7 General Science,100,41,C2,PRESENT,Needs remedial support
ADM2025178,Sanjana Narra,C7,B,SOC101,EXAM_Q1_C7_SOC101,Quarterly Examination 2025 - C7 Social Studies,100,43,C2,PRESENT,Needs remedial support
ADM2025179,Manish Thota,C7,B,MATH101,EXAM_Q1_C7_MATH101,Quarterly Examination 2025 - C7 Mathematics,100,43,C2,PRESENT,Needs remedial support
ADM2025179,Manish Thota,C7,B,ENG101,EXAM_Q1_C7_ENG101,Quarterly Examination 2025 - C7 English Language,100,49,C2,PRESENT,Needs remedial support
ADM2025179,Manish Thota,C7,B,TEL101,EXAM_Q1_C7_TEL101,Quarterly Examination 2025 - C7 Telugu Regional Language,100,51,C1,PRESENT,Satisfactory progress
ADM2025179,Manish Thota,C7,B,HIN101,EXAM_Q1_C7_HIN101,Quarterly Examination 2025 - C7 Hindi Second Language,100,47,C2,PRESENT,Needs remedial support
ADM2025179,Manish Thota,C7,B,SCI101,EXAM_Q1_C7_SCI101,Quarterly Examination 2025 - C7 General Science,100,46,C2,PRESENT,Needs remedial support
ADM2025179,Manish Thota,C7,B,SOC101,EXAM_Q1_C7_SOC101,Quarterly Examination 2025 - C7 Social Studies,100,45,C2,PRESENT,Needs remedial support
ADM2025180,Yamini Avula,C7,B,MATH101,EXAM_Q1_C7_MATH101,Quarterly Examination 2025 - C7 Mathematics,100,40,D,PRESENT,Needs remedial support
ADM2025180,Yamini Avula,C7,B,ENG101,EXAM_Q1_C7_ENG101,Quarterly Examination 2025 - C7 English Language,100,38,D,PRESENT,Needs remedial support
ADM2025180,Yamini Avula,C7,B,TEL101,EXAM_Q1_C7_TEL101,Quarterly Examination 2025 - C7 Telugu Regional Language,100,46,C2,PRESENT,Needs remedial support
ADM2025180,Yamini Avula,C7,B,HIN101,EXAM_Q1_C7_HIN101,Quarterly Examination 2025 - C7 Hindi Second Language,100,35,D,PRESENT,Needs remedial support
ADM2025180,Yamini Avula,C7,B,SCI101,EXAM_Q1_C7_SCI101,Quarterly Examination 2025 - C7 General Science,100,36,D,PRESENT,Needs remedial support
ADM2025180,Yamini Avula,C7,B,SOC101,EXAM_Q1_C7_SOC101,Quarterly Examination 2025 - C7 Social Studies,100,35,D,PRESENT,Needs remedial support
ADM2025181,Vinay Siripuram,C8,A,MATH101,EXAM_Q1_C8_MATH101,Quarterly Examination 2025 - C8 Mathematics,100,89,A2,PRESENT,Good understanding
ADM2025181,Vinay Siripuram,C8,A,ENG101,EXAM_Q1_C8_ENG101,Quarterly Examination 2025 - C8 English Language,100,89,A2,PRESENT,Good understanding
ADM2025181,Vinay Siripuram,C8,A,TEL101,EXAM_Q1_C8_TEL101,Quarterly Examination 2025 - C8 Telugu Regional Language,100,92,A1,PRESENT,Outstanding performance
ADM2025181,Vinay Siripuram,C8,A,HIN101,EXAM_Q1_C8_HIN101,Quarterly Examination 2025 - C8 Hindi Second Language,100,88,A2,PRESENT,Good understanding
ADM2025181,Vinay Siripuram,C8,A,SCI101,EXAM_Q1_C8_SCI101,Quarterly Examination 2025 - C8 General Science,100,90,A2,PRESENT,Outstanding performance
ADM2025181,Vinay Siripuram,C8,A,SOC101,EXAM_Q1_C8_SOC101,Quarterly Examination 2025 - C8 Social Studies,100,87,A2,PRESENT,Good understanding
ADM2025182,Deepika Yerra,C8,A,MATH101,EXAM_Q1_C8_MATH101,Quarterly Examination 2025 - C8 Mathematics,100,92,A1,PRESENT,Outstanding performance
ADM2025182,Deepika Yerra,C8,A,ENG101,EXAM_Q1_C8_ENG101,Quarterly Examination 2025 - C8 English Language,100,94,A1,PRESENT,Outstanding performance
ADM2025182,Deepika Yerra,C8,A,TEL101,EXAM_Q1_C8_TEL101,Quarterly Examination 2025 - C8 Telugu Regional Language,100,95,A1,PRESENT,Outstanding performance
ADM2025182,Deepika Yerra,C8,A,HIN101,EXAM_Q1_C8_HIN101,Quarterly Examination 2025 - C8 Hindi Second Language,100,91,A1,PRESENT,Outstanding performance
ADM2025182,Deepika Yerra,C8,A,SCI101,EXAM_Q1_C8_SCI101,Quarterly Examination 2025 - C8 General Science,100,91,A1,PRESENT,Outstanding performance
ADM2025182,Deepika Yerra,C8,A,SOC101,EXAM_Q1_C8_SOC101,Quarterly Examination 2025 - C8 Social Studies,100,89,A2,PRESENT,Good understanding
ADM2025183,Sandeep Goli,C8,A,MATH101,EXAM_Q1_C8_MATH101,Quarterly Examination 2025 - C8 Mathematics,100,80,B1,PRESENT,Good understanding
ADM2025183,Sandeep Goli,C8,A,ENG101,EXAM_Q1_C8_ENG101,Quarterly Examination 2025 - C8 English Language,100,86,A2,PRESENT,Good understanding
ADM2025183,Sandeep Goli,C8,A,TEL101,EXAM_Q1_C8_TEL101,Quarterly Examination 2025 - C8 Telugu Regional Language,100,92,A1,PRESENT,Outstanding performance
ADM2025183,Sandeep Goli,C8,A,HIN101,EXAM_Q1_C8_HIN101,Quarterly Examination 2025 - C8 Hindi Second Language,100,84,A2,PRESENT,Good understanding
ADM2025183,Sandeep Goli,C8,A,SCI101,EXAM_Q1_C8_SCI101,Quarterly Examination 2025 - C8 General Science,100,89,A2,PRESENT,Good understanding
ADM2025183,Sandeep Goli,C8,A,SOC101,EXAM_Q1_C8_SOC101,Quarterly Examination 2025 - C8 Social Studies,100,87,A2,PRESENT,Good understanding
ADM2025184,Harini Sunkari,C8,A,MATH101,EXAM_Q1_C8_MATH101,Quarterly Examination 2025 - C8 Mathematics,100,80,B1,PRESENT,Good understanding
ADM2025184,Harini Sunkari,C8,A,ENG101,EXAM_Q1_C8_ENG101,Quarterly Examination 2025 - C8 English Language,100,77,B1,PRESENT,Good understanding
ADM2025184,Harini Sunkari,C8,A,TEL101,EXAM_Q1_C8_TEL101,Quarterly Examination 2025 - C8 Telugu Regional Language,100,85,A2,PRESENT,Good understanding
ADM2025184,Harini Sunkari,C8,A,HIN101,EXAM_Q1_C8_HIN101,Quarterly Examination 2025 - C8 Hindi Second Language,100,77,B1,PRESENT,Good understanding
ADM2025184,Harini Sunkari,C8,A,SCI101,EXAM_Q1_C8_SCI101,Quarterly Examination 2025 - C8 General Science,100,81,A2,PRESENT,Good understanding
ADM2025184,Harini Sunkari,C8,A,SOC101,EXAM_Q1_C8_SOC101,Quarterly Examination 2025 - C8 Social Studies,100,80,B1,PRESENT,Good understanding
ADM2025185,Akhil Mothukuri,C8,A,MATH101,EXAM_Q1_C8_MATH101,Quarterly Examination 2025 - C8 Mathematics,100,76,B1,PRESENT,Good understanding
ADM2025185,Akhil Mothukuri,C8,A,ENG101,EXAM_Q1_C8_ENG101,Quarterly Examination 2025 - C8 English Language,100,78,B1,PRESENT,Good understanding
ADM2025185,Akhil Mothukuri,C8,A,TEL101,EXAM_Q1_C8_TEL101,Quarterly Examination 2025 - C8 Telugu Regional Language,100,78,B1,PRESENT,Good understanding
ADM2025185,Akhil Mothukuri,C8,A,HIN101,EXAM_Q1_C8_HIN101,Quarterly Examination 2025 - C8 Hindi Second Language,100,75,B1,PRESENT,Good understanding
ADM2025185,Akhil Mothukuri,C8,A,SCI101,EXAM_Q1_C8_SCI101,Quarterly Examination 2025 - C8 General Science,100,75,B1,PRESENT,Good understanding
ADM2025185,Akhil Mothukuri,C8,A,SOC101,EXAM_Q1_C8_SOC101,Quarterly Examination 2025 - C8 Social Studies,100,78,B1,PRESENT,Good understanding
ADM2025186,Meghana Dasari,C8,A,MATH101,EXAM_Q1_C8_MATH101,Quarterly Examination 2025 - C8 Mathematics,100,79,B1,PRESENT,Good understanding
ADM2025186,Meghana Dasari,C8,A,ENG101,EXAM_Q1_C8_ENG101,Quarterly Examination 2025 - C8 English Language,100,80,B1,PRESENT,Good understanding
ADM2025186,Meghana Dasari,C8,A,TEL101,EXAM_Q1_C8_TEL101,Quarterly Examination 2025 - C8 Telugu Regional Language,100,82,A2,PRESENT,Good understanding
ADM2025186,Meghana Dasari,C8,A,HIN101,EXAM_Q1_C8_HIN101,Quarterly Examination 2025 - C8 Hindi Second Language,100,81,A2,PRESENT,Good understanding
ADM2025186,Meghana Dasari,C8,A,SCI101,EXAM_Q1_C8_SCI101,Quarterly Examination 2025 - C8 General Science,100,76,B1,PRESENT,Good understanding
ADM2025186,Meghana Dasari,C8,A,SOC101,EXAM_Q1_C8_SOC101,Quarterly Examination 2025 - C8 Social Studies,100,84,A2,PRESENT,Good understanding
ADM2025187,Praneeth Challa,C8,A,MATH101,EXAM_Q1_C8_MATH101,Quarterly Examination 2025 - C8 Mathematics,100,79,B1,PRESENT,Good understanding
ADM2025187,Praneeth Challa,C8,A,ENG101,EXAM_Q1_C8_ENG101,Quarterly Examination 2025 - C8 English Language,100,81,A2,PRESENT,Good understanding
ADM2025187,Praneeth Challa,C8,A,TEL101,EXAM_Q1_C8_TEL101,Quarterly Examination 2025 - C8 Telugu Regional Language,100,89,A2,PRESENT,Good understanding
ADM2025187,Praneeth Challa,C8,A,HIN101,EXAM_Q1_C8_HIN101,Quarterly Examination 2025 - C8 Hindi Second Language,100,83,A2,PRESENT,Good understanding
ADM2025187,Praneeth Challa,C8,A,SCI101,EXAM_Q1_C8_SCI101,Quarterly Examination 2025 - C8 General Science,100,83,A2,PRESENT,Good understanding
ADM2025187,Praneeth Challa,C8,A,SOC101,EXAM_Q1_C8_SOC101,Quarterly Examination 2025 - C8 Social Studies,100,81,A2,PRESENT,Good understanding
ADM2025188,Vandana Boya,C8,A,MATH101,EXAM_Q1_C8_MATH101,Quarterly Examination 2025 - C8 Mathematics,100,79,B1,PRESENT,Good understanding
ADM2025188,Vandana Boya,C8,A,ENG101,EXAM_Q1_C8_ENG101,Quarterly Examination 2025 - C8 English Language,100,83,A2,PRESENT,Good understanding
ADM2025188,Vandana Boya,C8,A,TEL101,EXAM_Q1_C8_TEL101,Quarterly Examination 2025 - C8 Telugu Regional Language,100,90,A2,PRESENT,Outstanding performance
ADM2025188,Vandana Boya,C8,A,HIN101,EXAM_Q1_C8_HIN101,Quarterly Examination 2025 - C8 Hindi Second Language,100,83,A2,PRESENT,Good understanding
ADM2025188,Vandana Boya,C8,A,SCI101,EXAM_Q1_C8_SCI101,Quarterly Examination 2025 - C8 General Science,100,84,A2,PRESENT,Good understanding
ADM2025188,Vandana Boya,C8,A,SOC101,EXAM_Q1_C8_SOC101,Quarterly Examination 2025 - C8 Social Studies,100,84,A2,PRESENT,Good understanding
ADM2025189,Yashwanth Kammari,C8,A,MATH101,EXAM_Q1_C8_MATH101,Quarterly Examination 2025 - C8 Mathematics,100,72,B1,PRESENT,Satisfactory progress
ADM2025189,Yashwanth Kammari,C8,A,ENG101,EXAM_Q1_C8_ENG101,Quarterly Examination 2025 - C8 English Language,100,78,B1,PRESENT,Good understanding
ADM2025189,Yashwanth Kammari,C8,A,TEL101,EXAM_Q1_C8_TEL101,Quarterly Examination 2025 - C8 Telugu Regional Language,100,87,A2,PRESENT,Good understanding
ADM2025189,Yashwanth Kammari,C8,A,HIN101,EXAM_Q1_C8_HIN101,Quarterly Examination 2025 - C8 Hindi Second Language,100,81,A2,PRESENT,Good understanding
ADM2025189,Yashwanth Kammari,C8,A,SCI101,EXAM_Q1_C8_SCI101,Quarterly Examination 2025 - C8 General Science,100,80,B1,PRESENT,Good understanding
ADM2025189,Yashwanth Kammari,C8,A,SOC101,EXAM_Q1_C8_SOC101,Quarterly Examination 2025 - C8 Social Studies,100,79,B1,PRESENT,Good understanding
ADM2025190,Kavya Vangala,C8,A,MATH101,EXAM_Q1_C8_MATH101,Quarterly Examination 2025 - C8 Mathematics,100,76,B1,PRESENT,Good understanding
ADM2025190,Kavya Vangala,C8,A,ENG101,EXAM_Q1_C8_ENG101,Quarterly Examination 2025 - C8 English Language,100,75,B1,PRESENT,Good understanding
ADM2025190,Kavya Vangala,C8,A,TEL101,EXAM_Q1_C8_TEL101,Quarterly Examination 2025 - C8 Telugu Regional Language,100,83,A2,PRESENT,Good understanding
ADM2025190,Kavya Vangala,C8,A,HIN101,EXAM_Q1_C8_HIN101,Quarterly Examination 2025 - C8 Hindi Second Language,100,79,B1,PRESENT,Good understanding
ADM2025190,Kavya Vangala,C8,A,SCI101,EXAM_Q1_C8_SCI101,Quarterly Examination 2025 - C8 General Science,100,80,B1,PRESENT,Good understanding
ADM2025190,Kavya Vangala,C8,A,SOC101,EXAM_Q1_C8_SOC101,Quarterly Examination 2025 - C8 Social Studies,100,74,B1,PRESENT,Satisfactory progress
ADM2025191,Venkatesh Nallam,C8,A,MATH101,EXAM_Q1_C8_MATH101,Quarterly Examination 2025 - C8 Mathematics,100,69,B2,PRESENT,Satisfactory progress
ADM2025191,Venkatesh Nallam,C8,A,ENG101,EXAM_Q1_C8_ENG101,Quarterly Examination 2025 - C8 English Language,100,80,B1,PRESENT,Good understanding
ADM2025191,Venkatesh Nallam,C8,A,TEL101,EXAM_Q1_C8_TEL101,Quarterly Examination 2025 - C8 Telugu Regional Language,100,76,B1,PRESENT,Good understanding
ADM2025191,Venkatesh Nallam,C8,A,HIN101,EXAM_Q1_C8_HIN101,Quarterly Examination 2025 - C8 Hindi Second Language,100,71,B1,PRESENT,Satisfactory progress
ADM2025191,Venkatesh Nallam,C8,A,SCI101,EXAM_Q1_C8_SCI101,Quarterly Examination 2025 - C8 General Science,100,73,B1,PRESENT,Satisfactory progress
ADM2025191,Venkatesh Nallam,C8,A,SOC101,EXAM_Q1_C8_SOC101,Quarterly Examination 2025 - C8 Social Studies,100,72,B1,PRESENT,Satisfactory progress
ADM2025192,Srini Katakam,C8,A,MATH101,EXAM_Q1_C8_MATH101,Quarterly Examination 2025 - C8 Mathematics,100,71,B1,PRESENT,Satisfactory progress
ADM2025192,Srini Katakam,C8,A,ENG101,EXAM_Q1_C8_ENG101,Quarterly Examination 2025 - C8 English Language,100,77,B1,PRESENT,Good understanding
ADM2025192,Srini Katakam,C8,A,TEL101,EXAM_Q1_C8_TEL101,Quarterly Examination 2025 - C8 Telugu Regional Language,100,82,A2,PRESENT,Good understanding
ADM2025192,Srini Katakam,C8,A,HIN101,EXAM_Q1_C8_HIN101,Quarterly Examination 2025 - C8 Hindi Second Language,100,78,B1,PRESENT,Good understanding
ADM2025192,Srini Katakam,C8,A,SCI101,EXAM_Q1_C8_SCI101,Quarterly Examination 2025 - C8 General Science,100,75,B1,PRESENT,Good understanding
ADM2025192,Srini Katakam,C8,A,SOC101,EXAM_Q1_C8_SOC101,Quarterly Examination 2025 - C8 Social Studies,100,70,B2,PRESENT,Satisfactory progress
ADM2025193,Uday Gampa,C8,A,MATH101,EXAM_Q1_C8_MATH101,Quarterly Examination 2025 - C8 Mathematics,100,60,C1,PRESENT,Satisfactory progress
ADM2025193,Uday Gampa,C8,A,ENG101,EXAM_Q1_C8_ENG101,Quarterly Examination 2025 - C8 English Language,100,63,B2,PRESENT,Satisfactory progress
ADM2025193,Uday Gampa,C8,A,TEL101,EXAM_Q1_C8_TEL101,Quarterly Examination 2025 - C8 Telugu Regional Language,100,70,B2,PRESENT,Satisfactory progress
ADM2025193,Uday Gampa,C8,A,HIN101,EXAM_Q1_C8_HIN101,Quarterly Examination 2025 - C8 Hindi Second Language,100,65,B2,PRESENT,Satisfactory progress
ADM2025193,Uday Gampa,C8,A,SCI101,EXAM_Q1_C8_SCI101,Quarterly Examination 2025 - C8 General Science,100,62,B2,PRESENT,Satisfactory progress
ADM2025193,Uday Gampa,C8,A,SOC101,EXAM_Q1_C8_SOC101,Quarterly Examination 2025 - C8 Social Studies,100,62,B2,PRESENT,Satisfactory progress
ADM2025194,Pravallika Peddinti,C8,A,MATH101,EXAM_Q1_C8_MATH101,Quarterly Examination 2025 - C8 Mathematics,100,71,B1,PRESENT,Satisfactory progress
ADM2025194,Pravallika Peddinti,C8,A,ENG101,EXAM_Q1_C8_ENG101,Quarterly Examination 2025 - C8 English Language,100,73,B1,PRESENT,Satisfactory progress
ADM2025194,Pravallika Peddinti,C8,A,TEL101,EXAM_Q1_C8_TEL101,Quarterly Examination 2025 - C8 Telugu Regional Language,100,81,A2,PRESENT,Good understanding
ADM2025194,Pravallika Peddinti,C8,A,HIN101,EXAM_Q1_C8_HIN101,Quarterly Examination 2025 - C8 Hindi Second Language,100,76,B1,PRESENT,Good understanding
ADM2025194,Pravallika Peddinti,C8,A,SCI101,EXAM_Q1_C8_SCI101,Quarterly Examination 2025 - C8 General Science,100,75,B1,PRESENT,Good understanding
ADM2025194,Pravallika Peddinti,C8,A,SOC101,EXAM_Q1_C8_SOC101,Quarterly Examination 2025 - C8 Social Studies,100,76,B1,PRESENT,Good understanding
ADM2025195,Goutham Komuravelli,C8,A,MATH101,EXAM_Q1_C8_MATH101,Quarterly Examination 2025 - C8 Mathematics,100,64,B2,PRESENT,Satisfactory progress
ADM2025195,Goutham Komuravelli,C8,A,ENG101,EXAM_Q1_C8_ENG101,Quarterly Examination 2025 - C8 English Language,100,66,B2,PRESENT,Satisfactory progress
ADM2025195,Goutham Komuravelli,C8,A,TEL101,EXAM_Q1_C8_TEL101,Quarterly Examination 2025 - C8 Telugu Regional Language,100,73,B1,PRESENT,Satisfactory progress
ADM2025195,Goutham Komuravelli,C8,A,HIN101,EXAM_Q1_C8_HIN101,Quarterly Examination 2025 - C8 Hindi Second Language,100,66,B2,PRESENT,Satisfactory progress
ADM2025195,Goutham Komuravelli,C8,A,SCI101,EXAM_Q1_C8_SCI101,Quarterly Examination 2025 - C8 General Science,100,72,B1,PRESENT,Satisfactory progress
ADM2025195,Goutham Komuravelli,C8,A,SOC101,EXAM_Q1_C8_SOC101,Quarterly Examination 2025 - C8 Social Studies,100,67,B2,PRESENT,Satisfactory progress
ADM2025196,Harini Polisetty,C8,A,MATH101,EXAM_Q1_C8_MATH101,Quarterly Examination 2025 - C8 Mathematics,100,58,C1,PRESENT,Satisfactory progress
ADM2025196,Harini Polisetty,C8,A,ENG101,EXAM_Q1_C8_ENG101,Quarterly Examination 2025 - C8 English Language,100,64,B2,PRESENT,Satisfactory progress
ADM2025196,Harini Polisetty,C8,A,TEL101,EXAM_Q1_C8_TEL101,Quarterly Examination 2025 - C8 Telugu Regional Language,100,65,B2,PRESENT,Satisfactory progress
ADM2025196,Harini Polisetty,C8,A,HIN101,EXAM_Q1_C8_HIN101,Quarterly Examination 2025 - C8 Hindi Second Language,100,61,B2,PRESENT,Satisfactory progress
ADM2025196,Harini Polisetty,C8,A,SCI101,EXAM_Q1_C8_SCI101,Quarterly Examination 2025 - C8 General Science,100,65,B2,PRESENT,Satisfactory progress
ADM2025196,Harini Polisetty,C8,A,SOC101,EXAM_Q1_C8_SOC101,Quarterly Examination 2025 - C8 Social Studies,100,65,B2,PRESENT,Satisfactory progress
ADM2025197,Srikanth Katta,C8,A,MATH101,EXAM_Q1_C8_MATH101,Quarterly Examination 2025 - C8 Mathematics,100,55,C1,PRESENT,Satisfactory progress
ADM2025197,Srikanth Katta,C8,A,ENG101,EXAM_Q1_C8_ENG101,Quarterly Examination 2025 - C8 English Language,100,62,B2,PRESENT,Satisfactory progress
ADM2025197,Srikanth Katta,C8,A,TEL101,EXAM_Q1_C8_TEL101,Quarterly Examination 2025 - C8 Telugu Regional Language,100,64,B2,PRESENT,Satisfactory progress
ADM2025197,Srikanth Katta,C8,A,HIN101,EXAM_Q1_C8_HIN101,Quarterly Examination 2025 - C8 Hindi Second Language,100,65,B2,PRESENT,Satisfactory progress
ADM2025197,Srikanth Katta,C8,A,SCI101,EXAM_Q1_C8_SCI101,Quarterly Examination 2025 - C8 General Science,100,63,B2,PRESENT,Satisfactory progress
ADM2025197,Srikanth Katta,C8,A,SOC101,EXAM_Q1_C8_SOC101,Quarterly Examination 2025 - C8 Social Studies,100,65,B2,PRESENT,Satisfactory progress
ADM2025198,Radhika Chilukuri,C8,A,MATH101,EXAM_Q1_C8_MATH101,Quarterly Examination 2025 - C8 Mathematics,100,63,B2,PRESENT,Satisfactory progress
ADM2025198,Radhika Chilukuri,C8,A,ENG101,EXAM_Q1_C8_ENG101,Quarterly Examination 2025 - C8 English Language,100,65,B2,PRESENT,Satisfactory progress
ADM2025198,Radhika Chilukuri,C8,A,TEL101,EXAM_Q1_C8_TEL101,Quarterly Examination 2025 - C8 Telugu Regional Language,100,73,B1,PRESENT,Satisfactory progress
ADM2025198,Radhika Chilukuri,C8,A,HIN101,EXAM_Q1_C8_HIN101,Quarterly Examination 2025 - C8 Hindi Second Language,100,65,B2,PRESENT,Satisfactory progress
ADM2025198,Radhika Chilukuri,C8,A,SCI101,EXAM_Q1_C8_SCI101,Quarterly Examination 2025 - C8 General Science,100,65,B2,PRESENT,Satisfactory progress
ADM2025198,Radhika Chilukuri,C8,A,SOC101,EXAM_Q1_C8_SOC101,Quarterly Examination 2025 - C8 Social Studies,100,65,B2,PRESENT,Satisfactory progress
ADM2025199,Vikram Medasani,C8,A,MATH101,EXAM_Q1_C8_MATH101,Quarterly Examination 2025 - C8 Mathematics,100,56,C1,PRESENT,Satisfactory progress
ADM2025199,Vikram Medasani,C8,A,ENG101,EXAM_Q1_C8_ENG101,Quarterly Examination 2025 - C8 English Language,100,61,B2,PRESENT,Satisfactory progress
ADM2025199,Vikram Medasani,C8,A,TEL101,EXAM_Q1_C8_TEL101,Quarterly Examination 2025 - C8 Telugu Regional Language,100,69,B2,PRESENT,Satisfactory progress
ADM2025199,Vikram Medasani,C8,A,HIN101,EXAM_Q1_C8_HIN101,Quarterly Examination 2025 - C8 Hindi Second Language,100,62,B2,PRESENT,Satisfactory progress
ADM2025199,Vikram Medasani,C8,A,SCI101,EXAM_Q1_C8_SCI101,Quarterly Examination 2025 - C8 General Science,100,56,C1,PRESENT,Satisfactory progress
ADM2025199,Vikram Medasani,C8,A,SOC101,EXAM_Q1_C8_SOC101,Quarterly Examination 2025 - C8 Social Studies,100,62,B2,PRESENT,Satisfactory progress
ADM2025200,Amrutha Nimmagadda,C8,A,MATH101,EXAM_Q1_C8_MATH101,Quarterly Examination 2025 - C8 Mathematics,100,56,C1,PRESENT,Satisfactory progress
ADM2025200,Amrutha Nimmagadda,C8,A,ENG101,EXAM_Q1_C8_ENG101,Quarterly Examination 2025 - C8 English Language,100,62,B2,PRESENT,Satisfactory progress
ADM2025200,Amrutha Nimmagadda,C8,A,TEL101,EXAM_Q1_C8_TEL101,Quarterly Examination 2025 - C8 Telugu Regional Language,100,65,B2,PRESENT,Satisfactory progress
ADM2025200,Amrutha Nimmagadda,C8,A,HIN101,EXAM_Q1_C8_HIN101,Quarterly Examination 2025 - C8 Hindi Second Language,100,62,B2,PRESENT,Satisfactory progress
ADM2025200,Amrutha Nimmagadda,C8,A,SCI101,EXAM_Q1_C8_SCI101,Quarterly Examination 2025 - C8 General Science,100,56,C1,PRESENT,Satisfactory progress
ADM2025200,Amrutha Nimmagadda,C8,A,SOC101,EXAM_Q1_C8_SOC101,Quarterly Examination 2025 - C8 Social Studies,100,60,C1,PRESENT,Satisfactory progress
ADM2025201,Srikanth Rao,C8,A,MATH101,EXAM_Q1_C8_MATH101,Quarterly Examination 2025 - C8 Mathematics,100,55,C1,PRESENT,Satisfactory progress
ADM2025201,Srikanth Rao,C8,A,ENG101,EXAM_Q1_C8_ENG101,Quarterly Examination 2025 - C8 English Language,100,63,B2,PRESENT,Satisfactory progress
ADM2025201,Srikanth Rao,C8,A,TEL101,EXAM_Q1_C8_TEL101,Quarterly Examination 2025 - C8 Telugu Regional Language,100,61,B2,PRESENT,Satisfactory progress
ADM2025201,Srikanth Rao,C8,A,HIN101,EXAM_Q1_C8_HIN101,Quarterly Examination 2025 - C8 Hindi Second Language,100,61,B2,PRESENT,Satisfactory progress
ADM2025201,Srikanth Rao,C8,A,SCI101,EXAM_Q1_C8_SCI101,Quarterly Examination 2025 - C8 General Science,100,64,B2,PRESENT,Satisfactory progress
ADM2025201,Srikanth Rao,C8,A,SOC101,EXAM_Q1_C8_SOC101,Quarterly Examination 2025 - C8 Social Studies,100,60,C1,PRESENT,Satisfactory progress
ADM2025202,Pratyusha Reddy,C8,A,MATH101,EXAM_Q1_C8_MATH101,Quarterly Examination 2025 - C8 Mathematics,100,64,B2,PRESENT,Satisfactory progress
ADM2025202,Pratyusha Reddy,C8,A,ENG101,EXAM_Q1_C8_ENG101,Quarterly Examination 2025 - C8 English Language,100,62,B2,PRESENT,Satisfactory progress
ADM2025202,Pratyusha Reddy,C8,A,TEL101,EXAM_Q1_C8_TEL101,Quarterly Examination 2025 - C8 Telugu Regional Language,100,64,B2,PRESENT,Satisfactory progress
ADM2025202,Pratyusha Reddy,C8,A,HIN101,EXAM_Q1_C8_HIN101,Quarterly Examination 2025 - C8 Hindi Second Language,100,67,B2,PRESENT,Satisfactory progress
ADM2025202,Pratyusha Reddy,C8,A,SCI101,EXAM_Q1_C8_SCI101,Quarterly Examination 2025 - C8 General Science,100,60,C1,PRESENT,Satisfactory progress
ADM2025202,Pratyusha Reddy,C8,A,SOC101,EXAM_Q1_C8_SOC101,Quarterly Examination 2025 - C8 Social Studies,100,64,B2,PRESENT,Satisfactory progress
ADM2025203,Eshwar Sharma,C8,A,MATH101,EXAM_Q1_C8_MATH101,Quarterly Examination 2025 - C8 Mathematics,100,55,C1,PRESENT,Satisfactory progress
ADM2025203,Eshwar Sharma,C8,A,ENG101,EXAM_Q1_C8_ENG101,Quarterly Examination 2025 - C8 English Language,100,61,B2,PRESENT,Satisfactory progress
ADM2025203,Eshwar Sharma,C8,A,TEL101,EXAM_Q1_C8_TEL101,Quarterly Examination 2025 - C8 Telugu Regional Language,100,65,B2,PRESENT,Satisfactory progress
ADM2025203,Eshwar Sharma,C8,A,HIN101,EXAM_Q1_C8_HIN101,Quarterly Examination 2025 - C8 Hindi Second Language,100,63,B2,PRESENT,Satisfactory progress
ADM2025203,Eshwar Sharma,C8,A,SCI101,EXAM_Q1_C8_SCI101,Quarterly Examination 2025 - C8 General Science,100,64,B2,PRESENT,Satisfactory progress
ADM2025203,Eshwar Sharma,C8,A,SOC101,EXAM_Q1_C8_SOC101,Quarterly Examination 2025 - C8 Social Studies,100,64,B2,PRESENT,Satisfactory progress
ADM2025204,Vennela Goud,C8,A,MATH101,EXAM_Q1_C8_MATH101,Quarterly Examination 2025 - C8 Mathematics,100,50,C2,PRESENT,Satisfactory progress
ADM2025204,Vennela Goud,C8,A,ENG101,EXAM_Q1_C8_ENG101,Quarterly Examination 2025 - C8 English Language,100,46,C2,PRESENT,Needs remedial support
ADM2025204,Vennela Goud,C8,A,TEL101,EXAM_Q1_C8_TEL101,Quarterly Examination 2025 - C8 Telugu Regional Language,100,57,C1,PRESENT,Satisfactory progress
ADM2025204,Vennela Goud,C8,A,HIN101,EXAM_Q1_C8_HIN101,Quarterly Examination 2025 - C8 Hindi Second Language,100,53,C1,PRESENT,Satisfactory progress
ADM2025204,Vennela Goud,C8,A,SCI101,EXAM_Q1_C8_SCI101,Quarterly Examination 2025 - C8 General Science,100,47,C2,PRESENT,Needs remedial support
ADM2025204,Vennela Goud,C8,A,SOC101,EXAM_Q1_C8_SOC101,Quarterly Examination 2025 - C8 Social Studies,100,49,C2,PRESENT,Needs remedial support
ADM2025205,Arjun Chowdary,C8,A,MATH101,EXAM_Q1_C8_MATH101,Quarterly Examination 2025 - C8 Mathematics,100,60,C1,PRESENT,Satisfactory progress
ADM2025205,Arjun Chowdary,C8,A,ENG101,EXAM_Q1_C8_ENG101,Quarterly Examination 2025 - C8 English Language,100,62,B2,PRESENT,Satisfactory progress
ADM2025205,Arjun Chowdary,C8,A,TEL101,EXAM_Q1_C8_TEL101,Quarterly Examination 2025 - C8 Telugu Regional Language,100,66,B2,PRESENT,Satisfactory progress
ADM2025205,Arjun Chowdary,C8,A,HIN101,EXAM_Q1_C8_HIN101,Quarterly Examination 2025 - C8 Hindi Second Language,100,54,C1,PRESENT,Satisfactory progress
ADM2025205,Arjun Chowdary,C8,A,SCI101,EXAM_Q1_C8_SCI101,Quarterly Examination 2025 - C8 General Science,100,58,C1,PRESENT,Satisfactory progress
ADM2025205,Arjun Chowdary,C8,A,SOC101,EXAM_Q1_C8_SOC101,Quarterly Examination 2025 - C8 Social Studies,100,55,C1,PRESENT,Satisfactory progress
ADM2025206,Ananya Varma,C8,A,MATH101,EXAM_Q1_C8_MATH101,Quarterly Examination 2025 - C8 Mathematics,100,53,C1,PRESENT,Satisfactory progress
ADM2025206,Ananya Varma,C8,A,ENG101,EXAM_Q1_C8_ENG101,Quarterly Examination 2025 - C8 English Language,100,62,B2,PRESENT,Satisfactory progress
ADM2025206,Ananya Varma,C8,A,TEL101,EXAM_Q1_C8_TEL101,Quarterly Examination 2025 - C8 Telugu Regional Language,100,62,B2,PRESENT,Satisfactory progress
ADM2025206,Ananya Varma,C8,A,HIN101,EXAM_Q1_C8_HIN101,Quarterly Examination 2025 - C8 Hindi Second Language,100,57,C1,PRESENT,Satisfactory progress
ADM2025206,Ananya Varma,C8,A,SCI101,EXAM_Q1_C8_SCI101,Quarterly Examination 2025 - C8 General Science,100,60,C1,PRESENT,Satisfactory progress
ADM2025206,Ananya Varma,C8,A,SOC101,EXAM_Q1_C8_SOC101,Quarterly Examination 2025 - C8 Social Studies,100,60,C1,PRESENT,Satisfactory progress
ADM2025207,Anirudh Naidu,C8,A,MATH101,EXAM_Q1_C8_MATH101,Quarterly Examination 2025 - C8 Mathematics,100,44,C2,PRESENT,Needs remedial support
ADM2025207,Anirudh Naidu,C8,A,ENG101,EXAM_Q1_C8_ENG101,Quarterly Examination 2025 - C8 English Language,100,45,C2,PRESENT,Needs remedial support
ADM2025207,Anirudh Naidu,C8,A,TEL101,EXAM_Q1_C8_TEL101,Quarterly Examination 2025 - C8 Telugu Regional Language,100,50,C2,PRESENT,Satisfactory progress
ADM2025207,Anirudh Naidu,C8,A,HIN101,EXAM_Q1_C8_HIN101,Quarterly Examination 2025 - C8 Hindi Second Language,100,48,C2,PRESENT,Needs remedial support
ADM2025207,Anirudh Naidu,C8,A,SCI101,EXAM_Q1_C8_SCI101,Quarterly Examination 2025 - C8 General Science,100,45,C2,PRESENT,Needs remedial support
ADM2025207,Anirudh Naidu,C8,A,SOC101,EXAM_Q1_C8_SOC101,Quarterly Examination 2025 - C8 Social Studies,100,46,C2,PRESENT,Needs remedial support
ADM2025208,Swathi Gupta,C8,A,MATH101,EXAM_Q1_C8_MATH101,Quarterly Examination 2025 - C8 Mathematics,100,51,C1,PRESENT,Satisfactory progress
ADM2025208,Swathi Gupta,C8,A,ENG101,EXAM_Q1_C8_ENG101,Quarterly Examination 2025 - C8 English Language,100,51,C1,PRESENT,Satisfactory progress
ADM2025208,Swathi Gupta,C8,A,TEL101,EXAM_Q1_C8_TEL101,Quarterly Examination 2025 - C8 Telugu Regional Language,100,57,C1,PRESENT,Satisfactory progress
ADM2025208,Swathi Gupta,C8,A,HIN101,EXAM_Q1_C8_HIN101,Quarterly Examination 2025 - C8 Hindi Second Language,100,48,C2,PRESENT,Needs remedial support
ADM2025208,Swathi Gupta,C8,A,SCI101,EXAM_Q1_C8_SCI101,Quarterly Examination 2025 - C8 General Science,100,53,C1,PRESENT,Satisfactory progress
ADM2025208,Swathi Gupta,C8,A,SOC101,EXAM_Q1_C8_SOC101,Quarterly Examination 2025 - C8 Social Studies,100,54,C1,PRESENT,Satisfactory progress
ADM2025209,Rahul Murthy,C8,A,MATH101,EXAM_Q1_C8_MATH101,Quarterly Examination 2025 - C8 Mathematics,100,49,C2,PRESENT,Needs remedial support
ADM2025209,Rahul Murthy,C8,A,ENG101,EXAM_Q1_C8_ENG101,Quarterly Examination 2025 - C8 English Language,100,47,C2,PRESENT,Needs remedial support
ADM2025209,Rahul Murthy,C8,A,TEL101,EXAM_Q1_C8_TEL101,Quarterly Examination 2025 - C8 Telugu Regional Language,100,56,C1,PRESENT,Satisfactory progress
ADM2025209,Rahul Murthy,C8,A,HIN101,EXAM_Q1_C8_HIN101,Quarterly Examination 2025 - C8 Hindi Second Language,100,48,C2,PRESENT,Needs remedial support
ADM2025209,Rahul Murthy,C8,A,SCI101,EXAM_Q1_C8_SCI101,Quarterly Examination 2025 - C8 General Science,100,46,C2,PRESENT,Needs remedial support
ADM2025209,Rahul Murthy,C8,A,SOC101,EXAM_Q1_C8_SOC101,Quarterly Examination 2025 - C8 Social Studies,100,49,C2,PRESENT,Needs remedial support
ADM2025210,Varshini Sastry,C8,A,MATH101,EXAM_Q1_C8_MATH101,Quarterly Examination 2025 - C8 Mathematics,100,37,D,PRESENT,Needs remedial support
ADM2025210,Varshini Sastry,C8,A,ENG101,EXAM_Q1_C8_ENG101,Quarterly Examination 2025 - C8 English Language,100,39,D,PRESENT,Needs remedial support
ADM2025210,Varshini Sastry,C8,A,TEL101,EXAM_Q1_C8_TEL101,Quarterly Examination 2025 - C8 Telugu Regional Language,100,47,C2,PRESENT,Needs remedial support
ADM2025210,Varshini Sastry,C8,A,HIN101,EXAM_Q1_C8_HIN101,Quarterly Examination 2025 - C8 Hindi Second Language,100,45,C2,PRESENT,Needs remedial support
ADM2025210,Varshini Sastry,C8,A,SCI101,EXAM_Q1_C8_SCI101,Quarterly Examination 2025 - C8 General Science,100,38,D,PRESENT,Needs remedial support
ADM2025210,Varshini Sastry,C8,A,SOC101,EXAM_Q1_C8_SOC101,Quarterly Examination 2025 - C8 Social Studies,100,43,C2,PRESENT,Needs remedial support
ADM2025211,Siddharth Babu,C8,B,MATH101,EXAM_Q1_C8_MATH101,Quarterly Examination 2025 - C8 Mathematics,100,81,A2,PRESENT,Good understanding
ADM2025211,Siddharth Babu,C8,B,ENG101,EXAM_Q1_C8_ENG101,Quarterly Examination 2025 - C8 English Language,100,83,A2,PRESENT,Good understanding
ADM2025211,Siddharth Babu,C8,B,TEL101,EXAM_Q1_C8_TEL101,Quarterly Examination 2025 - C8 Telugu Regional Language,100,81,A2,PRESENT,Good understanding
ADM2025211,Siddharth Babu,C8,B,HIN101,EXAM_Q1_C8_HIN101,Quarterly Examination 2025 - C8 Hindi Second Language,100,78,B1,PRESENT,Good understanding
ADM2025211,Siddharth Babu,C8,B,SCI101,EXAM_Q1_C8_SCI101,Quarterly Examination 2025 - C8 General Science,100,78,B1,PRESENT,Good understanding
ADM2025211,Siddharth Babu,C8,B,SOC101,EXAM_Q1_C8_SOC101,Quarterly Examination 2025 - C8 Social Studies,100,80,B1,PRESENT,Good understanding
ADM2025212,Ruchitha Yadav,C8,B,MATH101,EXAM_Q1_C8_MATH101,Quarterly Examination 2025 - C8 Mathematics,100,88,A2,PRESENT,Good understanding
ADM2025212,Ruchitha Yadav,C8,B,ENG101,EXAM_Q1_C8_ENG101,Quarterly Examination 2025 - C8 English Language,100,88,A2,PRESENT,Good understanding
ADM2025212,Ruchitha Yadav,C8,B,TEL101,EXAM_Q1_C8_TEL101,Quarterly Examination 2025 - C8 Telugu Regional Language,100,89,A2,PRESENT,Good understanding
ADM2025212,Ruchitha Yadav,C8,B,HIN101,EXAM_Q1_C8_HIN101,Quarterly Examination 2025 - C8 Hindi Second Language,100,83,A2,PRESENT,Good understanding
ADM2025212,Ruchitha Yadav,C8,B,SCI101,EXAM_Q1_C8_SCI101,Quarterly Examination 2025 - C8 General Science,100,89,A2,PRESENT,Good understanding
ADM2025212,Ruchitha Yadav,C8,B,SOC101,EXAM_Q1_C8_SOC101,Quarterly Examination 2025 - C8 Social Studies,100,85,A2,PRESENT,Good understanding
ADM2025213,Aditya Patel,C8,B,MATH101,EXAM_Q1_C8_MATH101,Quarterly Examination 2025 - C8 Mathematics,100,82,A2,PRESENT,Good understanding
ADM2025213,Aditya Patel,C8,B,ENG101,EXAM_Q1_C8_ENG101,Quarterly Examination 2025 - C8 English Language,100,83,A2,PRESENT,Good understanding
ADM2025213,Aditya Patel,C8,B,TEL101,EXAM_Q1_C8_TEL101,Quarterly Examination 2025 - C8 Telugu Regional Language,100,87,A2,PRESENT,Good understanding
ADM2025213,Aditya Patel,C8,B,HIN101,EXAM_Q1_C8_HIN101,Quarterly Examination 2025 - C8 Hindi Second Language,100,89,A2,PRESENT,Good understanding
ADM2025213,Aditya Patel,C8,B,SCI101,EXAM_Q1_C8_SCI101,Quarterly Examination 2025 - C8 General Science,100,87,A2,PRESENT,Good understanding
ADM2025213,Aditya Patel,C8,B,SOC101,EXAM_Q1_C8_SOC101,Quarterly Examination 2025 - C8 Social Studies,100,86,A2,PRESENT,Good understanding
ADM2025214,Anusha Venkatesh,C8,B,MATH101,EXAM_Q1_C8_MATH101,Quarterly Examination 2025 - C8 Mathematics,100,82,A2,PRESENT,Good understanding
ADM2025214,Anusha Venkatesh,C8,B,ENG101,EXAM_Q1_C8_ENG101,Quarterly Examination 2025 - C8 English Language,100,85,A2,PRESENT,Good understanding
ADM2025214,Anusha Venkatesh,C8,B,TEL101,EXAM_Q1_C8_TEL101,Quarterly Examination 2025 - C8 Telugu Regional Language,100,90,A2,PRESENT,Outstanding performance
ADM2025214,Anusha Venkatesh,C8,B,HIN101,EXAM_Q1_C8_HIN101,Quarterly Examination 2025 - C8 Hindi Second Language,100,82,A2,PRESENT,Good understanding
ADM2025214,Anusha Venkatesh,C8,B,SCI101,EXAM_Q1_C8_SCI101,Quarterly Examination 2025 - C8 General Science,100,81,A2,PRESENT,Good understanding
ADM2025214,Anusha Venkatesh,C8,B,SOC101,EXAM_Q1_C8_SOC101,Quarterly Examination 2025 - C8 Social Studies,100,86,A2,PRESENT,Good understanding
ADM2025215,Uday Vemula,C8,B,MATH101,EXAM_Q1_C8_MATH101,Quarterly Examination 2025 - C8 Mathematics,100,81,A2,PRESENT,Good understanding
ADM2025215,Uday Vemula,C8,B,ENG101,EXAM_Q1_C8_ENG101,Quarterly Examination 2025 - C8 English Language,100,87,A2,PRESENT,Good understanding
ADM2025215,Uday Vemula,C8,B,TEL101,EXAM_Q1_C8_TEL101,Quarterly Examination 2025 - C8 Telugu Regional Language,100,93,A1,PRESENT,Outstanding performance
ADM2025215,Uday Vemula,C8,B,HIN101,EXAM_Q1_C8_HIN101,Quarterly Examination 2025 - C8 Hindi Second Language,100,83,A2,PRESENT,Good understanding
ADM2025215,Uday Vemula,C8,B,SCI101,EXAM_Q1_C8_SCI101,Quarterly Examination 2025 - C8 General Science,100,87,A2,PRESENT,Good understanding
ADM2025215,Uday Vemula,C8,B,SOC101,EXAM_Q1_C8_SOC101,Quarterly Examination 2025 - C8 Social Studies,100,83,A2,PRESENT,Good understanding
ADM2025216,Rashmitha Bandi,C8,B,MATH101,EXAM_Q1_C8_MATH101,Quarterly Examination 2025 - C8 Mathematics,100,79,B1,PRESENT,Good understanding
ADM2025216,Rashmitha Bandi,C8,B,ENG101,EXAM_Q1_C8_ENG101,Quarterly Examination 2025 - C8 English Language,100,82,A2,PRESENT,Good understanding
ADM2025216,Rashmitha Bandi,C8,B,TEL101,EXAM_Q1_C8_TEL101,Quarterly Examination 2025 - C8 Telugu Regional Language,100,82,A2,PRESENT,Good understanding
ADM2025216,Rashmitha Bandi,C8,B,HIN101,EXAM_Q1_C8_HIN101,Quarterly Examination 2025 - C8 Hindi Second Language,100,80,B1,PRESENT,Good understanding
ADM2025216,Rashmitha Bandi,C8,B,SCI101,EXAM_Q1_C8_SCI101,Quarterly Examination 2025 - C8 General Science,100,80,B1,PRESENT,Good understanding
ADM2025216,Rashmitha Bandi,C8,B,SOC101,EXAM_Q1_C8_SOC101,Quarterly Examination 2025 - C8 Social Studies,100,78,B1,PRESENT,Good understanding
ADM2025217,Naveen Kandula,C8,B,MATH101,EXAM_Q1_C8_MATH101,Quarterly Examination 2025 - C8 Mathematics,100,74,B1,PRESENT,Satisfactory progress
ADM2025217,Naveen Kandula,C8,B,ENG101,EXAM_Q1_C8_ENG101,Quarterly Examination 2025 - C8 English Language,100,71,B1,PRESENT,Satisfactory progress
ADM2025217,Naveen Kandula,C8,B,TEL101,EXAM_Q1_C8_TEL101,Quarterly Examination 2025 - C8 Telugu Regional Language,100,79,B1,PRESENT,Good understanding
ADM2025217,Naveen Kandula,C8,B,HIN101,EXAM_Q1_C8_HIN101,Quarterly Examination 2025 - C8 Hindi Second Language,100,78,B1,PRESENT,Good understanding
ADM2025217,Naveen Kandula,C8,B,SCI101,EXAM_Q1_C8_SCI101,Quarterly Examination 2025 - C8 General Science,100,73,B1,PRESENT,Satisfactory progress
ADM2025217,Naveen Kandula,C8,B,SOC101,EXAM_Q1_C8_SOC101,Quarterly Examination 2025 - C8 Social Studies,100,75,B1,PRESENT,Good understanding
ADM2025218,Harini Gudepu,C8,B,MATH101,EXAM_Q1_C8_MATH101,Quarterly Examination 2025 - C8 Mathematics,100,71,B1,PRESENT,Satisfactory progress
ADM2025218,Harini Gudepu,C8,B,ENG101,EXAM_Q1_C8_ENG101,Quarterly Examination 2025 - C8 English Language,100,77,B1,PRESENT,Good understanding
ADM2025218,Harini Gudepu,C8,B,TEL101,EXAM_Q1_C8_TEL101,Quarterly Examination 2025 - C8 Telugu Regional Language,100,84,A2,PRESENT,Good understanding
ADM2025218,Harini Gudepu,C8,B,HIN101,EXAM_Q1_C8_HIN101,Quarterly Examination 2025 - C8 Hindi Second Language,100,79,B1,PRESENT,Good understanding
ADM2025218,Harini Gudepu,C8,B,SCI101,EXAM_Q1_C8_SCI101,Quarterly Examination 2025 - C8 General Science,100,75,B1,PRESENT,Good understanding
ADM2025218,Harini Gudepu,C8,B,SOC101,EXAM_Q1_C8_SOC101,Quarterly Examination 2025 - C8 Social Studies,100,80,B1,PRESENT,Good understanding
ADM2025219,Vignesh Singireddy,C8,B,MATH101,EXAM_Q1_C8_MATH101,Quarterly Examination 2025 - C8 Mathematics,100,78,B1,PRESENT,Good understanding
ADM2025219,Vignesh Singireddy,C8,B,ENG101,EXAM_Q1_C8_ENG101,Quarterly Examination 2025 - C8 English Language,100,75,B1,PRESENT,Good understanding
ADM2025219,Vignesh Singireddy,C8,B,TEL101,EXAM_Q1_C8_TEL101,Quarterly Examination 2025 - C8 Telugu Regional Language,100,82,A2,PRESENT,Good understanding
ADM2025219,Vignesh Singireddy,C8,B,HIN101,EXAM_Q1_C8_HIN101,Quarterly Examination 2025 - C8 Hindi Second Language,100,76,B1,PRESENT,Good understanding
ADM2025219,Vignesh Singireddy,C8,B,SCI101,EXAM_Q1_C8_SCI101,Quarterly Examination 2025 - C8 General Science,100,83,A2,PRESENT,Good understanding
ADM2025219,Vignesh Singireddy,C8,B,SOC101,EXAM_Q1_C8_SOC101,Quarterly Examination 2025 - C8 Social Studies,100,83,A2,PRESENT,Good understanding
ADM2025220,Ishwarya Pothula,C8,B,MATH101,EXAM_Q1_C8_MATH101,Quarterly Examination 2025 - C8 Mathematics,100,70,B2,PRESENT,Satisfactory progress
ADM2025220,Ishwarya Pothula,C8,B,ENG101,EXAM_Q1_C8_ENG101,Quarterly Examination 2025 - C8 English Language,100,64,B2,PRESENT,Satisfactory progress
ADM2025220,Ishwarya Pothula,C8,B,TEL101,EXAM_Q1_C8_TEL101,Quarterly Examination 2025 - C8 Telugu Regional Language,100,72,B1,PRESENT,Satisfactory progress
ADM2025220,Ishwarya Pothula,C8,B,HIN101,EXAM_Q1_C8_HIN101,Quarterly Examination 2025 - C8 Hindi Second Language,100,71,B1,PRESENT,Satisfactory progress
ADM2025220,Ishwarya Pothula,C8,B,SCI101,EXAM_Q1_C8_SCI101,Quarterly Examination 2025 - C8 General Science,100,70,B2,PRESENT,Satisfactory progress
ADM2025220,Ishwarya Pothula,C8,B,SOC101,EXAM_Q1_C8_SOC101,Quarterly Examination 2025 - C8 Social Studies,100,73,B1,PRESENT,Satisfactory progress
ADM2025221,Rahul Kondapalli,C8,B,MATH101,EXAM_Q1_C8_MATH101,Quarterly Examination 2025 - C8 Mathematics,100,72,B1,PRESENT,Satisfactory progress
ADM2025221,Rahul Kondapalli,C8,B,ENG101,EXAM_Q1_C8_ENG101,Quarterly Examination 2025 - C8 English Language,100,79,B1,PRESENT,Good understanding
ADM2025221,Rahul Kondapalli,C8,B,TEL101,EXAM_Q1_C8_TEL101,Quarterly Examination 2025 - C8 Telugu Regional Language,100,78,B1,PRESENT,Good understanding
ADM2025221,Rahul Kondapalli,C8,B,HIN101,EXAM_Q1_C8_HIN101,Quarterly Examination 2025 - C8 Hindi Second Language,100,78,B1,PRESENT,Good understanding
ADM2025221,Rahul Kondapalli,C8,B,SCI101,EXAM_Q1_C8_SCI101,Quarterly Examination 2025 - C8 General Science,100,78,B1,PRESENT,Good understanding
ADM2025221,Rahul Kondapalli,C8,B,SOC101,EXAM_Q1_C8_SOC101,Quarterly Examination 2025 - C8 Social Studies,100,74,B1,PRESENT,Satisfactory progress
ADM2025222,Sharanya Malkapuram,C8,B,MATH101,EXAM_Q1_C8_MATH101,Quarterly Examination 2025 - C8 Mathematics,100,74,B1,PRESENT,Satisfactory progress
ADM2025222,Sharanya Malkapuram,C8,B,ENG101,EXAM_Q1_C8_ENG101,Quarterly Examination 2025 - C8 English Language,100,74,B1,PRESENT,Satisfactory progress
ADM2025222,Sharanya Malkapuram,C8,B,TEL101,EXAM_Q1_C8_TEL101,Quarterly Examination 2025 - C8 Telugu Regional Language,100,79,B1,PRESENT,Good understanding
ADM2025222,Sharanya Malkapuram,C8,B,HIN101,EXAM_Q1_C8_HIN101,Quarterly Examination 2025 - C8 Hindi Second Language,100,73,B1,PRESENT,Satisfactory progress
ADM2025222,Sharanya Malkapuram,C8,B,SCI101,EXAM_Q1_C8_SCI101,Quarterly Examination 2025 - C8 General Science,100,70,B2,PRESENT,Satisfactory progress
ADM2025222,Sharanya Malkapuram,C8,B,SOC101,EXAM_Q1_C8_SOC101,Quarterly Examination 2025 - C8 Social Studies,100,74,B1,PRESENT,Satisfactory progress
ADM2025223,Manoj Chintala,C8,B,MATH101,EXAM_Q1_C8_MATH101,Quarterly Examination 2025 - C8 Mathematics,100,70,B2,PRESENT,Satisfactory progress
ADM2025223,Manoj Chintala,C8,B,ENG101,EXAM_Q1_C8_ENG101,Quarterly Examination 2025 - C8 English Language,100,68,B2,PRESENT,Satisfactory progress
ADM2025223,Manoj Chintala,C8,B,TEL101,EXAM_Q1_C8_TEL101,Quarterly Examination 2025 - C8 Telugu Regional Language,100,70,B2,PRESENT,Satisfactory progress
ADM2025223,Manoj Chintala,C8,B,HIN101,EXAM_Q1_C8_HIN101,Quarterly Examination 2025 - C8 Hindi Second Language,100,66,B2,PRESENT,Satisfactory progress
ADM2025223,Manoj Chintala,C8,B,SCI101,EXAM_Q1_C8_SCI101,Quarterly Examination 2025 - C8 General Science,100,68,B2,PRESENT,Satisfactory progress
ADM2025223,Manoj Chintala,C8,B,SOC101,EXAM_Q1_C8_SOC101,Quarterly Examination 2025 - C8 Social Studies,100,72,B1,PRESENT,Satisfactory progress
ADM2025224,Krithi Gaddam,C8,B,MATH101,EXAM_Q1_C8_MATH101,Quarterly Examination 2025 - C8 Mathematics,100,67,B2,PRESENT,Satisfactory progress
ADM2025224,Krithi Gaddam,C8,B,ENG101,EXAM_Q1_C8_ENG101,Quarterly Examination 2025 - C8 English Language,100,72,B1,PRESENT,Satisfactory progress
ADM2025224,Krithi Gaddam,C8,B,TEL101,EXAM_Q1_C8_TEL101,Quarterly Examination 2025 - C8 Telugu Regional Language,100,71,B1,PRESENT,Satisfactory progress
ADM2025224,Krithi Gaddam,C8,B,HIN101,EXAM_Q1_C8_HIN101,Quarterly Examination 2025 - C8 Hindi Second Language,100,68,B2,PRESENT,Satisfactory progress
ADM2025224,Krithi Gaddam,C8,B,SCI101,EXAM_Q1_C8_SCI101,Quarterly Examination 2025 - C8 General Science,100,66,B2,PRESENT,Satisfactory progress
ADM2025224,Krithi Gaddam,C8,B,SOC101,EXAM_Q1_C8_SOC101,Quarterly Examination 2025 - C8 Social Studies,100,73,B1,PRESENT,Satisfactory progress
ADM2025225,Anirudh Boddu,C8,B,MATH101,EXAM_Q1_C8_MATH101,Quarterly Examination 2025 - C8 Mathematics,100,65,B2,PRESENT,Satisfactory progress
ADM2025225,Anirudh Boddu,C8,B,ENG101,EXAM_Q1_C8_ENG101,Quarterly Examination 2025 - C8 English Language,100,73,B1,PRESENT,Satisfactory progress
ADM2025225,Anirudh Boddu,C8,B,TEL101,EXAM_Q1_C8_TEL101,Quarterly Examination 2025 - C8 Telugu Regional Language,100,73,B1,PRESENT,Satisfactory progress
ADM2025225,Anirudh Boddu,C8,B,HIN101,EXAM_Q1_C8_HIN101,Quarterly Examination 2025 - C8 Hindi Second Language,100,73,B1,PRESENT,Satisfactory progress
ADM2025225,Anirudh Boddu,C8,B,SCI101,EXAM_Q1_C8_SCI101,Quarterly Examination 2025 - C8 General Science,100,73,B1,PRESENT,Satisfactory progress
ADM2025225,Anirudh Boddu,C8,B,SOC101,EXAM_Q1_C8_SOC101,Quarterly Examination 2025 - C8 Social Studies,100,66,B2,PRESENT,Satisfactory progress
ADM2025226,Pooja Maddela,C8,B,MATH101,EXAM_Q1_C8_MATH101,Quarterly Examination 2025 - C8 Mathematics,100,56,C1,PRESENT,Satisfactory progress
ADM2025226,Pooja Maddela,C8,B,ENG101,EXAM_Q1_C8_ENG101,Quarterly Examination 2025 - C8 English Language,100,57,C1,PRESENT,Satisfactory progress
ADM2025226,Pooja Maddela,C8,B,TEL101,EXAM_Q1_C8_TEL101,Quarterly Examination 2025 - C8 Telugu Regional Language,100,66,B2,PRESENT,Satisfactory progress
ADM2025226,Pooja Maddela,C8,B,HIN101,EXAM_Q1_C8_HIN101,Quarterly Examination 2025 - C8 Hindi Second Language,100,63,B2,PRESENT,Satisfactory progress
ADM2025226,Pooja Maddela,C8,B,SCI101,EXAM_Q1_C8_SCI101,Quarterly Examination 2025 - C8 General Science,100,56,C1,PRESENT,Satisfactory progress
ADM2025226,Pooja Maddela,C8,B,SOC101,EXAM_Q1_C8_SOC101,Quarterly Examination 2025 - C8 Social Studies,100,64,B2,PRESENT,Satisfactory progress
ADM2025227,Siddharth Komati,C8,B,MATH101,EXAM_Q1_C8_MATH101,Quarterly Examination 2025 - C8 Mathematics,100,58,C1,PRESENT,Satisfactory progress
ADM2025227,Siddharth Komati,C8,B,ENG101,EXAM_Q1_C8_ENG101,Quarterly Examination 2025 - C8 English Language,100,60,C1,PRESENT,Satisfactory progress
ADM2025227,Siddharth Komati,C8,B,TEL101,EXAM_Q1_C8_TEL101,Quarterly Examination 2025 - C8 Telugu Regional Language,100,70,B2,PRESENT,Satisfactory progress
ADM2025227,Siddharth Komati,C8,B,HIN101,EXAM_Q1_C8_HIN101,Quarterly Examination 2025 - C8 Hindi Second Language,100,59,C1,PRESENT,Satisfactory progress
ADM2025227,Siddharth Komati,C8,B,SCI101,EXAM_Q1_C8_SCI101,Quarterly Examination 2025 - C8 General Science,100,62,B2,PRESENT,Satisfactory progress
ADM2025227,Siddharth Komati,C8,B,SOC101,EXAM_Q1_C8_SOC101,Quarterly Examination 2025 - C8 Social Studies,100,61,B2,PRESENT,Satisfactory progress
ADM2025228,Ananya Narra,C8,B,MATH101,EXAM_Q1_C8_MATH101,Quarterly Examination 2025 - C8 Mathematics,100,67,B2,PRESENT,Satisfactory progress
ADM2025228,Ananya Narra,C8,B,ENG101,EXAM_Q1_C8_ENG101,Quarterly Examination 2025 - C8 English Language,100,65,B2,PRESENT,Satisfactory progress
ADM2025228,Ananya Narra,C8,B,TEL101,EXAM_Q1_C8_TEL101,Quarterly Examination 2025 - C8 Telugu Regional Language,100,72,B1,PRESENT,Satisfactory progress
ADM2025228,Ananya Narra,C8,B,HIN101,EXAM_Q1_C8_HIN101,Quarterly Examination 2025 - C8 Hindi Second Language,100,68,B2,PRESENT,Satisfactory progress
ADM2025228,Ananya Narra,C8,B,SCI101,EXAM_Q1_C8_SCI101,Quarterly Examination 2025 - C8 General Science,100,64,B2,PRESENT,Satisfactory progress
ADM2025228,Ananya Narra,C8,B,SOC101,EXAM_Q1_C8_SOC101,Quarterly Examination 2025 - C8 Social Studies,100,65,B2,PRESENT,Satisfactory progress
ADM2025229,Harsha Thota,C8,B,MATH101,EXAM_Q1_C8_MATH101,Quarterly Examination 2025 - C8 Mathematics,100,55,C1,PRESENT,Satisfactory progress
ADM2025229,Harsha Thota,C8,B,ENG101,EXAM_Q1_C8_ENG101,Quarterly Examination 2025 - C8 English Language,100,53,C1,PRESENT,Satisfactory progress
ADM2025229,Harsha Thota,C8,B,TEL101,EXAM_Q1_C8_TEL101,Quarterly Examination 2025 - C8 Telugu Regional Language,100,58,C1,PRESENT,Satisfactory progress
ADM2025229,Harsha Thota,C8,B,HIN101,EXAM_Q1_C8_HIN101,Quarterly Examination 2025 - C8 Hindi Second Language,100,52,C1,PRESENT,Satisfactory progress
ADM2025229,Harsha Thota,C8,B,SCI101,EXAM_Q1_C8_SCI101,Quarterly Examination 2025 - C8 General Science,100,59,C1,PRESENT,Satisfactory progress
ADM2025229,Harsha Thota,C8,B,SOC101,EXAM_Q1_C8_SOC101,Quarterly Examination 2025 - C8 Social Studies,100,59,C1,PRESENT,Satisfactory progress
ADM2025230,Jahnavi Avula,C8,B,MATH101,EXAM_Q1_C8_MATH101,Quarterly Examination 2025 - C8 Mathematics,100,64,B2,PRESENT,Satisfactory progress
ADM2025230,Jahnavi Avula,C8,B,ENG101,EXAM_Q1_C8_ENG101,Quarterly Examination 2025 - C8 English Language,100,65,B2,PRESENT,Satisfactory progress
ADM2025230,Jahnavi Avula,C8,B,TEL101,EXAM_Q1_C8_TEL101,Quarterly Examination 2025 - C8 Telugu Regional Language,100,69,B2,PRESENT,Satisfactory progress
ADM2025230,Jahnavi Avula,C8,B,HIN101,EXAM_Q1_C8_HIN101,Quarterly Examination 2025 - C8 Hindi Second Language,100,70,B2,PRESENT,Satisfactory progress
ADM2025230,Jahnavi Avula,C8,B,SCI101,EXAM_Q1_C8_SCI101,Quarterly Examination 2025 - C8 General Science,100,68,B2,PRESENT,Satisfactory progress
ADM2025230,Jahnavi Avula,C8,B,SOC101,EXAM_Q1_C8_SOC101,Quarterly Examination 2025 - C8 Social Studies,100,67,B2,PRESENT,Satisfactory progress
ADM2025231,Pavan Siripuram,C8,B,MATH101,EXAM_Q1_C8_MATH101,Quarterly Examination 2025 - C8 Mathematics,100,58,C1,PRESENT,Satisfactory progress
ADM2025231,Pavan Siripuram,C8,B,ENG101,EXAM_Q1_C8_ENG101,Quarterly Examination 2025 - C8 English Language,100,61,B2,PRESENT,Satisfactory progress
ADM2025231,Pavan Siripuram,C8,B,TEL101,EXAM_Q1_C8_TEL101,Quarterly Examination 2025 - C8 Telugu Regional Language,100,63,B2,PRESENT,Satisfactory progress
ADM2025231,Pavan Siripuram,C8,B,HIN101,EXAM_Q1_C8_HIN101,Quarterly Examination 2025 - C8 Hindi Second Language,100,61,B2,PRESENT,Satisfactory progress
ADM2025231,Pavan Siripuram,C8,B,SCI101,EXAM_Q1_C8_SCI101,Quarterly Examination 2025 - C8 General Science,100,63,B2,PRESENT,Satisfactory progress
ADM2025231,Pavan Siripuram,C8,B,SOC101,EXAM_Q1_C8_SOC101,Quarterly Examination 2025 - C8 Social Studies,100,62,B2,PRESENT,Satisfactory progress
ADM2025232,Ananya Yerra,C8,B,MATH101,EXAM_Q1_C8_MATH101,Quarterly Examination 2025 - C8 Mathematics,100,58,C1,PRESENT,Satisfactory progress
ADM2025232,Ananya Yerra,C8,B,ENG101,EXAM_Q1_C8_ENG101,Quarterly Examination 2025 - C8 English Language,100,63,B2,PRESENT,Satisfactory progress
ADM2025232,Ananya Yerra,C8,B,TEL101,EXAM_Q1_C8_TEL101,Quarterly Examination 2025 - C8 Telugu Regional Language,100,68,B2,PRESENT,Satisfactory progress
ADM2025232,Ananya Yerra,C8,B,HIN101,EXAM_Q1_C8_HIN101,Quarterly Examination 2025 - C8 Hindi Second Language,100,65,B2,PRESENT,Satisfactory progress
ADM2025232,Ananya Yerra,C8,B,SCI101,EXAM_Q1_C8_SCI101,Quarterly Examination 2025 - C8 General Science,100,61,B2,PRESENT,Satisfactory progress
ADM2025232,Ananya Yerra,C8,B,SOC101,EXAM_Q1_C8_SOC101,Quarterly Examination 2025 - C8 Social Studies,100,66,B2,PRESENT,Satisfactory progress
ADM2025233,Pranav Goli,C8,B,MATH101,EXAM_Q1_C8_MATH101,Quarterly Examination 2025 - C8 Mathematics,100,51,C1,PRESENT,Satisfactory progress
ADM2025233,Pranav Goli,C8,B,ENG101,EXAM_Q1_C8_ENG101,Quarterly Examination 2025 - C8 English Language,100,53,C1,PRESENT,Satisfactory progress
ADM2025233,Pranav Goli,C8,B,TEL101,EXAM_Q1_C8_TEL101,Quarterly Examination 2025 - C8 Telugu Regional Language,100,57,C1,PRESENT,Satisfactory progress
ADM2025233,Pranav Goli,C8,B,HIN101,EXAM_Q1_C8_HIN101,Quarterly Examination 2025 - C8 Hindi Second Language,100,57,C1,PRESENT,Satisfactory progress
ADM2025233,Pranav Goli,C8,B,SCI101,EXAM_Q1_C8_SCI101,Quarterly Examination 2025 - C8 General Science,100,59,C1,PRESENT,Satisfactory progress
ADM2025233,Pranav Goli,C8,B,SOC101,EXAM_Q1_C8_SOC101,Quarterly Examination 2025 - C8 Social Studies,100,59,C1,PRESENT,Satisfactory progress
ADM2025234,Deepika Sunkari,C8,B,MATH101,EXAM_Q1_C8_MATH101,Quarterly Examination 2025 - C8 Mathematics,100,48,C2,PRESENT,Needs remedial support
ADM2025234,Deepika Sunkari,C8,B,ENG101,EXAM_Q1_C8_ENG101,Quarterly Examination 2025 - C8 English Language,100,45,C2,PRESENT,Needs remedial support
ADM2025234,Deepika Sunkari,C8,B,TEL101,EXAM_Q1_C8_TEL101,Quarterly Examination 2025 - C8 Telugu Regional Language,100,50,C2,PRESENT,Satisfactory progress
ADM2025234,Deepika Sunkari,C8,B,HIN101,EXAM_Q1_C8_HIN101,Quarterly Examination 2025 - C8 Hindi Second Language,100,49,C2,PRESENT,Needs remedial support
ADM2025234,Deepika Sunkari,C8,B,SCI101,EXAM_Q1_C8_SCI101,Quarterly Examination 2025 - C8 General Science,100,48,C2,PRESENT,Needs remedial support
ADM2025234,Deepika Sunkari,C8,B,SOC101,EXAM_Q1_C8_SOC101,Quarterly Examination 2025 - C8 Social Studies,100,51,C1,PRESENT,Satisfactory progress
ADM2025235,Manish Mothukuri,C8,B,MATH101,EXAM_Q1_C8_MATH101,Quarterly Examination 2025 - C8 Mathematics,100,48,C2,PRESENT,Needs remedial support
ADM2025235,Manish Mothukuri,C8,B,ENG101,EXAM_Q1_C8_ENG101,Quarterly Examination 2025 - C8 English Language,100,50,C2,PRESENT,Satisfactory progress
ADM2025235,Manish Mothukuri,C8,B,TEL101,EXAM_Q1_C8_TEL101,Quarterly Examination 2025 - C8 Telugu Regional Language,100,52,C1,PRESENT,Satisfactory progress
ADM2025235,Manish Mothukuri,C8,B,HIN101,EXAM_Q1_C8_HIN101,Quarterly Examination 2025 - C8 Hindi Second Language,100,47,C2,PRESENT,Needs remedial support
ADM2025235,Manish Mothukuri,C8,B,SCI101,EXAM_Q1_C8_SCI101,Quarterly Examination 2025 - C8 General Science,100,50,C2,PRESENT,Satisfactory progress
ADM2025235,Manish Mothukuri,C8,B,SOC101,EXAM_Q1_C8_SOC101,Quarterly Examination 2025 - C8 Social Studies,100,46,C2,PRESENT,Needs remedial support
ADM2025236,Sirisha Dasari,C8,B,MATH101,EXAM_Q1_C8_MATH101,Quarterly Examination 2025 - C8 Mathematics,100,51,C1,PRESENT,Satisfactory progress
ADM2025236,Sirisha Dasari,C8,B,ENG101,EXAM_Q1_C8_ENG101,Quarterly Examination 2025 - C8 English Language,100,61,B2,PRESENT,Satisfactory progress
ADM2025236,Sirisha Dasari,C8,B,TEL101,EXAM_Q1_C8_TEL101,Quarterly Examination 2025 - C8 Telugu Regional Language,100,65,B2,PRESENT,Satisfactory progress
ADM2025236,Sirisha Dasari,C8,B,HIN101,EXAM_Q1_C8_HIN101,Quarterly Examination 2025 - C8 Hindi Second Language,100,53,C1,PRESENT,Satisfactory progress
ADM2025236,Sirisha Dasari,C8,B,SCI101,EXAM_Q1_C8_SCI101,Quarterly Examination 2025 - C8 General Science,100,60,C1,PRESENT,Satisfactory progress
ADM2025236,Sirisha Dasari,C8,B,SOC101,EXAM_Q1_C8_SOC101,Quarterly Examination 2025 - C8 Social Studies,100,57,C1,PRESENT,Satisfactory progress
ADM2025237,Surya Challa,C8,B,MATH101,EXAM_Q1_C8_MATH101,Quarterly Examination 2025 - C8 Mathematics,100,44,C2,PRESENT,Needs remedial support
ADM2025237,Surya Challa,C8,B,ENG101,EXAM_Q1_C8_ENG101,Quarterly Examination 2025 - C8 English Language,100,43,C2,PRESENT,Needs remedial support
ADM2025237,Surya Challa,C8,B,TEL101,EXAM_Q1_C8_TEL101,Quarterly Examination 2025 - C8 Telugu Regional Language,100,53,C1,PRESENT,Satisfactory progress
ADM2025237,Surya Challa,C8,B,HIN101,EXAM_Q1_C8_HIN101,Quarterly Examination 2025 - C8 Hindi Second Language,100,46,C2,PRESENT,Needs remedial support
ADM2025237,Surya Challa,C8,B,SCI101,EXAM_Q1_C8_SCI101,Quarterly Examination 2025 - C8 General Science,100,47,C2,PRESENT,Needs remedial support
ADM2025237,Surya Challa,C8,B,SOC101,EXAM_Q1_C8_SOC101,Quarterly Examination 2025 - C8 Social Studies,100,44,C2,PRESENT,Needs remedial support
ADM2025238,Sruthi Boya,C8,B,MATH101,EXAM_Q1_C8_MATH101,Quarterly Examination 2025 - C8 Mathematics,100,45,C2,PRESENT,Needs remedial support
ADM2025238,Sruthi Boya,C8,B,ENG101,EXAM_Q1_C8_ENG101,Quarterly Examination 2025 - C8 English Language,100,46,C2,PRESENT,Needs remedial support
ADM2025238,Sruthi Boya,C8,B,TEL101,EXAM_Q1_C8_TEL101,Quarterly Examination 2025 - C8 Telugu Regional Language,100,52,C1,PRESENT,Satisfactory progress
ADM2025238,Sruthi Boya,C8,B,HIN101,EXAM_Q1_C8_HIN101,Quarterly Examination 2025 - C8 Hindi Second Language,100,48,C2,PRESENT,Needs remedial support
ADM2025238,Sruthi Boya,C8,B,SCI101,EXAM_Q1_C8_SCI101,Quarterly Examination 2025 - C8 General Science,100,43,C2,PRESENT,Needs remedial support
ADM2025238,Sruthi Boya,C8,B,SOC101,EXAM_Q1_C8_SOC101,Quarterly Examination 2025 - C8 Social Studies,100,52,C1,PRESENT,Satisfactory progress
ADM2025239,Sarath Kammari,C8,B,MATH101,EXAM_Q1_C8_MATH101,Quarterly Examination 2025 - C8 Mathematics,100,47,C2,PRESENT,Needs remedial support
ADM2025239,Sarath Kammari,C8,B,ENG101,EXAM_Q1_C8_ENG101,Quarterly Examination 2025 - C8 English Language,100,49,C2,PRESENT,Needs remedial support
ADM2025239,Sarath Kammari,C8,B,TEL101,EXAM_Q1_C8_TEL101,Quarterly Examination 2025 - C8 Telugu Regional Language,100,48,C2,PRESENT,Needs remedial support
ADM2025239,Sarath Kammari,C8,B,HIN101,EXAM_Q1_C8_HIN101,Quarterly Examination 2025 - C8 Hindi Second Language,100,45,C2,PRESENT,Needs remedial support
ADM2025239,Sarath Kammari,C8,B,SCI101,EXAM_Q1_C8_SCI101,Quarterly Examination 2025 - C8 General Science,100,45,C2,PRESENT,Needs remedial support
ADM2025239,Sarath Kammari,C8,B,SOC101,EXAM_Q1_C8_SOC101,Quarterly Examination 2025 - C8 Social Studies,100,43,C2,PRESENT,Needs remedial support
ADM2025240,Sharanya Vangala,C8,B,MATH101,EXAM_Q1_C8_MATH101,Quarterly Examination 2025 - C8 Mathematics,100,35,D,PRESENT,Needs remedial support
ADM2025240,Sharanya Vangala,C8,B,ENG101,EXAM_Q1_C8_ENG101,Quarterly Examination 2025 - C8 English Language,100,43,C2,PRESENT,Needs remedial support
ADM2025240,Sharanya Vangala,C8,B,TEL101,EXAM_Q1_C8_TEL101,Quarterly Examination 2025 - C8 Telugu Regional Language,100,44,C2,PRESENT,Needs remedial support
ADM2025240,Sharanya Vangala,C8,B,HIN101,EXAM_Q1_C8_HIN101,Quarterly Examination 2025 - C8 Hindi Second Language,100,39,D,PRESENT,Needs remedial support
ADM2025240,Sharanya Vangala,C8,B,SCI101,EXAM_Q1_C8_SCI101,Quarterly Examination 2025 - C8 General Science,100,35,D,PRESENT,Needs remedial support
ADM2025240,Sharanya Vangala,C8,B,SOC101,EXAM_Q1_C8_SOC101,Quarterly Examination 2025 - C8 Social Studies,100,38,D,PRESENT,Needs remedial support
ADM2025241,Shashi Nallam,C9,A,MATH101,EXAM_Q1_C9_MATH101,Quarterly Examination 2025 - C9 Mathematics,100,87,A2,PRESENT,Good understanding
ADM2025241,Shashi Nallam,C9,A,ENG101,EXAM_Q1_C9_ENG101,Quarterly Examination 2025 - C9 English Language,100,86,A2,PRESENT,Good understanding
ADM2025241,Shashi Nallam,C9,A,TEL101,EXAM_Q1_C9_TEL101,Quarterly Examination 2025 - C9 Telugu Regional Language,100,92,A1,PRESENT,Outstanding performance
ADM2025241,Shashi Nallam,C9,A,HIN101,EXAM_Q1_C9_HIN101,Quarterly Examination 2025 - C9 Hindi Second Language,100,88,A2,PRESENT,Good understanding
ADM2025241,Shashi Nallam,C9,A,SCI101,EXAM_Q1_C9_SCI101,Quarterly Examination 2025 - C9 General Science,100,83,A2,PRESENT,Good understanding
ADM2025241,Shashi Nallam,C9,A,SOC101,EXAM_Q1_C9_SOC101,Quarterly Examination 2025 - C9 Social Studies,100,89,A2,PRESENT,Good understanding
ADM2025242,Vandana Katakam,C9,A,MATH101,EXAM_Q1_C9_MATH101,Quarterly Examination 2025 - C9 Mathematics,100,92,A1,PRESENT,Outstanding performance
ADM2025242,Vandana Katakam,C9,A,ENG101,EXAM_Q1_C9_ENG101,Quarterly Examination 2025 - C9 English Language,100,93,A1,PRESENT,Outstanding performance
ADM2025242,Vandana Katakam,C9,A,TEL101,EXAM_Q1_C9_TEL101,Quarterly Examination 2025 - C9 Telugu Regional Language,100,94,A1,PRESENT,Outstanding performance
ADM2025242,Vandana Katakam,C9,A,HIN101,EXAM_Q1_C9_HIN101,Quarterly Examination 2025 - C9 Hindi Second Language,100,96,A1,PRESENT,Outstanding performance
ADM2025242,Vandana Katakam,C9,A,SCI101,EXAM_Q1_C9_SCI101,Quarterly Examination 2025 - C9 General Science,100,89,A2,PRESENT,Good understanding
ADM2025242,Vandana Katakam,C9,A,SOC101,EXAM_Q1_C9_SOC101,Quarterly Examination 2025 - C9 Social Studies,100,95,A1,PRESENT,Outstanding performance
ADM2025243,Bhavan Gampa,C9,A,MATH101,EXAM_Q1_C9_MATH101,Quarterly Examination 2025 - C9 Mathematics,100,87,A2,PRESENT,Good understanding
ADM2025243,Bhavan Gampa,C9,A,ENG101,EXAM_Q1_C9_ENG101,Quarterly Examination 2025 - C9 English Language,100,85,A2,PRESENT,Good understanding
ADM2025243,Bhavan Gampa,C9,A,TEL101,EXAM_Q1_C9_TEL101,Quarterly Examination 2025 - C9 Telugu Regional Language,100,90,A2,PRESENT,Outstanding performance
ADM2025243,Bhavan Gampa,C9,A,HIN101,EXAM_Q1_C9_HIN101,Quarterly Examination 2025 - C9 Hindi Second Language,100,81,A2,PRESENT,Good understanding
ADM2025243,Bhavan Gampa,C9,A,SCI101,EXAM_Q1_C9_SCI101,Quarterly Examination 2025 - C9 General Science,100,80,B1,PRESENT,Good understanding
ADM2025243,Bhavan Gampa,C9,A,SOC101,EXAM_Q1_C9_SOC101,Quarterly Examination 2025 - C9 Social Studies,100,88,A2,PRESENT,Good understanding
ADM2025244,Tanmayi Peddinti,C9,A,MATH101,EXAM_Q1_C9_MATH101,Quarterly Examination 2025 - C9 Mathematics,100,89,A2,PRESENT,Good understanding
ADM2025244,Tanmayi Peddinti,C9,A,ENG101,EXAM_Q1_C9_ENG101,Quarterly Examination 2025 - C9 English Language,100,92,A1,PRESENT,Outstanding performance
ADM2025244,Tanmayi Peddinti,C9,A,TEL101,EXAM_Q1_C9_TEL101,Quarterly Examination 2025 - C9 Telugu Regional Language,100,93,A1,PRESENT,Outstanding performance
ADM2025244,Tanmayi Peddinti,C9,A,HIN101,EXAM_Q1_C9_HIN101,Quarterly Examination 2025 - C9 Hindi Second Language,100,93,A1,PRESENT,Outstanding performance
ADM2025244,Tanmayi Peddinti,C9,A,SCI101,EXAM_Q1_C9_SCI101,Quarterly Examination 2025 - C9 General Science,100,86,A2,PRESENT,Good understanding
ADM2025244,Tanmayi Peddinti,C9,A,SOC101,EXAM_Q1_C9_SOC101,Quarterly Examination 2025 - C9 Social Studies,100,92,A1,PRESENT,Outstanding performance
ADM2025245,Karthik Komuravelli,C9,A,MATH101,EXAM_Q1_C9_MATH101,Quarterly Examination 2025 - C9 Mathematics,100,73,B1,PRESENT,Satisfactory progress
ADM2025245,Karthik Komuravelli,C9,A,ENG101,EXAM_Q1_C9_ENG101,Quarterly Examination 2025 - C9 English Language,100,74,B1,PRESENT,Satisfactory progress
ADM2025245,Karthik Komuravelli,C9,A,TEL101,EXAM_Q1_C9_TEL101,Quarterly Examination 2025 - C9 Telugu Regional Language,100,80,B1,PRESENT,Good understanding
ADM2025245,Karthik Komuravelli,C9,A,HIN101,EXAM_Q1_C9_HIN101,Quarterly Examination 2025 - C9 Hindi Second Language,100,77,B1,PRESENT,Good understanding
ADM2025245,Karthik Komuravelli,C9,A,SCI101,EXAM_Q1_C9_SCI101,Quarterly Examination 2025 - C9 General Science,100,75,B1,PRESENT,Good understanding
ADM2025245,Karthik Komuravelli,C9,A,SOC101,EXAM_Q1_C9_SOC101,Quarterly Examination 2025 - C9 Social Studies,100,75,B1,PRESENT,Good understanding
ADM2025246,Tanmayi Polisetty,C9,A,MATH101,EXAM_Q1_C9_MATH101,Quarterly Examination 2025 - C9 Mathematics,100,74,B1,PRESENT,Satisfactory progress
ADM2025246,Tanmayi Polisetty,C9,A,ENG101,EXAM_Q1_C9_ENG101,Quarterly Examination 2025 - C9 English Language,100,81,A2,PRESENT,Good understanding
ADM2025246,Tanmayi Polisetty,C9,A,TEL101,EXAM_Q1_C9_TEL101,Quarterly Examination 2025 - C9 Telugu Regional Language,100,80,B1,PRESENT,Good understanding
ADM2025246,Tanmayi Polisetty,C9,A,HIN101,EXAM_Q1_C9_HIN101,Quarterly Examination 2025 - C9 Hindi Second Language,100,81,A2,PRESENT,Good understanding
ADM2025246,Tanmayi Polisetty,C9,A,SCI101,EXAM_Q1_C9_SCI101,Quarterly Examination 2025 - C9 General Science,100,77,B1,PRESENT,Good understanding
ADM2025246,Tanmayi Polisetty,C9,A,SOC101,EXAM_Q1_C9_SOC101,Quarterly Examination 2025 - C9 Social Studies,100,85,A2,PRESENT,Good understanding
ADM2025247,Vikram Katta,C9,A,MATH101,EXAM_Q1_C9_MATH101,Quarterly Examination 2025 - C9 Mathematics,100,73,B1,PRESENT,Satisfactory progress
ADM2025247,Vikram Katta,C9,A,ENG101,EXAM_Q1_C9_ENG101,Quarterly Examination 2025 - C9 English Language,100,74,B1,PRESENT,Satisfactory progress
ADM2025247,Vikram Katta,C9,A,TEL101,EXAM_Q1_C9_TEL101,Quarterly Examination 2025 - C9 Telugu Regional Language,100,79,B1,PRESENT,Good understanding
ADM2025247,Vikram Katta,C9,A,HIN101,EXAM_Q1_C9_HIN101,Quarterly Examination 2025 - C9 Hindi Second Language,100,76,B1,PRESENT,Good understanding
ADM2025247,Vikram Katta,C9,A,SCI101,EXAM_Q1_C9_SCI101,Quarterly Examination 2025 - C9 General Science,100,68,B2,PRESENT,Satisfactory progress
ADM2025247,Vikram Katta,C9,A,SOC101,EXAM_Q1_C9_SOC101,Quarterly Examination 2025 - C9 Social Studies,100,69,B2,PRESENT,Satisfactory progress
ADM2025248,Chandana Chilukuri,C9,A,MATH101,EXAM_Q1_C9_MATH101,Quarterly Examination 2025 - C9 Mathematics,100,68,B2,PRESENT,Satisfactory progress
ADM2025248,Chandana Chilukuri,C9,A,ENG101,EXAM_Q1_C9_ENG101,Quarterly Examination 2025 - C9 English Language,100,73,B1,PRESENT,Satisfactory progress
ADM2025248,Chandana Chilukuri,C9,A,TEL101,EXAM_Q1_C9_TEL101,Quarterly Examination 2025 - C9 Telugu Regional Language,100,79,B1,PRESENT,Good understanding
ADM2025248,Chandana Chilukuri,C9,A,HIN101,EXAM_Q1_C9_HIN101,Quarterly Examination 2025 - C9 Hindi Second Language,100,70,B2,PRESENT,Satisfactory progress
ADM2025248,Chandana Chilukuri,C9,A,SCI101,EXAM_Q1_C9_SCI101,Quarterly Examination 2025 - C9 General Science,100,71,B1,PRESENT,Satisfactory progress
ADM2025248,Chandana Chilukuri,C9,A,SOC101,EXAM_Q1_C9_SOC101,Quarterly Examination 2025 - C9 Social Studies,100,71,B1,PRESENT,Satisfactory progress
ADM2025249,Lokesh Medasani,C9,A,MATH101,EXAM_Q1_C9_MATH101,Quarterly Examination 2025 - C9 Mathematics,100,73,B1,PRESENT,Satisfactory progress
ADM2025249,Lokesh Medasani,C9,A,ENG101,EXAM_Q1_C9_ENG101,Quarterly Examination 2025 - C9 English Language,100,79,B1,PRESENT,Good understanding
ADM2025249,Lokesh Medasani,C9,A,TEL101,EXAM_Q1_C9_TEL101,Quarterly Examination 2025 - C9 Telugu Regional Language,100,76,B1,PRESENT,Good understanding
ADM2025249,Lokesh Medasani,C9,A,HIN101,EXAM_Q1_C9_HIN101,Quarterly Examination 2025 - C9 Hindi Second Language,100,76,B1,PRESENT,Good understanding
ADM2025249,Lokesh Medasani,C9,A,SCI101,EXAM_Q1_C9_SCI101,Quarterly Examination 2025 - C9 General Science,100,77,B1,PRESENT,Good understanding
ADM2025249,Lokesh Medasani,C9,A,SOC101,EXAM_Q1_C9_SOC101,Quarterly Examination 2025 - C9 Social Studies,100,76,B1,PRESENT,Good understanding
ADM2025250,Harini Nimmagadda,C9,A,MATH101,EXAM_Q1_C9_MATH101,Quarterly Examination 2025 - C9 Mathematics,100,80,B1,PRESENT,Good understanding
ADM2025250,Harini Nimmagadda,C9,A,ENG101,EXAM_Q1_C9_ENG101,Quarterly Examination 2025 - C9 English Language,100,76,B1,PRESENT,Good understanding
ADM2025250,Harini Nimmagadda,C9,A,TEL101,EXAM_Q1_C9_TEL101,Quarterly Examination 2025 - C9 Telugu Regional Language,100,82,A2,PRESENT,Good understanding
ADM2025250,Harini Nimmagadda,C9,A,HIN101,EXAM_Q1_C9_HIN101,Quarterly Examination 2025 - C9 Hindi Second Language,100,80,B1,PRESENT,Good understanding
ADM2025250,Harini Nimmagadda,C9,A,SCI101,EXAM_Q1_C9_SCI101,Quarterly Examination 2025 - C9 General Science,100,75,B1,PRESENT,Good understanding
ADM2025250,Harini Nimmagadda,C9,A,SOC101,EXAM_Q1_C9_SOC101,Quarterly Examination 2025 - C9 Social Studies,100,75,B1,PRESENT,Good understanding
ADM2025251,Nikhil Rao,C9,A,MATH101,EXAM_Q1_C9_MATH101,Quarterly Examination 2025 - C9 Mathematics,100,66,B2,PRESENT,Satisfactory progress
ADM2025251,Nikhil Rao,C9,A,ENG101,EXAM_Q1_C9_ENG101,Quarterly Examination 2025 - C9 English Language,100,68,B2,PRESENT,Satisfactory progress
ADM2025251,Nikhil Rao,C9,A,TEL101,EXAM_Q1_C9_TEL101,Quarterly Examination 2025 - C9 Telugu Regional Language,100,75,B1,PRESENT,Good understanding
ADM2025251,Nikhil Rao,C9,A,HIN101,EXAM_Q1_C9_HIN101,Quarterly Examination 2025 - C9 Hindi Second Language,100,69,B2,PRESENT,Satisfactory progress
ADM2025251,Nikhil Rao,C9,A,SCI101,EXAM_Q1_C9_SCI101,Quarterly Examination 2025 - C9 General Science,100,71,B1,PRESENT,Satisfactory progress
ADM2025251,Nikhil Rao,C9,A,SOC101,EXAM_Q1_C9_SOC101,Quarterly Examination 2025 - C9 Social Studies,100,65,B2,PRESENT,Satisfactory progress
ADM2025252,Shravani Reddy,C9,A,MATH101,EXAM_Q1_C9_MATH101,Quarterly Examination 2025 - C9 Mathematics,100,66,B2,PRESENT,Satisfactory progress
ADM2025252,Shravani Reddy,C9,A,ENG101,EXAM_Q1_C9_ENG101,Quarterly Examination 2025 - C9 English Language,100,69,B2,PRESENT,Satisfactory progress
ADM2025252,Shravani Reddy,C9,A,TEL101,EXAM_Q1_C9_TEL101,Quarterly Examination 2025 - C9 Telugu Regional Language,100,79,B1,PRESENT,Good understanding
ADM2025252,Shravani Reddy,C9,A,HIN101,EXAM_Q1_C9_HIN101,Quarterly Examination 2025 - C9 Hindi Second Language,100,75,B1,PRESENT,Good understanding
ADM2025252,Shravani Reddy,C9,A,SCI101,EXAM_Q1_C9_SCI101,Quarterly Examination 2025 - C9 General Science,100,71,B1,PRESENT,Satisfactory progress
ADM2025252,Shravani Reddy,C9,A,SOC101,EXAM_Q1_C9_SOC101,Quarterly Examination 2025 - C9 Social Studies,100,68,B2,PRESENT,Satisfactory progress
ADM2025253,Karthik Sharma,C9,A,MATH101,EXAM_Q1_C9_MATH101,Quarterly Examination 2025 - C9 Mathematics,100,66,B2,PRESENT,Satisfactory progress
ADM2025253,Karthik Sharma,C9,A,ENG101,EXAM_Q1_C9_ENG101,Quarterly Examination 2025 - C9 English Language,100,68,B2,PRESENT,Satisfactory progress
ADM2025253,Karthik Sharma,C9,A,TEL101,EXAM_Q1_C9_TEL101,Quarterly Examination 2025 - C9 Telugu Regional Language,100,69,B2,PRESENT,Satisfactory progress
ADM2025253,Karthik Sharma,C9,A,HIN101,EXAM_Q1_C9_HIN101,Quarterly Examination 2025 - C9 Hindi Second Language,100,60,C1,PRESENT,Satisfactory progress
ADM2025253,Karthik Sharma,C9,A,SCI101,EXAM_Q1_C9_SCI101,Quarterly Examination 2025 - C9 General Science,100,67,B2,PRESENT,Satisfactory progress
ADM2025253,Karthik Sharma,C9,A,SOC101,EXAM_Q1_C9_SOC101,Quarterly Examination 2025 - C9 Social Studies,100,62,B2,PRESENT,Satisfactory progress
ADM2025254,Pravallika Goud,C9,A,MATH101,EXAM_Q1_C9_MATH101,Quarterly Examination 2025 - C9 Mathematics,100,74,B1,PRESENT,Satisfactory progress
ADM2025254,Pravallika Goud,C9,A,ENG101,EXAM_Q1_C9_ENG101,Quarterly Examination 2025 - C9 English Language,100,77,B1,PRESENT,Good understanding
ADM2025254,Pravallika Goud,C9,A,TEL101,EXAM_Q1_C9_TEL101,Quarterly Examination 2025 - C9 Telugu Regional Language,100,81,A2,PRESENT,Good understanding
ADM2025254,Pravallika Goud,C9,A,HIN101,EXAM_Q1_C9_HIN101,Quarterly Examination 2025 - C9 Hindi Second Language,100,74,B1,PRESENT,Satisfactory progress
ADM2025254,Pravallika Goud,C9,A,SCI101,EXAM_Q1_C9_SCI101,Quarterly Examination 2025 - C9 General Science,100,70,B2,PRESENT,Satisfactory progress
ADM2025254,Pravallika Goud,C9,A,SOC101,EXAM_Q1_C9_SOC101,Quarterly Examination 2025 - C9 Social Studies,100,72,B1,PRESENT,Satisfactory progress
ADM2025255,Akhil Chowdary,C9,A,MATH101,EXAM_Q1_C9_MATH101,Quarterly Examination 2025 - C9 Mathematics,100,64,B2,PRESENT,Satisfactory progress
ADM2025255,Akhil Chowdary,C9,A,ENG101,EXAM_Q1_C9_ENG101,Quarterly Examination 2025 - C9 English Language,100,62,B2,PRESENT,Satisfactory progress
ADM2025255,Akhil Chowdary,C9,A,TEL101,EXAM_Q1_C9_TEL101,Quarterly Examination 2025 - C9 Telugu Regional Language,100,71,B1,PRESENT,Satisfactory progress
ADM2025255,Akhil Chowdary,C9,A,HIN101,EXAM_Q1_C9_HIN101,Quarterly Examination 2025 - C9 Hindi Second Language,100,62,B2,PRESENT,Satisfactory progress
ADM2025255,Akhil Chowdary,C9,A,SCI101,EXAM_Q1_C9_SCI101,Quarterly Examination 2025 - C9 General Science,100,65,B2,PRESENT,Satisfactory progress
ADM2025255,Akhil Chowdary,C9,A,SOC101,EXAM_Q1_C9_SOC101,Quarterly Examination 2025 - C9 Social Studies,100,60,C1,PRESENT,Satisfactory progress
ADM2025256,Sandhya Varma,C9,A,MATH101,EXAM_Q1_C9_MATH101,Quarterly Examination 2025 - C9 Mathematics,100,72,B1,PRESENT,Satisfactory progress
ADM2025256,Sandhya Varma,C9,A,ENG101,EXAM_Q1_C9_ENG101,Quarterly Examination 2025 - C9 English Language,100,72,B1,PRESENT,Satisfactory progress
ADM2025256,Sandhya Varma,C9,A,TEL101,EXAM_Q1_C9_TEL101,Quarterly Examination 2025 - C9 Telugu Regional Language,100,81,A2,PRESENT,Good understanding
ADM2025256,Sandhya Varma,C9,A,HIN101,EXAM_Q1_C9_HIN101,Quarterly Examination 2025 - C9 Hindi Second Language,100,68,B2,PRESENT,Satisfactory progress
ADM2025256,Sandhya Varma,C9,A,SCI101,EXAM_Q1_C9_SCI101,Quarterly Examination 2025 - C9 General Science,100,71,B1,PRESENT,Satisfactory progress
ADM2025256,Sandhya Varma,C9,A,SOC101,EXAM_Q1_C9_SOC101,Quarterly Examination 2025 - C9 Social Studies,100,75,B1,PRESENT,Good understanding
ADM2025257,Manish Naidu,C9,A,MATH101,EXAM_Q1_C9_MATH101,Quarterly Examination 2025 - C9 Mathematics,100,62,B2,PRESENT,Satisfactory progress
ADM2025257,Manish Naidu,C9,A,ENG101,EXAM_Q1_C9_ENG101,Quarterly Examination 2025 - C9 English Language,100,66,B2,PRESENT,Satisfactory progress
ADM2025257,Manish Naidu,C9,A,TEL101,EXAM_Q1_C9_TEL101,Quarterly Examination 2025 - C9 Telugu Regional Language,100,65,B2,PRESENT,Satisfactory progress
ADM2025257,Manish Naidu,C9,A,HIN101,EXAM_Q1_C9_HIN101,Quarterly Examination 2025 - C9 Hindi Second Language,100,64,B2,PRESENT,Satisfactory progress
ADM2025257,Manish Naidu,C9,A,SCI101,EXAM_Q1_C9_SCI101,Quarterly Examination 2025 - C9 General Science,100,57,C1,PRESENT,Satisfactory progress
ADM2025257,Manish Naidu,C9,A,SOC101,EXAM_Q1_C9_SOC101,Quarterly Examination 2025 - C9 Social Studies,100,60,C1,PRESENT,Satisfactory progress
ADM2025258,Alekhya Gupta,C9,A,MATH101,EXAM_Q1_C9_MATH101,Quarterly Examination 2025 - C9 Mathematics,100,67,B2,PRESENT,Satisfactory progress
ADM2025258,Alekhya Gupta,C9,A,ENG101,EXAM_Q1_C9_ENG101,Quarterly Examination 2025 - C9 English Language,100,68,B2,PRESENT,Satisfactory progress
ADM2025258,Alekhya Gupta,C9,A,TEL101,EXAM_Q1_C9_TEL101,Quarterly Examination 2025 - C9 Telugu Regional Language,100,77,B1,PRESENT,Good understanding
ADM2025258,Alekhya Gupta,C9,A,HIN101,EXAM_Q1_C9_HIN101,Quarterly Examination 2025 - C9 Hindi Second Language,100,69,B2,PRESENT,Satisfactory progress
ADM2025258,Alekhya Gupta,C9,A,SCI101,EXAM_Q1_C9_SCI101,Quarterly Examination 2025 - C9 General Science,100,70,B2,PRESENT,Satisfactory progress
ADM2025258,Alekhya Gupta,C9,A,SOC101,EXAM_Q1_C9_SOC101,Quarterly Examination 2025 - C9 Social Studies,100,71,B1,PRESENT,Satisfactory progress
ADM2025259,Nikhil Murthy,C9,A,MATH101,EXAM_Q1_C9_MATH101,Quarterly Examination 2025 - C9 Mathematics,100,54,C1,PRESENT,Satisfactory progress
ADM2025259,Nikhil Murthy,C9,A,ENG101,EXAM_Q1_C9_ENG101,Quarterly Examination 2025 - C9 English Language,100,58,C1,PRESENT,Satisfactory progress
ADM2025259,Nikhil Murthy,C9,A,TEL101,EXAM_Q1_C9_TEL101,Quarterly Examination 2025 - C9 Telugu Regional Language,100,61,B2,PRESENT,Satisfactory progress
ADM2025259,Nikhil Murthy,C9,A,HIN101,EXAM_Q1_C9_HIN101,Quarterly Examination 2025 - C9 Hindi Second Language,100,51,C1,PRESENT,Satisfactory progress
ADM2025259,Nikhil Murthy,C9,A,SCI101,EXAM_Q1_C9_SCI101,Quarterly Examination 2025 - C9 General Science,100,51,C1,PRESENT,Satisfactory progress
ADM2025259,Nikhil Murthy,C9,A,SOC101,EXAM_Q1_C9_SOC101,Quarterly Examination 2025 - C9 Social Studies,100,57,C1,PRESENT,Satisfactory progress
ADM2025260,Bhavya Sastry,C9,A,MATH101,EXAM_Q1_C9_MATH101,Quarterly Examination 2025 - C9 Mathematics,100,62,B2,PRESENT,Satisfactory progress
ADM2025260,Bhavya Sastry,C9,A,ENG101,EXAM_Q1_C9_ENG101,Quarterly Examination 2025 - C9 English Language,100,60,C1,PRESENT,Satisfactory progress
ADM2025260,Bhavya Sastry,C9,A,TEL101,EXAM_Q1_C9_TEL101,Quarterly Examination 2025 - C9 Telugu Regional Language,100,62,B2,PRESENT,Satisfactory progress
ADM2025260,Bhavya Sastry,C9,A,HIN101,EXAM_Q1_C9_HIN101,Quarterly Examination 2025 - C9 Hindi Second Language,100,57,C1,PRESENT,Satisfactory progress
ADM2025260,Bhavya Sastry,C9,A,SCI101,EXAM_Q1_C9_SCI101,Quarterly Examination 2025 - C9 General Science,100,59,C1,PRESENT,Satisfactory progress
ADM2025260,Bhavya Sastry,C9,A,SOC101,EXAM_Q1_C9_SOC101,Quarterly Examination 2025 - C9 Social Studies,100,60,C1,PRESENT,Satisfactory progress
ADM2025261,Karthik Babu,C9,A,MATH101,EXAM_Q1_C9_MATH101,Quarterly Examination 2025 - C9 Mathematics,100,49,C2,PRESENT,Needs remedial support
ADM2025261,Karthik Babu,C9,A,ENG101,EXAM_Q1_C9_ENG101,Quarterly Examination 2025 - C9 English Language,100,52,C1,PRESENT,Satisfactory progress
ADM2025261,Karthik Babu,C9,A,TEL101,EXAM_Q1_C9_TEL101,Quarterly Examination 2025 - C9 Telugu Regional Language,100,58,C1,PRESENT,Satisfactory progress
ADM2025261,Karthik Babu,C9,A,HIN101,EXAM_Q1_C9_HIN101,Quarterly Examination 2025 - C9 Hindi Second Language,100,55,C1,PRESENT,Satisfactory progress
ADM2025261,Karthik Babu,C9,A,SCI101,EXAM_Q1_C9_SCI101,Quarterly Examination 2025 - C9 General Science,100,53,C1,PRESENT,Satisfactory progress
ADM2025261,Karthik Babu,C9,A,SOC101,EXAM_Q1_C9_SOC101,Quarterly Examination 2025 - C9 Social Studies,100,51,C1,PRESENT,Satisfactory progress
ADM2025262,Spandana Yadav,C9,A,MATH101,EXAM_Q1_C9_MATH101,Quarterly Examination 2025 - C9 Mathematics,100,49,C2,PRESENT,Needs remedial support
ADM2025262,Spandana Yadav,C9,A,ENG101,EXAM_Q1_C9_ENG101,Quarterly Examination 2025 - C9 English Language,100,55,C1,PRESENT,Satisfactory progress
ADM2025262,Spandana Yadav,C9,A,TEL101,EXAM_Q1_C9_TEL101,Quarterly Examination 2025 - C9 Telugu Regional Language,100,57,C1,PRESENT,Satisfactory progress
ADM2025262,Spandana Yadav,C9,A,HIN101,EXAM_Q1_C9_HIN101,Quarterly Examination 2025 - C9 Hindi Second Language,100,53,C1,PRESENT,Satisfactory progress
ADM2025262,Spandana Yadav,C9,A,SCI101,EXAM_Q1_C9_SCI101,Quarterly Examination 2025 - C9 General Science,100,52,C1,PRESENT,Satisfactory progress
ADM2025262,Spandana Yadav,C9,A,SOC101,EXAM_Q1_C9_SOC101,Quarterly Examination 2025 - C9 Social Studies,100,53,C1,PRESENT,Satisfactory progress
ADM2025263,Shashi Patel,C9,A,MATH101,EXAM_Q1_C9_MATH101,Quarterly Examination 2025 - C9 Mathematics,100,51,C1,PRESENT,Satisfactory progress
ADM2025263,Shashi Patel,C9,A,ENG101,EXAM_Q1_C9_ENG101,Quarterly Examination 2025 - C9 English Language,100,53,C1,PRESENT,Satisfactory progress
ADM2025263,Shashi Patel,C9,A,TEL101,EXAM_Q1_C9_TEL101,Quarterly Examination 2025 - C9 Telugu Regional Language,100,57,C1,PRESENT,Satisfactory progress
ADM2025263,Shashi Patel,C9,A,HIN101,EXAM_Q1_C9_HIN101,Quarterly Examination 2025 - C9 Hindi Second Language,100,50,C2,PRESENT,Satisfactory progress
ADM2025263,Shashi Patel,C9,A,SCI101,EXAM_Q1_C9_SCI101,Quarterly Examination 2025 - C9 General Science,100,45,C2,PRESENT,Needs remedial support
ADM2025263,Shashi Patel,C9,A,SOC101,EXAM_Q1_C9_SOC101,Quarterly Examination 2025 - C9 Social Studies,100,48,C2,PRESENT,Needs remedial support
ADM2025264,Pallavi Venkatesh,C9,A,MATH101,EXAM_Q1_C9_MATH101,Quarterly Examination 2025 - C9 Mathematics,100,45,C2,PRESENT,Needs remedial support
ADM2025264,Pallavi Venkatesh,C9,A,ENG101,EXAM_Q1_C9_ENG101,Quarterly Examination 2025 - C9 English Language,100,48,C2,PRESENT,Needs remedial support
ADM2025264,Pallavi Venkatesh,C9,A,TEL101,EXAM_Q1_C9_TEL101,Quarterly Examination 2025 - C9 Telugu Regional Language,100,49,C2,PRESENT,Needs remedial support
ADM2025264,Pallavi Venkatesh,C9,A,HIN101,EXAM_Q1_C9_HIN101,Quarterly Examination 2025 - C9 Hindi Second Language,100,48,C2,PRESENT,Needs remedial support
ADM2025264,Pallavi Venkatesh,C9,A,SCI101,EXAM_Q1_C9_SCI101,Quarterly Examination 2025 - C9 General Science,100,47,C2,PRESENT,Needs remedial support
ADM2025264,Pallavi Venkatesh,C9,A,SOC101,EXAM_Q1_C9_SOC101,Quarterly Examination 2025 - C9 Social Studies,100,48,C2,PRESENT,Needs remedial support
ADM2025265,Aarav Vemula,C9,A,MATH101,EXAM_Q1_C9_MATH101,Quarterly Examination 2025 - C9 Mathematics,100,42,C2,PRESENT,Needs remedial support
ADM2025265,Aarav Vemula,C9,A,ENG101,EXAM_Q1_C9_ENG101,Quarterly Examination 2025 - C9 English Language,100,44,C2,PRESENT,Needs remedial support
ADM2025265,Aarav Vemula,C9,A,TEL101,EXAM_Q1_C9_TEL101,Quarterly Examination 2025 - C9 Telugu Regional Language,100,51,C1,PRESENT,Satisfactory progress
ADM2025265,Aarav Vemula,C9,A,HIN101,EXAM_Q1_C9_HIN101,Quarterly Examination 2025 - C9 Hindi Second Language,100,47,C2,PRESENT,Needs remedial support
ADM2025265,Aarav Vemula,C9,A,SCI101,EXAM_Q1_C9_SCI101,Quarterly Examination 2025 - C9 General Science,100,42,C2,PRESENT,Needs remedial support
ADM2025265,Aarav Vemula,C9,A,SOC101,EXAM_Q1_C9_SOC101,Quarterly Examination 2025 - C9 Social Studies,100,43,C2,PRESENT,Needs remedial support
ADM2025266,Ananya Bandi,C9,A,MATH101,EXAM_Q1_C9_MATH101,Quarterly Examination 2025 - C9 Mathematics,100,50,C2,PRESENT,Satisfactory progress
ADM2025266,Ananya Bandi,C9,A,ENG101,EXAM_Q1_C9_ENG101,Quarterly Examination 2025 - C9 English Language,100,46,C2,PRESENT,Needs remedial support
ADM2025266,Ananya Bandi,C9,A,TEL101,EXAM_Q1_C9_TEL101,Quarterly Examination 2025 - C9 Telugu Regional Language,100,53,C1,PRESENT,Satisfactory progress
ADM2025266,Ananya Bandi,C9,A,HIN101,EXAM_Q1_C9_HIN101,Quarterly Examination 2025 - C9 Hindi Second Language,100,51,C1,PRESENT,Satisfactory progress
ADM2025266,Ananya Bandi,C9,A,SCI101,EXAM_Q1_C9_SCI101,Quarterly Examination 2025 - C9 General Science,100,45,C2,PRESENT,Needs remedial support
ADM2025266,Ananya Bandi,C9,A,SOC101,EXAM_Q1_C9_SOC101,Quarterly Examination 2025 - C9 Social Studies,100,46,C2,PRESENT,Needs remedial support
ADM2025267,Dhanush Kandula,C9,A,MATH101,EXAM_Q1_C9_MATH101,Quarterly Examination 2025 - C9 Mathematics,100,55,C1,PRESENT,Satisfactory progress
ADM2025267,Dhanush Kandula,C9,A,ENG101,EXAM_Q1_C9_ENG101,Quarterly Examination 2025 - C9 English Language,100,58,C1,PRESENT,Satisfactory progress
ADM2025267,Dhanush Kandula,C9,A,TEL101,EXAM_Q1_C9_TEL101,Quarterly Examination 2025 - C9 Telugu Regional Language,100,54,C1,PRESENT,Satisfactory progress
ADM2025267,Dhanush Kandula,C9,A,HIN101,EXAM_Q1_C9_HIN101,Quarterly Examination 2025 - C9 Hindi Second Language,100,52,C1,PRESENT,Satisfactory progress
ADM2025267,Dhanush Kandula,C9,A,SCI101,EXAM_Q1_C9_SCI101,Quarterly Examination 2025 - C9 General Science,100,56,C1,PRESENT,Satisfactory progress
ADM2025267,Dhanush Kandula,C9,A,SOC101,EXAM_Q1_C9_SOC101,Quarterly Examination 2025 - C9 Social Studies,100,51,C1,PRESENT,Satisfactory progress
ADM2025268,Alekhya Gudepu,C9,A,MATH101,EXAM_Q1_C9_MATH101,Quarterly Examination 2025 - C9 Mathematics,100,47,C2,PRESENT,Needs remedial support
ADM2025268,Alekhya Gudepu,C9,A,ENG101,EXAM_Q1_C9_ENG101,Quarterly Examination 2025 - C9 English Language,100,49,C2,PRESENT,Needs remedial support
ADM2025268,Alekhya Gudepu,C9,A,TEL101,EXAM_Q1_C9_TEL101,Quarterly Examination 2025 - C9 Telugu Regional Language,100,47,C2,PRESENT,Needs remedial support
ADM2025268,Alekhya Gudepu,C9,A,HIN101,EXAM_Q1_C9_HIN101,Quarterly Examination 2025 - C9 Hindi Second Language,100,47,C2,PRESENT,Needs remedial support
ADM2025268,Alekhya Gudepu,C9,A,SCI101,EXAM_Q1_C9_SCI101,Quarterly Examination 2025 - C9 General Science,100,44,C2,PRESENT,Needs remedial support
ADM2025268,Alekhya Gudepu,C9,A,SOC101,EXAM_Q1_C9_SOC101,Quarterly Examination 2025 - C9 Social Studies,100,46,C2,PRESENT,Needs remedial support
ADM2025269,Pranav Singireddy,C9,A,MATH101,EXAM_Q1_C9_MATH101,Quarterly Examination 2025 - C9 Mathematics,100,39,D,PRESENT,Needs remedial support
ADM2025269,Pranav Singireddy,C9,A,ENG101,EXAM_Q1_C9_ENG101,Quarterly Examination 2025 - C9 English Language,100,45,C2,PRESENT,Needs remedial support
ADM2025269,Pranav Singireddy,C9,A,TEL101,EXAM_Q1_C9_TEL101,Quarterly Examination 2025 - C9 Telugu Regional Language,100,45,C2,PRESENT,Needs remedial support
ADM2025269,Pranav Singireddy,C9,A,HIN101,EXAM_Q1_C9_HIN101,Quarterly Examination 2025 - C9 Hindi Second Language,100,39,D,PRESENT,Needs remedial support
ADM2025269,Pranav Singireddy,C9,A,SCI101,EXAM_Q1_C9_SCI101,Quarterly Examination 2025 - C9 General Science,100,42,C2,PRESENT,Needs remedial support
ADM2025269,Pranav Singireddy,C9,A,SOC101,EXAM_Q1_C9_SOC101,Quarterly Examination 2025 - C9 Social Studies,100,43,C2,PRESENT,Needs remedial support
ADM2025270,Ramya Pothula,C9,A,MATH101,EXAM_Q1_C9_MATH101,Quarterly Examination 2025 - C9 Mathematics,100,45,C2,PRESENT,Needs remedial support
ADM2025270,Ramya Pothula,C9,A,ENG101,EXAM_Q1_C9_ENG101,Quarterly Examination 2025 - C9 English Language,100,46,C2,PRESENT,Needs remedial support
ADM2025270,Ramya Pothula,C9,A,TEL101,EXAM_Q1_C9_TEL101,Quarterly Examination 2025 - C9 Telugu Regional Language,100,53,C1,PRESENT,Satisfactory progress
ADM2025270,Ramya Pothula,C9,A,HIN101,EXAM_Q1_C9_HIN101,Quarterly Examination 2025 - C9 Hindi Second Language,100,45,C2,PRESENT,Needs remedial support
ADM2025270,Ramya Pothula,C9,A,SCI101,EXAM_Q1_C9_SCI101,Quarterly Examination 2025 - C9 General Science,100,46,C2,PRESENT,Needs remedial support
ADM2025270,Ramya Pothula,C9,A,SOC101,EXAM_Q1_C9_SOC101,Quarterly Examination 2025 - C9 Social Studies,100,45,C2,PRESENT,Needs remedial support
ADM2025271,Rishi Kondapalli,C9,B,MATH101,EXAM_Q1_C9_MATH101,Quarterly Examination 2025 - C9 Mathematics,100,85,A2,PRESENT,Good understanding
ADM2025271,Rishi Kondapalli,C9,B,ENG101,EXAM_Q1_C9_ENG101,Quarterly Examination 2025 - C9 English Language,100,88,A2,PRESENT,Good understanding
ADM2025271,Rishi Kondapalli,C9,B,TEL101,EXAM_Q1_C9_TEL101,Quarterly Examination 2025 - C9 Telugu Regional Language,100,92,A1,PRESENT,Outstanding performance
ADM2025271,Rishi Kondapalli,C9,B,HIN101,EXAM_Q1_C9_HIN101,Quarterly Examination 2025 - C9 Hindi Second Language,100,84,A2,PRESENT,Good understanding
ADM2025271,Rishi Kondapalli,C9,B,SCI101,EXAM_Q1_C9_SCI101,Quarterly Examination 2025 - C9 General Science,100,84,A2,PRESENT,Good understanding
ADM2025271,Rishi Kondapalli,C9,B,SOC101,EXAM_Q1_C9_SOC101,Quarterly Examination 2025 - C9 Social Studies,100,86,A2,PRESENT,Good understanding
ADM2025272,Alekhya Malkapuram,C9,B,MATH101,EXAM_Q1_C9_MATH101,Quarterly Examination 2025 - C9 Mathematics,100,82,A2,PRESENT,Good understanding
ADM2025272,Alekhya Malkapuram,C9,B,ENG101,EXAM_Q1_C9_ENG101,Quarterly Examination 2025 - C9 English Language,100,85,A2,PRESENT,Good understanding
ADM2025272,Alekhya Malkapuram,C9,B,TEL101,EXAM_Q1_C9_TEL101,Quarterly Examination 2025 - C9 Telugu Regional Language,100,89,A2,PRESENT,Good understanding
ADM2025272,Alekhya Malkapuram,C9,B,HIN101,EXAM_Q1_C9_HIN101,Quarterly Examination 2025 - C9 Hindi Second Language,100,79,B1,PRESENT,Good understanding
ADM2025272,Alekhya Malkapuram,C9,B,SCI101,EXAM_Q1_C9_SCI101,Quarterly Examination 2025 - C9 General Science,100,86,A2,PRESENT,Good understanding
ADM2025272,Alekhya Malkapuram,C9,B,SOC101,EXAM_Q1_C9_SOC101,Quarterly Examination 2025 - C9 Social Studies,100,83,A2,PRESENT,Good understanding
ADM2025273,Pranav Chintala,C9,B,MATH101,EXAM_Q1_C9_MATH101,Quarterly Examination 2025 - C9 Mathematics,100,82,A2,PRESENT,Good understanding
ADM2025273,Pranav Chintala,C9,B,ENG101,EXAM_Q1_C9_ENG101,Quarterly Examination 2025 - C9 English Language,100,87,A2,PRESENT,Good understanding
ADM2025273,Pranav Chintala,C9,B,TEL101,EXAM_Q1_C9_TEL101,Quarterly Examination 2025 - C9 Telugu Regional Language,100,89,A2,PRESENT,Good understanding
ADM2025273,Pranav Chintala,C9,B,HIN101,EXAM_Q1_C9_HIN101,Quarterly Examination 2025 - C9 Hindi Second Language,100,84,A2,PRESENT,Good understanding
ADM2025273,Pranav Chintala,C9,B,SCI101,EXAM_Q1_C9_SCI101,Quarterly Examination 2025 - C9 General Science,100,85,A2,PRESENT,Good understanding
ADM2025273,Pranav Chintala,C9,B,SOC101,EXAM_Q1_C9_SOC101,Quarterly Examination 2025 - C9 Social Studies,100,82,A2,PRESENT,Good understanding
ADM2025274,Vandana Gaddam,C9,B,MATH101,EXAM_Q1_C9_MATH101,Quarterly Examination 2025 - C9 Mathematics,100,87,A2,PRESENT,Good understanding
ADM2025274,Vandana Gaddam,C9,B,ENG101,EXAM_Q1_C9_ENG101,Quarterly Examination 2025 - C9 English Language,100,90,A2,PRESENT,Outstanding performance
ADM2025274,Vandana Gaddam,C9,B,TEL101,EXAM_Q1_C9_TEL101,Quarterly Examination 2025 - C9 Telugu Regional Language,100,89,A2,PRESENT,Good understanding
ADM2025274,Vandana Gaddam,C9,B,HIN101,EXAM_Q1_C9_HIN101,Quarterly Examination 2025 - C9 Hindi Second Language,100,91,A1,PRESENT,Outstanding performance
ADM2025274,Vandana Gaddam,C9,B,SCI101,EXAM_Q1_C9_SCI101,Quarterly Examination 2025 - C9 General Science,100,89,A2,PRESENT,Good understanding
ADM2025274,Vandana Gaddam,C9,B,SOC101,EXAM_Q1_C9_SOC101,Quarterly Examination 2025 - C9 Social Studies,100,88,A2,PRESENT,Good understanding
ADM2025275,Aditya Boddu,C9,B,MATH101,EXAM_Q1_C9_MATH101,Quarterly Examination 2025 - C9 Mathematics,100,78,B1,PRESENT,Good understanding
ADM2025275,Aditya Boddu,C9,B,ENG101,EXAM_Q1_C9_ENG101,Quarterly Examination 2025 - C9 English Language,100,88,A2,PRESENT,Good understanding
ADM2025275,Aditya Boddu,C9,B,TEL101,EXAM_Q1_C9_TEL101,Quarterly Examination 2025 - C9 Telugu Regional Language,100,90,A2,PRESENT,Outstanding performance
ADM2025275,Aditya Boddu,C9,B,HIN101,EXAM_Q1_C9_HIN101,Quarterly Examination 2025 - C9 Hindi Second Language,100,83,A2,PRESENT,Good understanding
ADM2025275,Aditya Boddu,C9,B,SCI101,EXAM_Q1_C9_SCI101,Quarterly Examination 2025 - C9 General Science,100,85,A2,PRESENT,Good understanding
ADM2025275,Aditya Boddu,C9,B,SOC101,EXAM_Q1_C9_SOC101,Quarterly Examination 2025 - C9 Social Studies,100,88,A2,PRESENT,Good understanding
ADM2025276,Harini Maddela,C9,B,MATH101,EXAM_Q1_C9_MATH101,Quarterly Examination 2025 - C9 Mathematics,100,73,B1,PRESENT,Satisfactory progress
ADM2025276,Harini Maddela,C9,B,ENG101,EXAM_Q1_C9_ENG101,Quarterly Examination 2025 - C9 English Language,100,77,B1,PRESENT,Good understanding
ADM2025276,Harini Maddela,C9,B,TEL101,EXAM_Q1_C9_TEL101,Quarterly Examination 2025 - C9 Telugu Regional Language,100,84,A2,PRESENT,Good understanding
ADM2025276,Harini Maddela,C9,B,HIN101,EXAM_Q1_C9_HIN101,Quarterly Examination 2025 - C9 Hindi Second Language,100,80,B1,PRESENT,Good understanding
ADM2025276,Harini Maddela,C9,B,SCI101,EXAM_Q1_C9_SCI101,Quarterly Examination 2025 - C9 General Science,100,79,B1,PRESENT,Good understanding
ADM2025276,Harini Maddela,C9,B,SOC101,EXAM_Q1_C9_SOC101,Quarterly Examination 2025 - C9 Social Studies,100,80,B1,PRESENT,Good understanding
ADM2025277,Kalyan Komati,C9,B,MATH101,EXAM_Q1_C9_MATH101,Quarterly Examination 2025 - C9 Mathematics,100,75,B1,PRESENT,Good understanding
ADM2025277,Kalyan Komati,C9,B,ENG101,EXAM_Q1_C9_ENG101,Quarterly Examination 2025 - C9 English Language,100,81,A2,PRESENT,Good understanding
ADM2025277,Kalyan Komati,C9,B,TEL101,EXAM_Q1_C9_TEL101,Quarterly Examination 2025 - C9 Telugu Regional Language,100,83,A2,PRESENT,Good understanding
ADM2025277,Kalyan Komati,C9,B,HIN101,EXAM_Q1_C9_HIN101,Quarterly Examination 2025 - C9 Hindi Second Language,100,78,B1,PRESENT,Good understanding
ADM2025277,Kalyan Komati,C9,B,SCI101,EXAM_Q1_C9_SCI101,Quarterly Examination 2025 - C9 General Science,100,76,B1,PRESENT,Good understanding
ADM2025277,Kalyan Komati,C9,B,SOC101,EXAM_Q1_C9_SOC101,Quarterly Examination 2025 - C9 Social Studies,100,74,B1,PRESENT,Satisfactory progress
ADM2025278,Archana Narra,C9,B,MATH101,EXAM_Q1_C9_MATH101,Quarterly Examination 2025 - C9 Mathematics,100,69,B2,PRESENT,Satisfactory progress
ADM2025278,Archana Narra,C9,B,ENG101,EXAM_Q1_C9_ENG101,Quarterly Examination 2025 - C9 English Language,100,76,B1,PRESENT,Good understanding
ADM2025278,Archana Narra,C9,B,TEL101,EXAM_Q1_C9_TEL101,Quarterly Examination 2025 - C9 Telugu Regional Language,100,73,B1,PRESENT,Satisfactory progress
ADM2025278,Archana Narra,C9,B,HIN101,EXAM_Q1_C9_HIN101,Quarterly Examination 2025 - C9 Hindi Second Language,100,76,B1,PRESENT,Good understanding
ADM2025278,Archana Narra,C9,B,SCI101,EXAM_Q1_C9_SCI101,Quarterly Examination 2025 - C9 General Science,100,68,B2,PRESENT,Satisfactory progress
ADM2025278,Archana Narra,C9,B,SOC101,EXAM_Q1_C9_SOC101,Quarterly Examination 2025 - C9 Social Studies,100,70,B2,PRESENT,Satisfactory progress
ADM2025279,Vishnu Thota,C9,B,MATH101,EXAM_Q1_C9_MATH101,Quarterly Examination 2025 - C9 Mathematics,100,71,B1,PRESENT,Satisfactory progress
ADM2025279,Vishnu Thota,C9,B,ENG101,EXAM_Q1_C9_ENG101,Quarterly Examination 2025 - C9 English Language,100,75,B1,PRESENT,Good understanding
ADM2025279,Vishnu Thota,C9,B,TEL101,EXAM_Q1_C9_TEL101,Quarterly Examination 2025 - C9 Telugu Regional Language,100,79,B1,PRESENT,Good understanding
ADM2025279,Vishnu Thota,C9,B,HIN101,EXAM_Q1_C9_HIN101,Quarterly Examination 2025 - C9 Hindi Second Language,100,75,B1,PRESENT,Good understanding
ADM2025279,Vishnu Thota,C9,B,SCI101,EXAM_Q1_C9_SCI101,Quarterly Examination 2025 - C9 General Science,100,76,B1,PRESENT,Good understanding
ADM2025279,Vishnu Thota,C9,B,SOC101,EXAM_Q1_C9_SOC101,Quarterly Examination 2025 - C9 Social Studies,100,74,B1,PRESENT,Satisfactory progress
ADM2025280,Tanmayi Avula,C9,B,MATH101,EXAM_Q1_C9_MATH101,Quarterly Examination 2025 - C9 Mathematics,100,72,B1,PRESENT,Satisfactory progress
ADM2025280,Tanmayi Avula,C9,B,ENG101,EXAM_Q1_C9_ENG101,Quarterly Examination 2025 - C9 English Language,100,68,B2,PRESENT,Satisfactory progress
ADM2025280,Tanmayi Avula,C9,B,TEL101,EXAM_Q1_C9_TEL101,Quarterly Examination 2025 - C9 Telugu Regional Language,100,79,B1,PRESENT,Good understanding
ADM2025280,Tanmayi Avula,C9,B,HIN101,EXAM_Q1_C9_HIN101,Quarterly Examination 2025 - C9 Hindi Second Language,100,73,B1,PRESENT,Satisfactory progress
ADM2025280,Tanmayi Avula,C9,B,SCI101,EXAM_Q1_C9_SCI101,Quarterly Examination 2025 - C9 General Science,100,72,B1,PRESENT,Satisfactory progress
ADM2025280,Tanmayi Avula,C9,B,SOC101,EXAM_Q1_C9_SOC101,Quarterly Examination 2025 - C9 Social Studies,100,69,B2,PRESENT,Satisfactory progress
ADM2025281,Surya Siripuram,C9,B,MATH101,EXAM_Q1_C9_MATH101,Quarterly Examination 2025 - C9 Mathematics,100,75,B1,PRESENT,Good understanding
ADM2025281,Surya Siripuram,C9,B,ENG101,EXAM_Q1_C9_ENG101,Quarterly Examination 2025 - C9 English Language,100,77,B1,PRESENT,Good understanding
ADM2025281,Surya Siripuram,C9,B,TEL101,EXAM_Q1_C9_TEL101,Quarterly Examination 2025 - C9 Telugu Regional Language,100,81,A2,PRESENT,Good understanding
ADM2025281,Surya Siripuram,C9,B,HIN101,EXAM_Q1_C9_HIN101,Quarterly Examination 2025 - C9 Hindi Second Language,100,80,B1,PRESENT,Good understanding
ADM2025281,Surya Siripuram,C9,B,SCI101,EXAM_Q1_C9_SCI101,Quarterly Examination 2025 - C9 General Science,100,83,A2,PRESENT,Good understanding
ADM2025281,Surya Siripuram,C9,B,SOC101,EXAM_Q1_C9_SOC101,Quarterly Examination 2025 - C9 Social Studies,100,77,B1,PRESENT,Good understanding
ADM2025282,Chandana Yerra,C9,B,MATH101,EXAM_Q1_C9_MATH101,Quarterly Examination 2025 - C9 Mathematics,100,65,B2,PRESENT,Satisfactory progress
ADM2025282,Chandana Yerra,C9,B,ENG101,EXAM_Q1_C9_ENG101,Quarterly Examination 2025 - C9 English Language,100,71,B1,PRESENT,Satisfactory progress
ADM2025282,Chandana Yerra,C9,B,TEL101,EXAM_Q1_C9_TEL101,Quarterly Examination 2025 - C9 Telugu Regional Language,100,74,B1,PRESENT,Satisfactory progress
ADM2025282,Chandana Yerra,C9,B,HIN101,EXAM_Q1_C9_HIN101,Quarterly Examination 2025 - C9 Hindi Second Language,100,66,B2,PRESENT,Satisfactory progress
ADM2025282,Chandana Yerra,C9,B,SCI101,EXAM_Q1_C9_SCI101,Quarterly Examination 2025 - C9 General Science,100,70,B2,PRESENT,Satisfactory progress
ADM2025282,Chandana Yerra,C9,B,SOC101,EXAM_Q1_C9_SOC101,Quarterly Examination 2025 - C9 Social Studies,100,67,B2,PRESENT,Satisfactory progress
ADM2025283,Kalyan Goli,C9,B,MATH101,EXAM_Q1_C9_MATH101,Quarterly Examination 2025 - C9 Mathematics,100,68,B2,PRESENT,Satisfactory progress
ADM2025283,Kalyan Goli,C9,B,ENG101,EXAM_Q1_C9_ENG101,Quarterly Examination 2025 - C9 English Language,100,73,B1,PRESENT,Satisfactory progress
ADM2025283,Kalyan Goli,C9,B,TEL101,EXAM_Q1_C9_TEL101,Quarterly Examination 2025 - C9 Telugu Regional Language,100,73,B1,PRESENT,Satisfactory progress
ADM2025283,Kalyan Goli,C9,B,HIN101,EXAM_Q1_C9_HIN101,Quarterly Examination 2025 - C9 Hindi Second Language,100,74,B1,PRESENT,Satisfactory progress
ADM2025283,Kalyan Goli,C9,B,SCI101,EXAM_Q1_C9_SCI101,Quarterly Examination 2025 - C9 General Science,100,73,B1,PRESENT,Satisfactory progress
ADM2025283,Kalyan Goli,C9,B,SOC101,EXAM_Q1_C9_SOC101,Quarterly Examination 2025 - C9 Social Studies,100,67,B2,PRESENT,Satisfactory progress
ADM2025284,Yamini Sunkari,C9,B,MATH101,EXAM_Q1_C9_MATH101,Quarterly Examination 2025 - C9 Mathematics,100,64,B2,PRESENT,Satisfactory progress
ADM2025284,Yamini Sunkari,C9,B,ENG101,EXAM_Q1_C9_ENG101,Quarterly Examination 2025 - C9 English Language,100,60,C1,PRESENT,Satisfactory progress
ADM2025284,Yamini Sunkari,C9,B,TEL101,EXAM_Q1_C9_TEL101,Quarterly Examination 2025 - C9 Telugu Regional Language,100,65,B2,PRESENT,Satisfactory progress
ADM2025284,Yamini Sunkari,C9,B,HIN101,EXAM_Q1_C9_HIN101,Quarterly Examination 2025 - C9 Hindi Second Language,100,63,B2,PRESENT,Satisfactory progress
ADM2025284,Yamini Sunkari,C9,B,SCI101,EXAM_Q1_C9_SCI101,Quarterly Examination 2025 - C9 General Science,100,60,C1,PRESENT,Satisfactory progress
ADM2025284,Yamini Sunkari,C9,B,SOC101,EXAM_Q1_C9_SOC101,Quarterly Examination 2025 - C9 Social Studies,100,66,B2,PRESENT,Satisfactory progress
ADM2025285,Chandra Mothukuri,C9,B,MATH101,EXAM_Q1_C9_MATH101,Quarterly Examination 2025 - C9 Mathematics,100,67,B2,PRESENT,Satisfactory progress
ADM2025285,Chandra Mothukuri,C9,B,ENG101,EXAM_Q1_C9_ENG101,Quarterly Examination 2025 - C9 English Language,100,68,B2,PRESENT,Satisfactory progress
ADM2025285,Chandra Mothukuri,C9,B,TEL101,EXAM_Q1_C9_TEL101,Quarterly Examination 2025 - C9 Telugu Regional Language,100,72,B1,PRESENT,Satisfactory progress
ADM2025285,Chandra Mothukuri,C9,B,HIN101,EXAM_Q1_C9_HIN101,Quarterly Examination 2025 - C9 Hindi Second Language,100,68,B2,PRESENT,Satisfactory progress
ADM2025285,Chandra Mothukuri,C9,B,SCI101,EXAM_Q1_C9_SCI101,Quarterly Examination 2025 - C9 General Science,100,65,B2,PRESENT,Satisfactory progress
ADM2025285,Chandra Mothukuri,C9,B,SOC101,EXAM_Q1_C9_SOC101,Quarterly Examination 2025 - C9 Social Studies,100,70,B2,PRESENT,Satisfactory progress
ADM2025286,Tanmayi Dasari,C9,B,MATH101,EXAM_Q1_C9_MATH101,Quarterly Examination 2025 - C9 Mathematics,100,68,B2,PRESENT,Satisfactory progress
ADM2025286,Tanmayi Dasari,C9,B,ENG101,EXAM_Q1_C9_ENG101,Quarterly Examination 2025 - C9 English Language,100,69,B2,PRESENT,Satisfactory progress
ADM2025286,Tanmayi Dasari,C9,B,TEL101,EXAM_Q1_C9_TEL101,Quarterly Examination 2025 - C9 Telugu Regional Language,100,69,B2,PRESENT,Satisfactory progress
ADM2025286,Tanmayi Dasari,C9,B,HIN101,EXAM_Q1_C9_HIN101,Quarterly Examination 2025 - C9 Hindi Second Language,100,68,B2,PRESENT,Satisfactory progress
ADM2025286,Tanmayi Dasari,C9,B,SCI101,EXAM_Q1_C9_SCI101,Quarterly Examination 2025 - C9 General Science,100,62,B2,PRESENT,Satisfactory progress
ADM2025286,Tanmayi Dasari,C9,B,SOC101,EXAM_Q1_C9_SOC101,Quarterly Examination 2025 - C9 Social Studies,100,64,B2,PRESENT,Satisfactory progress
ADM2025287,Abhinav Challa,C9,B,MATH101,EXAM_Q1_C9_MATH101,Quarterly Examination 2025 - C9 Mathematics,100,55,C1,PRESENT,Satisfactory progress
ADM2025287,Abhinav Challa,C9,B,ENG101,EXAM_Q1_C9_ENG101,Quarterly Examination 2025 - C9 English Language,100,56,C1,PRESENT,Satisfactory progress
ADM2025287,Abhinav Challa,C9,B,TEL101,EXAM_Q1_C9_TEL101,Quarterly Examination 2025 - C9 Telugu Regional Language,100,64,B2,PRESENT,Satisfactory progress
ADM2025287,Abhinav Challa,C9,B,HIN101,EXAM_Q1_C9_HIN101,Quarterly Examination 2025 - C9 Hindi Second Language,100,59,C1,PRESENT,Satisfactory progress
ADM2025287,Abhinav Challa,C9,B,SCI101,EXAM_Q1_C9_SCI101,Quarterly Examination 2025 - C9 General Science,100,57,C1,PRESENT,Satisfactory progress
ADM2025287,Abhinav Challa,C9,B,SOC101,EXAM_Q1_C9_SOC101,Quarterly Examination 2025 - C9 Social Studies,100,55,C1,PRESENT,Satisfactory progress
ADM2025288,Spandana Boya,C9,B,MATH101,EXAM_Q1_C9_MATH101,Quarterly Examination 2025 - C9 Mathematics,100,56,C1,PRESENT,Satisfactory progress
ADM2025288,Spandana Boya,C9,B,ENG101,EXAM_Q1_C9_ENG101,Quarterly Examination 2025 - C9 English Language,100,62,B2,PRESENT,Satisfactory progress
ADM2025288,Spandana Boya,C9,B,TEL101,EXAM_Q1_C9_TEL101,Quarterly Examination 2025 - C9 Telugu Regional Language,100,67,B2,PRESENT,Satisfactory progress
ADM2025288,Spandana Boya,C9,B,HIN101,EXAM_Q1_C9_HIN101,Quarterly Examination 2025 - C9 Hindi Second Language,100,62,B2,PRESENT,Satisfactory progress
ADM2025288,Spandana Boya,C9,B,SCI101,EXAM_Q1_C9_SCI101,Quarterly Examination 2025 - C9 General Science,100,64,B2,PRESENT,Satisfactory progress
ADM2025288,Spandana Boya,C9,B,SOC101,EXAM_Q1_C9_SOC101,Quarterly Examination 2025 - C9 Social Studies,100,61,B2,PRESENT,Satisfactory progress
ADM2025289,Nikhil Kammari,C9,B,MATH101,EXAM_Q1_C9_MATH101,Quarterly Examination 2025 - C9 Mathematics,100,56,C1,PRESENT,Satisfactory progress
ADM2025289,Nikhil Kammari,C9,B,ENG101,EXAM_Q1_C9_ENG101,Quarterly Examination 2025 - C9 English Language,100,59,C1,PRESENT,Satisfactory progress
ADM2025289,Nikhil Kammari,C9,B,TEL101,EXAM_Q1_C9_TEL101,Quarterly Examination 2025 - C9 Telugu Regional Language,100,64,B2,PRESENT,Satisfactory progress
ADM2025289,Nikhil Kammari,C9,B,HIN101,EXAM_Q1_C9_HIN101,Quarterly Examination 2025 - C9 Hindi Second Language,100,57,C1,PRESENT,Satisfactory progress
ADM2025289,Nikhil Kammari,C9,B,SCI101,EXAM_Q1_C9_SCI101,Quarterly Examination 2025 - C9 General Science,100,59,C1,PRESENT,Satisfactory progress
ADM2025289,Nikhil Kammari,C9,B,SOC101,EXAM_Q1_C9_SOC101,Quarterly Examination 2025 - C9 Social Studies,100,56,C1,PRESENT,Satisfactory progress
ADM2025290,Vandana Vangala,C9,B,MATH101,EXAM_Q1_C9_MATH101,Quarterly Examination 2025 - C9 Mathematics,100,55,C1,PRESENT,Satisfactory progress
ADM2025290,Vandana Vangala,C9,B,ENG101,EXAM_Q1_C9_ENG101,Quarterly Examination 2025 - C9 English Language,100,59,C1,PRESENT,Satisfactory progress
ADM2025290,Vandana Vangala,C9,B,TEL101,EXAM_Q1_C9_TEL101,Quarterly Examination 2025 - C9 Telugu Regional Language,100,58,C1,PRESENT,Satisfactory progress
ADM2025290,Vandana Vangala,C9,B,HIN101,EXAM_Q1_C9_HIN101,Quarterly Examination 2025 - C9 Hindi Second Language,100,54,C1,PRESENT,Satisfactory progress
ADM2025290,Vandana Vangala,C9,B,SCI101,EXAM_Q1_C9_SCI101,Quarterly Examination 2025 - C9 General Science,100,55,C1,PRESENT,Satisfactory progress
ADM2025290,Vandana Vangala,C9,B,SOC101,EXAM_Q1_C9_SOC101,Quarterly Examination 2025 - C9 Social Studies,100,54,C1,PRESENT,Satisfactory progress
ADM2025291,Chandra Nallam,C9,B,MATH101,EXAM_Q1_C9_MATH101,Quarterly Examination 2025 - C9 Mathematics,100,61,B2,PRESENT,Satisfactory progress
ADM2025291,Chandra Nallam,C9,B,ENG101,EXAM_Q1_C9_ENG101,Quarterly Examination 2025 - C9 English Language,100,59,C1,PRESENT,Satisfactory progress
ADM2025291,Chandra Nallam,C9,B,TEL101,EXAM_Q1_C9_TEL101,Quarterly Examination 2025 - C9 Telugu Regional Language,100,63,B2,PRESENT,Satisfactory progress
ADM2025291,Chandra Nallam,C9,B,HIN101,EXAM_Q1_C9_HIN101,Quarterly Examination 2025 - C9 Hindi Second Language,100,65,B2,PRESENT,Satisfactory progress
ADM2025291,Chandra Nallam,C9,B,SCI101,EXAM_Q1_C9_SCI101,Quarterly Examination 2025 - C9 General Science,100,60,C1,PRESENT,Satisfactory progress
ADM2025291,Chandra Nallam,C9,B,SOC101,EXAM_Q1_C9_SOC101,Quarterly Examination 2025 - C9 Social Studies,100,61,B2,PRESENT,Satisfactory progress
ADM2025292,Swathi Katakam,C9,B,MATH101,EXAM_Q1_C9_MATH101,Quarterly Examination 2025 - C9 Mathematics,100,52,C1,PRESENT,Satisfactory progress
ADM2025292,Swathi Katakam,C9,B,ENG101,EXAM_Q1_C9_ENG101,Quarterly Examination 2025 - C9 English Language,100,57,C1,PRESENT,Satisfactory progress
ADM2025292,Swathi Katakam,C9,B,TEL101,EXAM_Q1_C9_TEL101,Quarterly Examination 2025 - C9 Telugu Regional Language,100,63,B2,PRESENT,Satisfactory progress
ADM2025292,Swathi Katakam,C9,B,HIN101,EXAM_Q1_C9_HIN101,Quarterly Examination 2025 - C9 Hindi Second Language,100,59,C1,PRESENT,Satisfactory progress
ADM2025292,Swathi Katakam,C9,B,SCI101,EXAM_Q1_C9_SCI101,Quarterly Examination 2025 - C9 General Science,100,56,C1,PRESENT,Satisfactory progress
ADM2025292,Swathi Katakam,C9,B,SOC101,EXAM_Q1_C9_SOC101,Quarterly Examination 2025 - C9 Social Studies,100,54,C1,PRESENT,Satisfactory progress
ADM2025293,Chandra Gampa,C9,B,MATH101,EXAM_Q1_C9_MATH101,Quarterly Examination 2025 - C9 Mathematics,100,50,C2,PRESENT,Satisfactory progress
ADM2025293,Chandra Gampa,C9,B,ENG101,EXAM_Q1_C9_ENG101,Quarterly Examination 2025 - C9 English Language,100,53,C1,PRESENT,Satisfactory progress
ADM2025293,Chandra Gampa,C9,B,TEL101,EXAM_Q1_C9_TEL101,Quarterly Examination 2025 - C9 Telugu Regional Language,100,52,C1,PRESENT,Satisfactory progress
ADM2025293,Chandra Gampa,C9,B,HIN101,EXAM_Q1_C9_HIN101,Quarterly Examination 2025 - C9 Hindi Second Language,100,53,C1,PRESENT,Satisfactory progress
ADM2025293,Chandra Gampa,C9,B,SCI101,EXAM_Q1_C9_SCI101,Quarterly Examination 2025 - C9 General Science,100,44,C2,PRESENT,Needs remedial support
ADM2025293,Chandra Gampa,C9,B,SOC101,EXAM_Q1_C9_SOC101,Quarterly Examination 2025 - C9 Social Studies,100,52,C1,PRESENT,Satisfactory progress
ADM2025294,Jyothi Peddinti,C9,B,MATH101,EXAM_Q1_C9_MATH101,Quarterly Examination 2025 - C9 Mathematics,100,57,C1,PRESENT,Satisfactory progress
ADM2025294,Jyothi Peddinti,C9,B,ENG101,EXAM_Q1_C9_ENG101,Quarterly Examination 2025 - C9 English Language,100,51,C1,PRESENT,Satisfactory progress
ADM2025294,Jyothi Peddinti,C9,B,TEL101,EXAM_Q1_C9_TEL101,Quarterly Examination 2025 - C9 Telugu Regional Language,100,61,B2,PRESENT,Satisfactory progress
ADM2025294,Jyothi Peddinti,C9,B,HIN101,EXAM_Q1_C9_HIN101,Quarterly Examination 2025 - C9 Hindi Second Language,100,56,C1,PRESENT,Satisfactory progress
ADM2025294,Jyothi Peddinti,C9,B,SCI101,EXAM_Q1_C9_SCI101,Quarterly Examination 2025 - C9 General Science,100,51,C1,PRESENT,Satisfactory progress
ADM2025294,Jyothi Peddinti,C9,B,SOC101,EXAM_Q1_C9_SOC101,Quarterly Examination 2025 - C9 Social Studies,100,59,C1,PRESENT,Satisfactory progress
ADM2025295,Yashwanth Komuravelli,C9,B,MATH101,EXAM_Q1_C9_MATH101,Quarterly Examination 2025 - C9 Mathematics,100,48,C2,PRESENT,Needs remedial support
ADM2025295,Yashwanth Komuravelli,C9,B,ENG101,EXAM_Q1_C9_ENG101,Quarterly Examination 2025 - C9 English Language,100,54,C1,PRESENT,Satisfactory progress
ADM2025295,Yashwanth Komuravelli,C9,B,TEL101,EXAM_Q1_C9_TEL101,Quarterly Examination 2025 - C9 Telugu Regional Language,100,55,C1,PRESENT,Satisfactory progress
ADM2025295,Yashwanth Komuravelli,C9,B,HIN101,EXAM_Q1_C9_HIN101,Quarterly Examination 2025 - C9 Hindi Second Language,100,56,C1,PRESENT,Satisfactory progress
ADM2025295,Yashwanth Komuravelli,C9,B,SCI101,EXAM_Q1_C9_SCI101,Quarterly Examination 2025 - C9 General Science,100,53,C1,PRESENT,Satisfactory progress
ADM2025295,Yashwanth Komuravelli,C9,B,SOC101,EXAM_Q1_C9_SOC101,Quarterly Examination 2025 - C9 Social Studies,100,49,C2,PRESENT,Needs remedial support
ADM2025296,Archana Polisetty,C9,B,MATH101,EXAM_Q1_C9_MATH101,Quarterly Examination 2025 - C9 Mathematics,100,54,C1,PRESENT,Satisfactory progress
ADM2025296,Archana Polisetty,C9,B,ENG101,EXAM_Q1_C9_ENG101,Quarterly Examination 2025 - C9 English Language,100,54,C1,PRESENT,Satisfactory progress
ADM2025296,Archana Polisetty,C9,B,TEL101,EXAM_Q1_C9_TEL101,Quarterly Examination 2025 - C9 Telugu Regional Language,100,61,B2,PRESENT,Satisfactory progress
ADM2025296,Archana Polisetty,C9,B,HIN101,EXAM_Q1_C9_HIN101,Quarterly Examination 2025 - C9 Hindi Second Language,100,56,C1,PRESENT,Satisfactory progress
ADM2025296,Archana Polisetty,C9,B,SCI101,EXAM_Q1_C9_SCI101,Quarterly Examination 2025 - C9 General Science,100,51,C1,PRESENT,Satisfactory progress
ADM2025296,Archana Polisetty,C9,B,SOC101,EXAM_Q1_C9_SOC101,Quarterly Examination 2025 - C9 Social Studies,100,52,C1,PRESENT,Satisfactory progress
ADM2025297,Aditya Katta,C9,B,MATH101,EXAM_Q1_C9_MATH101,Quarterly Examination 2025 - C9 Mathematics,100,40,D,PRESENT,Needs remedial support
ADM2025297,Aditya Katta,C9,B,ENG101,EXAM_Q1_C9_ENG101,Quarterly Examination 2025 - C9 English Language,100,41,C2,PRESENT,Needs remedial support
ADM2025297,Aditya Katta,C9,B,TEL101,EXAM_Q1_C9_TEL101,Quarterly Examination 2025 - C9 Telugu Regional Language,100,48,C2,PRESENT,Needs remedial support
ADM2025297,Aditya Katta,C9,B,HIN101,EXAM_Q1_C9_HIN101,Quarterly Examination 2025 - C9 Hindi Second Language,100,43,C2,PRESENT,Needs remedial support
ADM2025297,Aditya Katta,C9,B,SCI101,EXAM_Q1_C9_SCI101,Quarterly Examination 2025 - C9 General Science,100,44,C2,PRESENT,Needs remedial support
ADM2025297,Aditya Katta,C9,B,SOC101,EXAM_Q1_C9_SOC101,Quarterly Examination 2025 - C9 Social Studies,100,43,C2,PRESENT,Needs remedial support
ADM2025298,Pranathi Chilukuri,C9,B,MATH101,EXAM_Q1_C9_MATH101,Quarterly Examination 2025 - C9 Mathematics,100,46,C2,PRESENT,Needs remedial support
ADM2025298,Pranathi Chilukuri,C9,B,ENG101,EXAM_Q1_C9_ENG101,Quarterly Examination 2025 - C9 English Language,100,48,C2,PRESENT,Needs remedial support
ADM2025298,Pranathi Chilukuri,C9,B,TEL101,EXAM_Q1_C9_TEL101,Quarterly Examination 2025 - C9 Telugu Regional Language,100,58,C1,PRESENT,Satisfactory progress
ADM2025298,Pranathi Chilukuri,C9,B,HIN101,EXAM_Q1_C9_HIN101,Quarterly Examination 2025 - C9 Hindi Second Language,100,55,C1,PRESENT,Satisfactory progress
ADM2025298,Pranathi Chilukuri,C9,B,SCI101,EXAM_Q1_C9_SCI101,Quarterly Examination 2025 - C9 General Science,100,51,C1,PRESENT,Satisfactory progress
ADM2025298,Pranathi Chilukuri,C9,B,SOC101,EXAM_Q1_C9_SOC101,Quarterly Examination 2025 - C9 Social Studies,100,47,C2,PRESENT,Needs remedial support
ADM2025299,Goutham Medasani,C9,B,MATH101,EXAM_Q1_C9_MATH101,Quarterly Examination 2025 - C9 Mathematics,100,53,C1,PRESENT,Satisfactory progress
ADM2025299,Goutham Medasani,C9,B,ENG101,EXAM_Q1_C9_ENG101,Quarterly Examination 2025 - C9 English Language,100,56,C1,PRESENT,Satisfactory progress
ADM2025299,Goutham Medasani,C9,B,TEL101,EXAM_Q1_C9_TEL101,Quarterly Examination 2025 - C9 Telugu Regional Language,100,61,B2,PRESENT,Satisfactory progress
ADM2025299,Goutham Medasani,C9,B,HIN101,EXAM_Q1_C9_HIN101,Quarterly Examination 2025 - C9 Hindi Second Language,100,56,C1,PRESENT,Satisfactory progress
ADM2025299,Goutham Medasani,C9,B,SCI101,EXAM_Q1_C9_SCI101,Quarterly Examination 2025 - C9 General Science,100,48,C2,PRESENT,Needs remedial support
ADM2025299,Goutham Medasani,C9,B,SOC101,EXAM_Q1_C9_SOC101,Quarterly Examination 2025 - C9 Social Studies,100,56,C1,PRESENT,Satisfactory progress
ADM2025300,Vaishnavi Nimmagadda,C9,B,MATH101,EXAM_Q1_C9_MATH101,Quarterly Examination 2025 - C9 Mathematics,100,41,C2,PRESENT,Needs remedial support
ADM2025300,Vaishnavi Nimmagadda,C9,B,ENG101,EXAM_Q1_C9_ENG101,Quarterly Examination 2025 - C9 English Language,100,44,C2,PRESENT,Needs remedial support
ADM2025300,Vaishnavi Nimmagadda,C9,B,TEL101,EXAM_Q1_C9_TEL101,Quarterly Examination 2025 - C9 Telugu Regional Language,100,47,C2,PRESENT,Needs remedial support
ADM2025300,Vaishnavi Nimmagadda,C9,B,HIN101,EXAM_Q1_C9_HIN101,Quarterly Examination 2025 - C9 Hindi Second Language,100,43,C2,PRESENT,Needs remedial support
ADM2025300,Vaishnavi Nimmagadda,C9,B,SCI101,EXAM_Q1_C9_SCI101,Quarterly Examination 2025 - C9 General Science,100,40,D,PRESENT,Needs remedial support
ADM2025300,Vaishnavi Nimmagadda,C9,B,SOC101,EXAM_Q1_C9_SOC101,Quarterly Examination 2025 - C9 Social Studies,100,42,C2,PRESENT,Needs remedial support
ADM2025301,Pavan Rao,C10,A,MATH101,EXAM_Q1_C10_MATH101,Quarterly Examination 2025 - C10 Mathematics,100,82,A2,PRESENT,Good understanding
ADM2025301,Pavan Rao,C10,A,ENG101,EXAM_Q1_C10_ENG101,Quarterly Examination 2025 - C10 English Language,100,84,A2,PRESENT,Good understanding
ADM2025301,Pavan Rao,C10,A,TEL101,EXAM_Q1_C10_TEL101,Quarterly Examination 2025 - C10 Telugu Regional Language,100,90,A2,PRESENT,Outstanding performance
ADM2025301,Pavan Rao,C10,A,HIN101,EXAM_Q1_C10_HIN101,Quarterly Examination 2025 - C10 Hindi Second Language,100,88,A2,PRESENT,Good understanding
ADM2025301,Pavan Rao,C10,A,SCI101,EXAM_Q1_C10_SCI101,Quarterly Examination 2025 - C10 General Science,100,80,B1,PRESENT,Good understanding
ADM2025301,Pavan Rao,C10,A,SOC101,EXAM_Q1_C10_SOC101,Quarterly Examination 2025 - C10 Social Studies,100,85,A2,PRESENT,Good understanding
ADM2025302,Sucharitha Reddy,C10,A,MATH101,EXAM_Q1_C10_MATH101,Quarterly Examination 2025 - C10 Mathematics,100,85,A2,PRESENT,Good understanding
ADM2025302,Sucharitha Reddy,C10,A,ENG101,EXAM_Q1_C10_ENG101,Quarterly Examination 2025 - C10 English Language,100,82,A2,PRESENT,Good understanding
ADM2025302,Sucharitha Reddy,C10,A,TEL101,EXAM_Q1_C10_TEL101,Quarterly Examination 2025 - C10 Telugu Regional Language,100,91,A1,PRESENT,Outstanding performance
ADM2025302,Sucharitha Reddy,C10,A,HIN101,EXAM_Q1_C10_HIN101,Quarterly Examination 2025 - C10 Hindi Second Language,100,82,A2,PRESENT,Good understanding
ADM2025302,Sucharitha Reddy,C10,A,SCI101,EXAM_Q1_C10_SCI101,Quarterly Examination 2025 - C10 General Science,100,78,B1,PRESENT,Good understanding
ADM2025302,Sucharitha Reddy,C10,A,SOC101,EXAM_Q1_C10_SOC101,Quarterly Examination 2025 - C10 Social Studies,100,86,A2,PRESENT,Good understanding
ADM2025303,Hemant Sharma,C10,A,MATH101,EXAM_Q1_C10_MATH101,Quarterly Examination 2025 - C10 Mathematics,100,88,A2,PRESENT,Good understanding
ADM2025303,Hemant Sharma,C10,A,ENG101,EXAM_Q1_C10_ENG101,Quarterly Examination 2025 - C10 English Language,100,88,A2,PRESENT,Good understanding
ADM2025303,Hemant Sharma,C10,A,TEL101,EXAM_Q1_C10_TEL101,Quarterly Examination 2025 - C10 Telugu Regional Language,100,94,A1,PRESENT,Outstanding performance
ADM2025303,Hemant Sharma,C10,A,HIN101,EXAM_Q1_C10_HIN101,Quarterly Examination 2025 - C10 Hindi Second Language,100,87,A2,PRESENT,Good understanding
ADM2025303,Hemant Sharma,C10,A,SCI101,EXAM_Q1_C10_SCI101,Quarterly Examination 2025 - C10 General Science,100,83,A2,PRESENT,Good understanding
ADM2025303,Hemant Sharma,C10,A,SOC101,EXAM_Q1_C10_SOC101,Quarterly Examination 2025 - C10 Social Studies,100,89,A2,PRESENT,Good understanding
ADM2025304,Aakanksha Goud,C10,A,MATH101,EXAM_Q1_C10_MATH101,Quarterly Examination 2025 - C10 Mathematics,100,77,B1,PRESENT,Good understanding
ADM2025304,Aakanksha Goud,C10,A,ENG101,EXAM_Q1_C10_ENG101,Quarterly Examination 2025 - C10 English Language,100,77,B1,PRESENT,Good understanding
ADM2025304,Aakanksha Goud,C10,A,TEL101,EXAM_Q1_C10_TEL101,Quarterly Examination 2025 - C10 Telugu Regional Language,100,81,A2,PRESENT,Good understanding
ADM2025304,Aakanksha Goud,C10,A,HIN101,EXAM_Q1_C10_HIN101,Quarterly Examination 2025 - C10 Hindi Second Language,100,83,A2,PRESENT,Good understanding
ADM2025304,Aakanksha Goud,C10,A,SCI101,EXAM_Q1_C10_SCI101,Quarterly Examination 2025 - C10 General Science,100,77,B1,PRESENT,Good understanding
ADM2025304,Aakanksha Goud,C10,A,SOC101,EXAM_Q1_C10_SOC101,Quarterly Examination 2025 - C10 Social Studies,100,80,B1,PRESENT,Good understanding
ADM2025305,Goutham Chowdary,C10,A,MATH101,EXAM_Q1_C10_MATH101,Quarterly Examination 2025 - C10 Mathematics,100,81,A2,PRESENT,Good understanding
ADM2025305,Goutham Chowdary,C10,A,ENG101,EXAM_Q1_C10_ENG101,Quarterly Examination 2025 - C10 English Language,100,82,A2,PRESENT,Good understanding
ADM2025305,Goutham Chowdary,C10,A,TEL101,EXAM_Q1_C10_TEL101,Quarterly Examination 2025 - C10 Telugu Regional Language,100,89,A2,PRESENT,Good understanding
ADM2025305,Goutham Chowdary,C10,A,HIN101,EXAM_Q1_C10_HIN101,Quarterly Examination 2025 - C10 Hindi Second Language,100,79,B1,PRESENT,Good understanding
ADM2025305,Goutham Chowdary,C10,A,SCI101,EXAM_Q1_C10_SCI101,Quarterly Examination 2025 - C10 General Science,100,78,B1,PRESENT,Good understanding
ADM2025305,Goutham Chowdary,C10,A,SOC101,EXAM_Q1_C10_SOC101,Quarterly Examination 2025 - C10 Social Studies,100,85,A2,PRESENT,Good understanding
ADM2025306,Lavanya Varma,C10,A,MATH101,EXAM_Q1_C10_MATH101,Quarterly Examination 2025 - C10 Mathematics,100,75,B1,PRESENT,Good understanding
ADM2025306,Lavanya Varma,C10,A,ENG101,EXAM_Q1_C10_ENG101,Quarterly Examination 2025 - C10 English Language,100,83,A2,PRESENT,Good understanding
ADM2025306,Lavanya Varma,C10,A,TEL101,EXAM_Q1_C10_TEL101,Quarterly Examination 2025 - C10 Telugu Regional Language,100,83,A2,PRESENT,Good understanding
ADM2025306,Lavanya Varma,C10,A,HIN101,EXAM_Q1_C10_HIN101,Quarterly Examination 2025 - C10 Hindi Second Language,100,75,B1,PRESENT,Good understanding
ADM2025306,Lavanya Varma,C10,A,SCI101,EXAM_Q1_C10_SCI101,Quarterly Examination 2025 - C10 General Science,100,83,A2,PRESENT,Good understanding
ADM2025306,Lavanya Varma,C10,A,SOC101,EXAM_Q1_C10_SOC101,Quarterly Examination 2025 - C10 Social Studies,100,77,B1,PRESENT,Good understanding
ADM2025307,Anirudh Naidu,C10,A,MATH101,EXAM_Q1_C10_MATH101,Quarterly Examination 2025 - C10 Mathematics,100,76,B1,PRESENT,Good understanding
ADM2025307,Anirudh Naidu,C10,A,ENG101,EXAM_Q1_C10_ENG101,Quarterly Examination 2025 - C10 English Language,100,83,A2,PRESENT,Good understanding
ADM2025307,Anirudh Naidu,C10,A,TEL101,EXAM_Q1_C10_TEL101,Quarterly Examination 2025 - C10 Telugu Regional Language,100,83,A2,PRESENT,Good understanding
ADM2025307,Anirudh Naidu,C10,A,HIN101,EXAM_Q1_C10_HIN101,Quarterly Examination 2025 - C10 Hindi Second Language,100,86,A2,PRESENT,Good understanding
ADM2025307,Anirudh Naidu,C10,A,SCI101,EXAM_Q1_C10_SCI101,Quarterly Examination 2025 - C10 General Science,100,79,B1,PRESENT,Good understanding
ADM2025307,Anirudh Naidu,C10,A,SOC101,EXAM_Q1_C10_SOC101,Quarterly Examination 2025 - C10 Social Studies,100,83,A2,PRESENT,Good understanding
ADM2025308,Jyothi Gupta,C10,A,MATH101,EXAM_Q1_C10_MATH101,Quarterly Examination 2025 - C10 Mathematics,100,71,B1,PRESENT,Satisfactory progress
ADM2025308,Jyothi Gupta,C10,A,ENG101,EXAM_Q1_C10_ENG101,Quarterly Examination 2025 - C10 English Language,100,78,B1,PRESENT,Good understanding
ADM2025308,Jyothi Gupta,C10,A,TEL101,EXAM_Q1_C10_TEL101,Quarterly Examination 2025 - C10 Telugu Regional Language,100,75,B1,PRESENT,Good understanding
ADM2025308,Jyothi Gupta,C10,A,HIN101,EXAM_Q1_C10_HIN101,Quarterly Examination 2025 - C10 Hindi Second Language,100,73,B1,PRESENT,Satisfactory progress
ADM2025308,Jyothi Gupta,C10,A,SCI101,EXAM_Q1_C10_SCI101,Quarterly Examination 2025 - C10 General Science,100,71,B1,PRESENT,Satisfactory progress
ADM2025308,Jyothi Gupta,C10,A,SOC101,EXAM_Q1_C10_SOC101,Quarterly Examination 2025 - C10 Social Studies,100,76,B1,PRESENT,Good understanding
ADM2025309,Teja Murthy,C10,A,MATH101,EXAM_Q1_C10_MATH101,Quarterly Examination 2025 - C10 Mathematics,100,72,B1,PRESENT,Satisfactory progress
ADM2025309,Teja Murthy,C10,A,ENG101,EXAM_Q1_C10_ENG101,Quarterly Examination 2025 - C10 English Language,100,74,B1,PRESENT,Satisfactory progress
ADM2025309,Teja Murthy,C10,A,TEL101,EXAM_Q1_C10_TEL101,Quarterly Examination 2025 - C10 Telugu Regional Language,100,72,B1,PRESENT,Satisfactory progress
ADM2025309,Teja Murthy,C10,A,HIN101,EXAM_Q1_C10_HIN101,Quarterly Examination 2025 - C10 Hindi Second Language,100,72,B1,PRESENT,Satisfactory progress
ADM2025309,Teja Murthy,C10,A,SCI101,EXAM_Q1_C10_SCI101,Quarterly Examination 2025 - C10 General Science,100,68,B2,PRESENT,Satisfactory progress
ADM2025309,Teja Murthy,C10,A,SOC101,EXAM_Q1_C10_SOC101,Quarterly Examination 2025 - C10 Social Studies,100,70,B2,PRESENT,Satisfactory progress
ADM2025310,Navya Sastry,C10,A,MATH101,EXAM_Q1_C10_MATH101,Quarterly Examination 2025 - C10 Mathematics,100,71,B1,PRESENT,Satisfactory progress
ADM2025310,Navya Sastry,C10,A,ENG101,EXAM_Q1_C10_ENG101,Quarterly Examination 2025 - C10 English Language,100,79,B1,PRESENT,Good understanding
ADM2025310,Navya Sastry,C10,A,TEL101,EXAM_Q1_C10_TEL101,Quarterly Examination 2025 - C10 Telugu Regional Language,100,84,A2,PRESENT,Good understanding
ADM2025310,Navya Sastry,C10,A,HIN101,EXAM_Q1_C10_HIN101,Quarterly Examination 2025 - C10 Hindi Second Language,100,81,A2,PRESENT,Good understanding
ADM2025310,Navya Sastry,C10,A,SCI101,EXAM_Q1_C10_SCI101,Quarterly Examination 2025 - C10 General Science,100,75,B1,PRESENT,Good understanding
ADM2025310,Navya Sastry,C10,A,SOC101,EXAM_Q1_C10_SOC101,Quarterly Examination 2025 - C10 Social Studies,100,74,B1,PRESENT,Satisfactory progress
ADM2025311,Manish Babu,C10,A,MATH101,EXAM_Q1_C10_MATH101,Quarterly Examination 2025 - C10 Mathematics,100,64,B2,PRESENT,Satisfactory progress
ADM2025311,Manish Babu,C10,A,ENG101,EXAM_Q1_C10_ENG101,Quarterly Examination 2025 - C10 English Language,100,69,B2,PRESENT,Satisfactory progress
ADM2025311,Manish Babu,C10,A,TEL101,EXAM_Q1_C10_TEL101,Quarterly Examination 2025 - C10 Telugu Regional Language,100,67,B2,PRESENT,Satisfactory progress
ADM2025311,Manish Babu,C10,A,HIN101,EXAM_Q1_C10_HIN101,Quarterly Examination 2025 - C10 Hindi Second Language,100,65,B2,PRESENT,Satisfactory progress
ADM2025311,Manish Babu,C10,A,SCI101,EXAM_Q1_C10_SCI101,Quarterly Examination 2025 - C10 General Science,100,69,B2,PRESENT,Satisfactory progress
ADM2025311,Manish Babu,C10,A,SOC101,EXAM_Q1_C10_SOC101,Quarterly Examination 2025 - C10 Social Studies,100,64,B2,PRESENT,Satisfactory progress
ADM2025312,Lavanya Yadav,C10,A,MATH101,EXAM_Q1_C10_MATH101,Quarterly Examination 2025 - C10 Mathematics,100,76,B1,PRESENT,Good understanding
ADM2025312,Lavanya Yadav,C10,A,ENG101,EXAM_Q1_C10_ENG101,Quarterly Examination 2025 - C10 English Language,100,72,B1,PRESENT,Satisfactory progress
ADM2025312,Lavanya Yadav,C10,A,TEL101,EXAM_Q1_C10_TEL101,Quarterly Examination 2025 - C10 Telugu Regional Language,100,84,A2,PRESENT,Good understanding
ADM2025312,Lavanya Yadav,C10,A,HIN101,EXAM_Q1_C10_HIN101,Quarterly Examination 2025 - C10 Hindi Second Language,100,72,B1,PRESENT,Satisfactory progress
ADM2025312,Lavanya Yadav,C10,A,SCI101,EXAM_Q1_C10_SCI101,Quarterly Examination 2025 - C10 General Science,100,75,B1,PRESENT,Good understanding
ADM2025312,Lavanya Yadav,C10,A,SOC101,EXAM_Q1_C10_SOC101,Quarterly Examination 2025 - C10 Social Studies,100,71,B1,PRESENT,Satisfactory progress
ADM2025313,Abhinav Patel,C10,A,MATH101,EXAM_Q1_C10_MATH101,Quarterly Examination 2025 - C10 Mathematics,100,70,B2,PRESENT,Satisfactory progress
ADM2025313,Abhinav Patel,C10,A,ENG101,EXAM_Q1_C10_ENG101,Quarterly Examination 2025 - C10 English Language,100,74,B1,PRESENT,Satisfactory progress
ADM2025313,Abhinav Patel,C10,A,TEL101,EXAM_Q1_C10_TEL101,Quarterly Examination 2025 - C10 Telugu Regional Language,100,77,B1,PRESENT,Good understanding
ADM2025313,Abhinav Patel,C10,A,HIN101,EXAM_Q1_C10_HIN101,Quarterly Examination 2025 - C10 Hindi Second Language,100,69,B2,PRESENT,Satisfactory progress
ADM2025313,Abhinav Patel,C10,A,SCI101,EXAM_Q1_C10_SCI101,Quarterly Examination 2025 - C10 General Science,100,70,B2,PRESENT,Satisfactory progress
ADM2025313,Abhinav Patel,C10,A,SOC101,EXAM_Q1_C10_SOC101,Quarterly Examination 2025 - C10 Social Studies,100,74,B1,PRESENT,Satisfactory progress
ADM2025314,Tanmayi Venkatesh,C10,A,MATH101,EXAM_Q1_C10_MATH101,Quarterly Examination 2025 - C10 Mathematics,100,68,B2,PRESENT,Satisfactory progress
ADM2025314,Tanmayi Venkatesh,C10,A,ENG101,EXAM_Q1_C10_ENG101,Quarterly Examination 2025 - C10 English Language,100,70,B2,PRESENT,Satisfactory progress
ADM2025314,Tanmayi Venkatesh,C10,A,TEL101,EXAM_Q1_C10_TEL101,Quarterly Examination 2025 - C10 Telugu Regional Language,100,80,B1,PRESENT,Good understanding
ADM2025314,Tanmayi Venkatesh,C10,A,HIN101,EXAM_Q1_C10_HIN101,Quarterly Examination 2025 - C10 Hindi Second Language,100,74,B1,PRESENT,Satisfactory progress
ADM2025314,Tanmayi Venkatesh,C10,A,SCI101,EXAM_Q1_C10_SCI101,Quarterly Examination 2025 - C10 General Science,100,71,B1,PRESENT,Satisfactory progress
ADM2025314,Tanmayi Venkatesh,C10,A,SOC101,EXAM_Q1_C10_SOC101,Quarterly Examination 2025 - C10 Social Studies,100,78,B1,PRESENT,Good understanding
ADM2025315,Ganesh Vemula,C10,A,MATH101,EXAM_Q1_C10_MATH101,Quarterly Examination 2025 - C10 Mathematics,100,59,C1,PRESENT,Satisfactory progress
ADM2025315,Ganesh Vemula,C10,A,ENG101,EXAM_Q1_C10_ENG101,Quarterly Examination 2025 - C10 English Language,100,62,B2,PRESENT,Satisfactory progress
ADM2025315,Ganesh Vemula,C10,A,TEL101,EXAM_Q1_C10_TEL101,Quarterly Examination 2025 - C10 Telugu Regional Language,100,65,B2,PRESENT,Satisfactory progress
ADM2025315,Ganesh Vemula,C10,A,HIN101,EXAM_Q1_C10_HIN101,Quarterly Examination 2025 - C10 Hindi Second Language,100,65,B2,PRESENT,Satisfactory progress
ADM2025315,Ganesh Vemula,C10,A,SCI101,EXAM_Q1_C10_SCI101,Quarterly Examination 2025 - C10 General Science,100,64,B2,PRESENT,Satisfactory progress
ADM2025315,Ganesh Vemula,C10,A,SOC101,EXAM_Q1_C10_SOC101,Quarterly Examination 2025 - C10 Social Studies,100,65,B2,PRESENT,Satisfactory progress
ADM2025316,Vennela Bandi,C10,A,MATH101,EXAM_Q1_C10_MATH101,Quarterly Examination 2025 - C10 Mathematics,100,69,B2,PRESENT,Satisfactory progress
ADM2025316,Vennela Bandi,C10,A,ENG101,EXAM_Q1_C10_ENG101,Quarterly Examination 2025 - C10 English Language,100,73,B1,PRESENT,Satisfactory progress
ADM2025316,Vennela Bandi,C10,A,TEL101,EXAM_Q1_C10_TEL101,Quarterly Examination 2025 - C10 Telugu Regional Language,100,75,B1,PRESENT,Good understanding
ADM2025316,Vennela Bandi,C10,A,HIN101,EXAM_Q1_C10_HIN101,Quarterly Examination 2025 - C10 Hindi Second Language,100,68,B2,PRESENT,Satisfactory progress
ADM2025316,Vennela Bandi,C10,A,SCI101,EXAM_Q1_C10_SCI101,Quarterly Examination 2025 - C10 General Science,100,69,B2,PRESENT,Satisfactory progress
ADM2025316,Vennela Bandi,C10,A,SOC101,EXAM_Q1_C10_SOC101,Quarterly Examination 2025 - C10 Social Studies,100,69,B2,PRESENT,Satisfactory progress
ADM2025317,Aditya Kandula,C10,A,MATH101,EXAM_Q1_C10_MATH101,Quarterly Examination 2025 - C10 Mathematics,100,64,B2,PRESENT,Satisfactory progress
ADM2025317,Aditya Kandula,C10,A,ENG101,EXAM_Q1_C10_ENG101,Quarterly Examination 2025 - C10 English Language,100,63,B2,PRESENT,Satisfactory progress
ADM2025317,Aditya Kandula,C10,A,TEL101,EXAM_Q1_C10_TEL101,Quarterly Examination 2025 - C10 Telugu Regional Language,100,75,B1,PRESENT,Good understanding
ADM2025317,Aditya Kandula,C10,A,HIN101,EXAM_Q1_C10_HIN101,Quarterly Examination 2025 - C10 Hindi Second Language,100,72,B1,PRESENT,Satisfactory progress
ADM2025317,Aditya Kandula,C10,A,SCI101,EXAM_Q1_C10_SCI101,Quarterly Examination 2025 - C10 General Science,100,66,B2,PRESENT,Satisfactory progress
ADM2025317,Aditya Kandula,C10,A,SOC101,EXAM_Q1_C10_SOC101,Quarterly Examination 2025 - C10 Social Studies,100,64,B2,PRESENT,Satisfactory progress
ADM2025318,Sahithi Gudepu,C10,A,MATH101,EXAM_Q1_C10_MATH101,Quarterly Examination 2025 - C10 Mathematics,100,61,B2,PRESENT,Satisfactory progress
ADM2025318,Sahithi Gudepu,C10,A,ENG101,EXAM_Q1_C10_ENG101,Quarterly Examination 2025 - C10 English Language,100,63,B2,PRESENT,Satisfactory progress
ADM2025318,Sahithi Gudepu,C10,A,TEL101,EXAM_Q1_C10_TEL101,Quarterly Examination 2025 - C10 Telugu Regional Language,100,71,B1,PRESENT,Satisfactory progress
ADM2025318,Sahithi Gudepu,C10,A,HIN101,EXAM_Q1_C10_HIN101,Quarterly Examination 2025 - C10 Hindi Second Language,100,67,B2,PRESENT,Satisfactory progress
ADM2025318,Sahithi Gudepu,C10,A,SCI101,EXAM_Q1_C10_SCI101,Quarterly Examination 2025 - C10 General Science,100,65,B2,PRESENT,Satisfactory progress
ADM2025318,Sahithi Gudepu,C10,A,SOC101,EXAM_Q1_C10_SOC101,Quarterly Examination 2025 - C10 Social Studies,100,59,C1,PRESENT,Satisfactory progress
ADM2025319,Pavan Singireddy,C10,A,MATH101,EXAM_Q1_C10_MATH101,Quarterly Examination 2025 - C10 Mathematics,100,65,B2,PRESENT,Satisfactory progress
ADM2025319,Pavan Singireddy,C10,A,ENG101,EXAM_Q1_C10_ENG101,Quarterly Examination 2025 - C10 English Language,100,65,B2,PRESENT,Satisfactory progress
ADM2025319,Pavan Singireddy,C10,A,TEL101,EXAM_Q1_C10_TEL101,Quarterly Examination 2025 - C10 Telugu Regional Language,100,72,B1,PRESENT,Satisfactory progress
ADM2025319,Pavan Singireddy,C10,A,HIN101,EXAM_Q1_C10_HIN101,Quarterly Examination 2025 - C10 Hindi Second Language,100,68,B2,PRESENT,Satisfactory progress
ADM2025319,Pavan Singireddy,C10,A,SCI101,EXAM_Q1_C10_SCI101,Quarterly Examination 2025 - C10 General Science,100,69,B2,PRESENT,Satisfactory progress
ADM2025319,Pavan Singireddy,C10,A,SOC101,EXAM_Q1_C10_SOC101,Quarterly Examination 2025 - C10 Social Studies,100,68,B2,PRESENT,Satisfactory progress
ADM2025320,Srini Pothula,C10,A,MATH101,EXAM_Q1_C10_MATH101,Quarterly Examination 2025 - C10 Mathematics,100,47,C2,PRESENT,Needs remedial support
ADM2025320,Srini Pothula,C10,A,ENG101,EXAM_Q1_C10_ENG101,Quarterly Examination 2025 - C10 English Language,100,51,C1,PRESENT,Satisfactory progress
ADM2025320,Srini Pothula,C10,A,TEL101,EXAM_Q1_C10_TEL101,Quarterly Examination 2025 - C10 Telugu Regional Language,100,53,C1,PRESENT,Satisfactory progress
ADM2025320,Srini Pothula,C10,A,HIN101,EXAM_Q1_C10_HIN101,Quarterly Examination 2025 - C10 Hindi Second Language,100,49,C2,PRESENT,Needs remedial support
ADM2025320,Srini Pothula,C10,A,SCI101,EXAM_Q1_C10_SCI101,Quarterly Examination 2025 - C10 General Science,100,54,C1,PRESENT,Satisfactory progress
ADM2025320,Srini Pothula,C10,A,SOC101,EXAM_Q1_C10_SOC101,Quarterly Examination 2025 - C10 Social Studies,100,53,C1,PRESENT,Satisfactory progress
ADM2025321,Rishi Kondapalli,C10,A,MATH101,EXAM_Q1_C10_MATH101,Quarterly Examination 2025 - C10 Mathematics,100,58,C1,PRESENT,Satisfactory progress
ADM2025321,Rishi Kondapalli,C10,A,ENG101,EXAM_Q1_C10_ENG101,Quarterly Examination 2025 - C10 English Language,100,59,C1,PRESENT,Satisfactory progress
ADM2025321,Rishi Kondapalli,C10,A,TEL101,EXAM_Q1_C10_TEL101,Quarterly Examination 2025 - C10 Telugu Regional Language,100,66,B2,PRESENT,Satisfactory progress
ADM2025321,Rishi Kondapalli,C10,A,HIN101,EXAM_Q1_C10_HIN101,Quarterly Examination 2025 - C10 Hindi Second Language,100,56,C1,PRESENT,Satisfactory progress
ADM2025321,Rishi Kondapalli,C10,A,SCI101,EXAM_Q1_C10_SCI101,Quarterly Examination 2025 - C10 General Science,100,59,C1,PRESENT,Satisfactory progress
ADM2025321,Rishi Kondapalli,C10,A,SOC101,EXAM_Q1_C10_SOC101,Quarterly Examination 2025 - C10 Social Studies,100,61,B2,PRESENT,Satisfactory progress
ADM2025322,Yamini Malkapuram,C10,A,MATH101,EXAM_Q1_C10_MATH101,Quarterly Examination 2025 - C10 Mathematics,100,50,C2,PRESENT,Satisfactory progress
ADM2025322,Yamini Malkapuram,C10,A,ENG101,EXAM_Q1_C10_ENG101,Quarterly Examination 2025 - C10 English Language,100,53,C1,PRESENT,Satisfactory progress
ADM2025322,Yamini Malkapuram,C10,A,TEL101,EXAM_Q1_C10_TEL101,Quarterly Examination 2025 - C10 Telugu Regional Language,100,55,C1,PRESENT,Satisfactory progress
ADM2025322,Yamini Malkapuram,C10,A,HIN101,EXAM_Q1_C10_HIN101,Quarterly Examination 2025 - C10 Hindi Second Language,100,56,C1,PRESENT,Satisfactory progress
ADM2025322,Yamini Malkapuram,C10,A,SCI101,EXAM_Q1_C10_SCI101,Quarterly Examination 2025 - C10 General Science,100,53,C1,PRESENT,Satisfactory progress
ADM2025322,Yamini Malkapuram,C10,A,SOC101,EXAM_Q1_C10_SOC101,Quarterly Examination 2025 - C10 Social Studies,100,52,C1,PRESENT,Satisfactory progress
ADM2025323,Chaitanya Chintala,C10,A,MATH101,EXAM_Q1_C10_MATH101,Quarterly Examination 2025 - C10 Mathematics,100,58,C1,PRESENT,Satisfactory progress
ADM2025323,Chaitanya Chintala,C10,A,ENG101,EXAM_Q1_C10_ENG101,Quarterly Examination 2025 - C10 English Language,100,59,C1,PRESENT,Satisfactory progress
ADM2025323,Chaitanya Chintala,C10,A,TEL101,EXAM_Q1_C10_TEL101,Quarterly Examination 2025 - C10 Telugu Regional Language,100,57,C1,PRESENT,Satisfactory progress
ADM2025323,Chaitanya Chintala,C10,A,HIN101,EXAM_Q1_C10_HIN101,Quarterly Examination 2025 - C10 Hindi Second Language,100,59,C1,PRESENT,Satisfactory progress
ADM2025323,Chaitanya Chintala,C10,A,SCI101,EXAM_Q1_C10_SCI101,Quarterly Examination 2025 - C10 General Science,100,58,C1,PRESENT,Satisfactory progress
ADM2025323,Chaitanya Chintala,C10,A,SOC101,EXAM_Q1_C10_SOC101,Quarterly Examination 2025 - C10 Social Studies,100,60,C1,PRESENT,Satisfactory progress
ADM2025324,Tejaswi Gaddam,C10,A,MATH101,EXAM_Q1_C10_MATH101,Quarterly Examination 2025 - C10 Mathematics,100,42,C2,PRESENT,Needs remedial support
ADM2025324,Tejaswi Gaddam,C10,A,ENG101,EXAM_Q1_C10_ENG101,Quarterly Examination 2025 - C10 English Language,100,47,C2,PRESENT,Needs remedial support
ADM2025324,Tejaswi Gaddam,C10,A,TEL101,EXAM_Q1_C10_TEL101,Quarterly Examination 2025 - C10 Telugu Regional Language,100,51,C1,PRESENT,Satisfactory progress
ADM2025324,Tejaswi Gaddam,C10,A,HIN101,EXAM_Q1_C10_HIN101,Quarterly Examination 2025 - C10 Hindi Second Language,100,48,C2,PRESENT,Needs remedial support
ADM2025324,Tejaswi Gaddam,C10,A,SCI101,EXAM_Q1_C10_SCI101,Quarterly Examination 2025 - C10 General Science,100,45,C2,PRESENT,Needs remedial support
ADM2025324,Tejaswi Gaddam,C10,A,SOC101,EXAM_Q1_C10_SOC101,Quarterly Examination 2025 - C10 Social Studies,100,49,C2,PRESENT,Needs remedial support
ADM2025325,Goutham Boddu,C10,A,MATH101,EXAM_Q1_C10_MATH101,Quarterly Examination 2025 - C10 Mathematics,100,50,C2,PRESENT,Satisfactory progress
ADM2025325,Goutham Boddu,C10,A,ENG101,EXAM_Q1_C10_ENG101,Quarterly Examination 2025 - C10 English Language,100,57,C1,PRESENT,Satisfactory progress
ADM2025325,Goutham Boddu,C10,A,TEL101,EXAM_Q1_C10_TEL101,Quarterly Examination 2025 - C10 Telugu Regional Language,100,61,B2,PRESENT,Satisfactory progress
ADM2025325,Goutham Boddu,C10,A,HIN101,EXAM_Q1_C10_HIN101,Quarterly Examination 2025 - C10 Hindi Second Language,100,52,C1,PRESENT,Satisfactory progress
ADM2025325,Goutham Boddu,C10,A,SCI101,EXAM_Q1_C10_SCI101,Quarterly Examination 2025 - C10 General Science,100,58,C1,PRESENT,Satisfactory progress
ADM2025325,Goutham Boddu,C10,A,SOC101,EXAM_Q1_C10_SOC101,Quarterly Examination 2025 - C10 Social Studies,100,56,C1,PRESENT,Satisfactory progress
ADM2025326,Alekhya Maddela,C10,A,MATH101,EXAM_Q1_C10_MATH101,Quarterly Examination 2025 - C10 Mathematics,100,54,C1,PRESENT,Satisfactory progress
ADM2025326,Alekhya Maddela,C10,A,ENG101,EXAM_Q1_C10_ENG101,Quarterly Examination 2025 - C10 English Language,100,51,C1,PRESENT,Satisfactory progress
ADM2025326,Alekhya Maddela,C10,A,TEL101,EXAM_Q1_C10_TEL101,Quarterly Examination 2025 - C10 Telugu Regional Language,100,55,C1,PRESENT,Satisfactory progress
ADM2025326,Alekhya Maddela,C10,A,HIN101,EXAM_Q1_C10_HIN101,Quarterly Examination 2025 - C10 Hindi Second Language,100,57,C1,PRESENT,Satisfactory progress
ADM2025326,Alekhya Maddela,C10,A,SCI101,EXAM_Q1_C10_SCI101,Quarterly Examination 2025 - C10 General Science,100,51,C1,PRESENT,Satisfactory progress
ADM2025326,Alekhya Maddela,C10,A,SOC101,EXAM_Q1_C10_SOC101,Quarterly Examination 2025 - C10 Social Studies,100,58,C1,PRESENT,Satisfactory progress
ADM2025327,Rishi Komati,C10,A,MATH101,EXAM_Q1_C10_MATH101,Quarterly Examination 2025 - C10 Mathematics,100,47,C2,PRESENT,Needs remedial support
ADM2025327,Rishi Komati,C10,A,ENG101,EXAM_Q1_C10_ENG101,Quarterly Examination 2025 - C10 English Language,100,56,C1,PRESENT,Satisfactory progress
ADM2025327,Rishi Komati,C10,A,TEL101,EXAM_Q1_C10_TEL101,Quarterly Examination 2025 - C10 Telugu Regional Language,100,55,C1,PRESENT,Satisfactory progress
ADM2025327,Rishi Komati,C10,A,HIN101,EXAM_Q1_C10_HIN101,Quarterly Examination 2025 - C10 Hindi Second Language,100,49,C2,PRESENT,Needs remedial support
ADM2025327,Rishi Komati,C10,A,SCI101,EXAM_Q1_C10_SCI101,Quarterly Examination 2025 - C10 General Science,100,54,C1,PRESENT,Satisfactory progress
ADM2025327,Rishi Komati,C10,A,SOC101,EXAM_Q1_C10_SOC101,Quarterly Examination 2025 - C10 Social Studies,100,53,C1,PRESENT,Satisfactory progress
ADM2025328,Priyanka Narra,C10,A,MATH101,EXAM_Q1_C10_MATH101,Quarterly Examination 2025 - C10 Mathematics,100,39,D,PRESENT,Needs remedial support
ADM2025328,Priyanka Narra,C10,A,ENG101,EXAM_Q1_C10_ENG101,Quarterly Examination 2025 - C10 English Language,100,40,D,PRESENT,Needs remedial support
ADM2025328,Priyanka Narra,C10,A,TEL101,EXAM_Q1_C10_TEL101,Quarterly Examination 2025 - C10 Telugu Regional Language,100,46,C2,PRESENT,Needs remedial support
ADM2025328,Priyanka Narra,C10,A,HIN101,EXAM_Q1_C10_HIN101,Quarterly Examination 2025 - C10 Hindi Second Language,100,42,C2,PRESENT,Needs remedial support
ADM2025328,Priyanka Narra,C10,A,SCI101,EXAM_Q1_C10_SCI101,Quarterly Examination 2025 - C10 General Science,100,39,D,PRESENT,Needs remedial support
ADM2025328,Priyanka Narra,C10,A,SOC101,EXAM_Q1_C10_SOC101,Quarterly Examination 2025 - C10 Social Studies,100,39,D,PRESENT,Needs remedial support
ADM2025329,Satish Thota,C10,A,MATH101,EXAM_Q1_C10_MATH101,Quarterly Examination 2025 - C10 Mathematics,100,39,D,PRESENT,Needs remedial support
ADM2025329,Satish Thota,C10,A,ENG101,EXAM_Q1_C10_ENG101,Quarterly Examination 2025 - C10 English Language,100,42,C2,PRESENT,Needs remedial support
ADM2025329,Satish Thota,C10,A,TEL101,EXAM_Q1_C10_TEL101,Quarterly Examination 2025 - C10 Telugu Regional Language,100,42,C2,PRESENT,Needs remedial support
ADM2025329,Satish Thota,C10,A,HIN101,EXAM_Q1_C10_HIN101,Quarterly Examination 2025 - C10 Hindi Second Language,100,41,C2,PRESENT,Needs remedial support
ADM2025329,Satish Thota,C10,A,SCI101,EXAM_Q1_C10_SCI101,Quarterly Examination 2025 - C10 General Science,100,35,D,PRESENT,Needs remedial support
ADM2025329,Satish Thota,C10,A,SOC101,EXAM_Q1_C10_SOC101,Quarterly Examination 2025 - C10 Social Studies,100,44,C2,PRESENT,Needs remedial support
ADM2025330,Sneha Avula,C10,A,MATH101,EXAM_Q1_C10_MATH101,Quarterly Examination 2025 - C10 Mathematics,100,39,D,PRESENT,Needs remedial support
ADM2025330,Sneha Avula,C10,A,ENG101,EXAM_Q1_C10_ENG101,Quarterly Examination 2025 - C10 English Language,100,40,D,PRESENT,Needs remedial support
ADM2025330,Sneha Avula,C10,A,TEL101,EXAM_Q1_C10_TEL101,Quarterly Examination 2025 - C10 Telugu Regional Language,100,42,C2,PRESENT,Needs remedial support
ADM2025330,Sneha Avula,C10,A,HIN101,EXAM_Q1_C10_HIN101,Quarterly Examination 2025 - C10 Hindi Second Language,100,45,C2,PRESENT,Needs remedial support
ADM2025330,Sneha Avula,C10,A,SCI101,EXAM_Q1_C10_SCI101,Quarterly Examination 2025 - C10 General Science,100,43,C2,PRESENT,Needs remedial support
ADM2025330,Sneha Avula,C10,A,SOC101,EXAM_Q1_C10_SOC101,Quarterly Examination 2025 - C10 Social Studies,100,41,C2,PRESENT,Needs remedial support
ADM2025331,Vikram Siripuram,C10,B,MATH101,EXAM_Q1_C10_MATH101,Quarterly Examination 2025 - C10 Mathematics,100,94,A1,PRESENT,Outstanding performance
ADM2025331,Vikram Siripuram,C10,B,ENG101,EXAM_Q1_C10_ENG101,Quarterly Examination 2025 - C10 English Language,100,93,A1,PRESENT,Outstanding performance
ADM2025331,Vikram Siripuram,C10,B,TEL101,EXAM_Q1_C10_TEL101,Quarterly Examination 2025 - C10 Telugu Regional Language,100,96,A1,PRESENT,Outstanding performance
ADM2025331,Vikram Siripuram,C10,B,HIN101,EXAM_Q1_C10_HIN101,Quarterly Examination 2025 - C10 Hindi Second Language,100,93,A1,PRESENT,Outstanding performance
ADM2025331,Vikram Siripuram,C10,B,SCI101,EXAM_Q1_C10_SCI101,Quarterly Examination 2025 - C10 General Science,100,95,A1,PRESENT,Outstanding performance
ADM2025331,Vikram Siripuram,C10,B,SOC101,EXAM_Q1_C10_SOC101,Quarterly Examination 2025 - C10 Social Studies,100,92,A1,PRESENT,Outstanding performance
ADM2025332,Sharanya Yerra,C10,B,MATH101,EXAM_Q1_C10_MATH101,Quarterly Examination 2025 - C10 Mathematics,100,77,B1,PRESENT,Good understanding
ADM2025332,Sharanya Yerra,C10,B,ENG101,EXAM_Q1_C10_ENG101,Quarterly Examination 2025 - C10 English Language,100,81,A2,PRESENT,Good understanding
ADM2025332,Sharanya Yerra,C10,B,TEL101,EXAM_Q1_C10_TEL101,Quarterly Examination 2025 - C10 Telugu Regional Language,100,88,A2,PRESENT,Good understanding
ADM2025332,Sharanya Yerra,C10,B,HIN101,EXAM_Q1_C10_HIN101,Quarterly Examination 2025 - C10 Hindi Second Language,100,78,B1,PRESENT,Good understanding
ADM2025332,Sharanya Yerra,C10,B,SCI101,EXAM_Q1_C10_SCI101,Quarterly Examination 2025 - C10 General Science,100,82,A2,PRESENT,Good understanding
ADM2025332,Sharanya Yerra,C10,B,SOC101,EXAM_Q1_C10_SOC101,Quarterly Examination 2025 - C10 Social Studies,100,85,A2,PRESENT,Good understanding
ADM2025333,Pranav Goli,C10,B,MATH101,EXAM_Q1_C10_MATH101,Quarterly Examination 2025 - C10 Mathematics,100,85,A2,PRESENT,Good understanding
ADM2025333,Pranav Goli,C10,B,ENG101,EXAM_Q1_C10_ENG101,Quarterly Examination 2025 - C10 English Language,100,91,A1,PRESENT,Outstanding performance
ADM2025333,Pranav Goli,C10,B,TEL101,EXAM_Q1_C10_TEL101,Quarterly Examination 2025 - C10 Telugu Regional Language,100,93,A1,PRESENT,Outstanding performance
ADM2025333,Pranav Goli,C10,B,HIN101,EXAM_Q1_C10_HIN101,Quarterly Examination 2025 - C10 Hindi Second Language,100,94,A1,PRESENT,Outstanding performance
ADM2025333,Pranav Goli,C10,B,SCI101,EXAM_Q1_C10_SCI101,Quarterly Examination 2025 - C10 General Science,100,89,A2,PRESENT,Good understanding
ADM2025333,Pranav Goli,C10,B,SOC101,EXAM_Q1_C10_SOC101,Quarterly Examination 2025 - C10 Social Studies,100,92,A1,PRESENT,Outstanding performance
ADM2025334,Ananya Sunkari,C10,B,MATH101,EXAM_Q1_C10_MATH101,Quarterly Examination 2025 - C10 Mathematics,100,72,B1,PRESENT,Satisfactory progress
ADM2025334,Ananya Sunkari,C10,B,ENG101,EXAM_Q1_C10_ENG101,Quarterly Examination 2025 - C10 English Language,100,77,B1,PRESENT,Good understanding
ADM2025334,Ananya Sunkari,C10,B,TEL101,EXAM_Q1_C10_TEL101,Quarterly Examination 2025 - C10 Telugu Regional Language,100,79,B1,PRESENT,Good understanding
ADM2025334,Ananya Sunkari,C10,B,HIN101,EXAM_Q1_C10_HIN101,Quarterly Examination 2025 - C10 Hindi Second Language,100,78,B1,PRESENT,Good understanding
ADM2025334,Ananya Sunkari,C10,B,SCI101,EXAM_Q1_C10_SCI101,Quarterly Examination 2025 - C10 General Science,100,75,B1,PRESENT,Good understanding
ADM2025334,Ananya Sunkari,C10,B,SOC101,EXAM_Q1_C10_SOC101,Quarterly Examination 2025 - C10 Social Studies,100,77,B1,PRESENT,Good understanding
ADM2025335,Nikhil Mothukuri,C10,B,MATH101,EXAM_Q1_C10_MATH101,Quarterly Examination 2025 - C10 Mathematics,100,82,A2,PRESENT,Good understanding
ADM2025335,Nikhil Mothukuri,C10,B,ENG101,EXAM_Q1_C10_ENG101,Quarterly Examination 2025 - C10 English Language,100,79,B1,PRESENT,Good understanding
ADM2025335,Nikhil Mothukuri,C10,B,TEL101,EXAM_Q1_C10_TEL101,Quarterly Examination 2025 - C10 Telugu Regional Language,100,90,A2,PRESENT,Outstanding performance
ADM2025335,Nikhil Mothukuri,C10,B,HIN101,EXAM_Q1_C10_HIN101,Quarterly Examination 2025 - C10 Hindi Second Language,100,84,A2,PRESENT,Good understanding
ADM2025335,Nikhil Mothukuri,C10,B,SCI101,EXAM_Q1_C10_SCI101,Quarterly Examination 2025 - C10 General Science,100,79,B1,PRESENT,Good understanding
ADM2025335,Nikhil Mothukuri,C10,B,SOC101,EXAM_Q1_C10_SOC101,Quarterly Examination 2025 - C10 Social Studies,100,77,B1,PRESENT,Good understanding
ADM2025336,Krithi Dasari,C10,B,MATH101,EXAM_Q1_C10_MATH101,Quarterly Examination 2025 - C10 Mathematics,100,75,B1,PRESENT,Good understanding
ADM2025336,Krithi Dasari,C10,B,ENG101,EXAM_Q1_C10_ENG101,Quarterly Examination 2025 - C10 English Language,100,78,B1,PRESENT,Good understanding
ADM2025336,Krithi Dasari,C10,B,TEL101,EXAM_Q1_C10_TEL101,Quarterly Examination 2025 - C10 Telugu Regional Language,100,86,A2,PRESENT,Good understanding
ADM2025336,Krithi Dasari,C10,B,HIN101,EXAM_Q1_C10_HIN101,Quarterly Examination 2025 - C10 Hindi Second Language,100,83,A2,PRESENT,Good understanding
ADM2025336,Krithi Dasari,C10,B,SCI101,EXAM_Q1_C10_SCI101,Quarterly Examination 2025 - C10 General Science,100,82,A2,PRESENT,Good understanding
ADM2025336,Krithi Dasari,C10,B,SOC101,EXAM_Q1_C10_SOC101,Quarterly Examination 2025 - C10 Social Studies,100,75,B1,PRESENT,Good understanding
ADM2025337,Chaitanya Challa,C10,B,MATH101,EXAM_Q1_C10_MATH101,Quarterly Examination 2025 - C10 Mathematics,100,82,A2,PRESENT,Good understanding
ADM2025337,Chaitanya Challa,C10,B,ENG101,EXAM_Q1_C10_ENG101,Quarterly Examination 2025 - C10 English Language,100,83,A2,PRESENT,Good understanding
ADM2025337,Chaitanya Challa,C10,B,TEL101,EXAM_Q1_C10_TEL101,Quarterly Examination 2025 - C10 Telugu Regional Language,100,82,A2,PRESENT,Good understanding
ADM2025337,Chaitanya Challa,C10,B,HIN101,EXAM_Q1_C10_HIN101,Quarterly Examination 2025 - C10 Hindi Second Language,100,81,A2,PRESENT,Good understanding
ADM2025337,Chaitanya Challa,C10,B,SCI101,EXAM_Q1_C10_SCI101,Quarterly Examination 2025 - C10 General Science,100,78,B1,PRESENT,Good understanding
ADM2025337,Chaitanya Challa,C10,B,SOC101,EXAM_Q1_C10_SOC101,Quarterly Examination 2025 - C10 Social Studies,100,81,A2,PRESENT,Good understanding
ADM2025338,Tejaswi Boya,C10,B,MATH101,EXAM_Q1_C10_MATH101,Quarterly Examination 2025 - C10 Mathematics,100,74,B1,PRESENT,Satisfactory progress
ADM2025338,Tejaswi Boya,C10,B,ENG101,EXAM_Q1_C10_ENG101,Quarterly Examination 2025 - C10 English Language,100,73,B1,PRESENT,Satisfactory progress
ADM2025338,Tejaswi Boya,C10,B,TEL101,EXAM_Q1_C10_TEL101,Quarterly Examination 2025 - C10 Telugu Regional Language,100,72,B1,PRESENT,Satisfactory progress
ADM2025338,Tejaswi Boya,C10,B,HIN101,EXAM_Q1_C10_HIN101,Quarterly Examination 2025 - C10 Hindi Second Language,100,75,B1,PRESENT,Good understanding
ADM2025338,Tejaswi Boya,C10,B,SCI101,EXAM_Q1_C10_SCI101,Quarterly Examination 2025 - C10 General Science,100,74,B1,PRESENT,Satisfactory progress
ADM2025338,Tejaswi Boya,C10,B,SOC101,EXAM_Q1_C10_SOC101,Quarterly Examination 2025 - C10 Social Studies,100,72,B1,PRESENT,Satisfactory progress
ADM2025339,Santosh Kammari,C10,B,MATH101,EXAM_Q1_C10_MATH101,Quarterly Examination 2025 - C10 Mathematics,100,76,B1,PRESENT,Good understanding
ADM2025339,Santosh Kammari,C10,B,ENG101,EXAM_Q1_C10_ENG101,Quarterly Examination 2025 - C10 English Language,100,83,A2,PRESENT,Good understanding
ADM2025339,Santosh Kammari,C10,B,TEL101,EXAM_Q1_C10_TEL101,Quarterly Examination 2025 - C10 Telugu Regional Language,100,79,B1,PRESENT,Good understanding
ADM2025339,Santosh Kammari,C10,B,HIN101,EXAM_Q1_C10_HIN101,Quarterly Examination 2025 - C10 Hindi Second Language,100,75,B1,PRESENT,Good understanding
ADM2025339,Santosh Kammari,C10,B,SCI101,EXAM_Q1_C10_SCI101,Quarterly Examination 2025 - C10 General Science,100,75,B1,PRESENT,Good understanding
ADM2025339,Santosh Kammari,C10,B,SOC101,EXAM_Q1_C10_SOC101,Quarterly Examination 2025 - C10 Social Studies,100,82,A2,PRESENT,Good understanding
ADM2025340,Sharanya Vangala,C10,B,MATH101,EXAM_Q1_C10_MATH101,Quarterly Examination 2025 - C10 Mathematics,100,67,B2,PRESENT,Satisfactory progress
ADM2025340,Sharanya Vangala,C10,B,ENG101,EXAM_Q1_C10_ENG101,Quarterly Examination 2025 - C10 English Language,100,68,B2,PRESENT,Satisfactory progress
ADM2025340,Sharanya Vangala,C10,B,TEL101,EXAM_Q1_C10_TEL101,Quarterly Examination 2025 - C10 Telugu Regional Language,100,77,B1,PRESENT,Good understanding
ADM2025340,Sharanya Vangala,C10,B,HIN101,EXAM_Q1_C10_HIN101,Quarterly Examination 2025 - C10 Hindi Second Language,100,66,B2,PRESENT,Satisfactory progress
ADM2025340,Sharanya Vangala,C10,B,SCI101,EXAM_Q1_C10_SCI101,Quarterly Examination 2025 - C10 General Science,100,65,B2,PRESENT,Satisfactory progress
ADM2025340,Sharanya Vangala,C10,B,SOC101,EXAM_Q1_C10_SOC101,Quarterly Examination 2025 - C10 Social Studies,100,67,B2,PRESENT,Satisfactory progress
ADM2025341,Naveen Nallam,C10,B,MATH101,EXAM_Q1_C10_MATH101,Quarterly Examination 2025 - C10 Mathematics,100,77,B1,PRESENT,Good understanding
ADM2025341,Naveen Nallam,C10,B,ENG101,EXAM_Q1_C10_ENG101,Quarterly Examination 2025 - C10 English Language,100,79,B1,PRESENT,Good understanding
ADM2025341,Naveen Nallam,C10,B,TEL101,EXAM_Q1_C10_TEL101,Quarterly Examination 2025 - C10 Telugu Regional Language,100,80,B1,PRESENT,Good understanding
ADM2025341,Naveen Nallam,C10,B,HIN101,EXAM_Q1_C10_HIN101,Quarterly Examination 2025 - C10 Hindi Second Language,100,75,B1,PRESENT,Good understanding
ADM2025341,Naveen Nallam,C10,B,SCI101,EXAM_Q1_C10_SCI101,Quarterly Examination 2025 - C10 General Science,100,72,B1,PRESENT,Satisfactory progress
ADM2025341,Naveen Nallam,C10,B,SOC101,EXAM_Q1_C10_SOC101,Quarterly Examination 2025 - C10 Social Studies,100,75,B1,PRESENT,Good understanding
ADM2025342,Sindhu Katakam,C10,B,MATH101,EXAM_Q1_C10_MATH101,Quarterly Examination 2025 - C10 Mathematics,100,74,B1,PRESENT,Satisfactory progress
ADM2025342,Sindhu Katakam,C10,B,ENG101,EXAM_Q1_C10_ENG101,Quarterly Examination 2025 - C10 English Language,100,72,B1,PRESENT,Satisfactory progress
ADM2025342,Sindhu Katakam,C10,B,TEL101,EXAM_Q1_C10_TEL101,Quarterly Examination 2025 - C10 Telugu Regional Language,100,76,B1,PRESENT,Good understanding
ADM2025342,Sindhu Katakam,C10,B,HIN101,EXAM_Q1_C10_HIN101,Quarterly Examination 2025 - C10 Hindi Second Language,100,75,B1,PRESENT,Good understanding
ADM2025342,Sindhu Katakam,C10,B,SCI101,EXAM_Q1_C10_SCI101,Quarterly Examination 2025 - C10 General Science,100,74,B1,PRESENT,Satisfactory progress
ADM2025342,Sindhu Katakam,C10,B,SOC101,EXAM_Q1_C10_SOC101,Quarterly Examination 2025 - C10 Social Studies,100,76,B1,PRESENT,Good understanding
ADM2025343,Shashi Gampa,C10,B,MATH101,EXAM_Q1_C10_MATH101,Quarterly Examination 2025 - C10 Mathematics,100,72,B1,PRESENT,Satisfactory progress
ADM2025343,Shashi Gampa,C10,B,ENG101,EXAM_Q1_C10_ENG101,Quarterly Examination 2025 - C10 English Language,100,75,B1,PRESENT,Good understanding
ADM2025343,Shashi Gampa,C10,B,TEL101,EXAM_Q1_C10_TEL101,Quarterly Examination 2025 - C10 Telugu Regional Language,100,78,B1,PRESENT,Good understanding
ADM2025343,Shashi Gampa,C10,B,HIN101,EXAM_Q1_C10_HIN101,Quarterly Examination 2025 - C10 Hindi Second Language,100,73,B1,PRESENT,Satisfactory progress
ADM2025343,Shashi Gampa,C10,B,SCI101,EXAM_Q1_C10_SCI101,Quarterly Examination 2025 - C10 General Science,100,72,B1,PRESENT,Satisfactory progress
ADM2025343,Shashi Gampa,C10,B,SOC101,EXAM_Q1_C10_SOC101,Quarterly Examination 2025 - C10 Social Studies,100,78,B1,PRESENT,Good understanding
ADM2025344,Geetha Peddinti,C10,B,MATH101,EXAM_Q1_C10_MATH101,Quarterly Examination 2025 - C10 Mathematics,100,73,B1,PRESENT,Satisfactory progress
ADM2025344,Geetha Peddinti,C10,B,ENG101,EXAM_Q1_C10_ENG101,Quarterly Examination 2025 - C10 English Language,100,69,B2,PRESENT,Satisfactory progress
ADM2025344,Geetha Peddinti,C10,B,TEL101,EXAM_Q1_C10_TEL101,Quarterly Examination 2025 - C10 Telugu Regional Language,100,80,B1,PRESENT,Good understanding
ADM2025344,Geetha Peddinti,C10,B,HIN101,EXAM_Q1_C10_HIN101,Quarterly Examination 2025 - C10 Hindi Second Language,100,72,B1,PRESENT,Satisfactory progress
ADM2025344,Geetha Peddinti,C10,B,SCI101,EXAM_Q1_C10_SCI101,Quarterly Examination 2025 - C10 General Science,100,68,B2,PRESENT,Satisfactory progress
ADM2025344,Geetha Peddinti,C10,B,SOC101,EXAM_Q1_C10_SOC101,Quarterly Examination 2025 - C10 Social Studies,100,71,B1,PRESENT,Satisfactory progress
ADM2025345,Uday Komuravelli,C10,B,MATH101,EXAM_Q1_C10_MATH101,Quarterly Examination 2025 - C10 Mathematics,100,63,B2,PRESENT,Satisfactory progress
ADM2025345,Uday Komuravelli,C10,B,ENG101,EXAM_Q1_C10_ENG101,Quarterly Examination 2025 - C10 English Language,100,67,B2,PRESENT,Satisfactory progress
ADM2025345,Uday Komuravelli,C10,B,TEL101,EXAM_Q1_C10_TEL101,Quarterly Examination 2025 - C10 Telugu Regional Language,100,67,B2,PRESENT,Satisfactory progress
ADM2025345,Uday Komuravelli,C10,B,HIN101,EXAM_Q1_C10_HIN101,Quarterly Examination 2025 - C10 Hindi Second Language,100,69,B2,PRESENT,Satisfactory progress
ADM2025345,Uday Komuravelli,C10,B,SCI101,EXAM_Q1_C10_SCI101,Quarterly Examination 2025 - C10 General Science,100,60,C1,PRESENT,Satisfactory progress
ADM2025345,Uday Komuravelli,C10,B,SOC101,EXAM_Q1_C10_SOC101,Quarterly Examination 2025 - C10 Social Studies,100,64,B2,PRESENT,Satisfactory progress
ADM2025346,Meghana Polisetty,C10,B,MATH101,EXAM_Q1_C10_MATH101,Quarterly Examination 2025 - C10 Mathematics,100,65,B2,PRESENT,Satisfactory progress
ADM2025346,Meghana Polisetty,C10,B,ENG101,EXAM_Q1_C10_ENG101,Quarterly Examination 2025 - C10 English Language,100,63,B2,PRESENT,Satisfactory progress
ADM2025346,Meghana Polisetty,C10,B,TEL101,EXAM_Q1_C10_TEL101,Quarterly Examination 2025 - C10 Telugu Regional Language,100,68,B2,PRESENT,Satisfactory progress
ADM2025346,Meghana Polisetty,C10,B,HIN101,EXAM_Q1_C10_HIN101,Quarterly Examination 2025 - C10 Hindi Second Language,100,68,B2,PRESENT,Satisfactory progress
ADM2025346,Meghana Polisetty,C10,B,SCI101,EXAM_Q1_C10_SCI101,Quarterly Examination 2025 - C10 General Science,100,61,B2,PRESENT,Satisfactory progress
ADM2025346,Meghana Polisetty,C10,B,SOC101,EXAM_Q1_C10_SOC101,Quarterly Examination 2025 - C10 Social Studies,100,60,C1,PRESENT,Satisfactory progress
ADM2025347,Vikram Katta,C10,B,MATH101,EXAM_Q1_C10_MATH101,Quarterly Examination 2025 - C10 Mathematics,100,71,B1,PRESENT,Satisfactory progress
ADM2025347,Vikram Katta,C10,B,ENG101,EXAM_Q1_C10_ENG101,Quarterly Examination 2025 - C10 English Language,100,65,B2,PRESENT,Satisfactory progress
ADM2025347,Vikram Katta,C10,B,TEL101,EXAM_Q1_C10_TEL101,Quarterly Examination 2025 - C10 Telugu Regional Language,100,76,B1,PRESENT,Good understanding
ADM2025347,Vikram Katta,C10,B,HIN101,EXAM_Q1_C10_HIN101,Quarterly Examination 2025 - C10 Hindi Second Language,100,67,B2,PRESENT,Satisfactory progress
ADM2025347,Vikram Katta,C10,B,SCI101,EXAM_Q1_C10_SCI101,Quarterly Examination 2025 - C10 General Science,100,69,B2,PRESENT,Satisfactory progress
ADM2025347,Vikram Katta,C10,B,SOC101,EXAM_Q1_C10_SOC101,Quarterly Examination 2025 - C10 Social Studies,100,70,B2,PRESENT,Satisfactory progress
ADM2025348,Sameera Chilukuri,C10,B,MATH101,EXAM_Q1_C10_MATH101,Quarterly Examination 2025 - C10 Mathematics,100,59,C1,PRESENT,Satisfactory progress
ADM2025348,Sameera Chilukuri,C10,B,ENG101,EXAM_Q1_C10_ENG101,Quarterly Examination 2025 - C10 English Language,100,66,B2,PRESENT,Satisfactory progress
ADM2025348,Sameera Chilukuri,C10,B,TEL101,EXAM_Q1_C10_TEL101,Quarterly Examination 2025 - C10 Telugu Regional Language,100,63,B2,PRESENT,Satisfactory progress
ADM2025348,Sameera Chilukuri,C10,B,HIN101,EXAM_Q1_C10_HIN101,Quarterly Examination 2025 - C10 Hindi Second Language,100,60,C1,PRESENT,Satisfactory progress
ADM2025348,Sameera Chilukuri,C10,B,SCI101,EXAM_Q1_C10_SCI101,Quarterly Examination 2025 - C10 General Science,100,66,B2,PRESENT,Satisfactory progress
ADM2025348,Sameera Chilukuri,C10,B,SOC101,EXAM_Q1_C10_SOC101,Quarterly Examination 2025 - C10 Social Studies,100,63,B2,PRESENT,Satisfactory progress
ADM2025349,Manoj Medasani,C10,B,MATH101,EXAM_Q1_C10_MATH101,Quarterly Examination 2025 - C10 Mathematics,100,57,C1,PRESENT,Satisfactory progress
ADM2025349,Manoj Medasani,C10,B,ENG101,EXAM_Q1_C10_ENG101,Quarterly Examination 2025 - C10 English Language,100,59,C1,PRESENT,Satisfactory progress
ADM2025349,Manoj Medasani,C10,B,TEL101,EXAM_Q1_C10_TEL101,Quarterly Examination 2025 - C10 Telugu Regional Language,100,58,C1,PRESENT,Satisfactory progress
ADM2025349,Manoj Medasani,C10,B,HIN101,EXAM_Q1_C10_HIN101,Quarterly Examination 2025 - C10 Hindi Second Language,100,52,C1,PRESENT,Satisfactory progress
ADM2025349,Manoj Medasani,C10,B,SCI101,EXAM_Q1_C10_SCI101,Quarterly Examination 2025 - C10 General Science,100,54,C1,PRESENT,Satisfactory progress
ADM2025349,Manoj Medasani,C10,B,SOC101,EXAM_Q1_C10_SOC101,Quarterly Examination 2025 - C10 Social Studies,100,53,C1,PRESENT,Satisfactory progress
ADM2025350,Ramya Nimmagadda,C10,B,MATH101,EXAM_Q1_C10_MATH101,Quarterly Examination 2025 - C10 Mathematics,100,61,B2,PRESENT,Satisfactory progress
ADM2025350,Ramya Nimmagadda,C10,B,ENG101,EXAM_Q1_C10_ENG101,Quarterly Examination 2025 - C10 English Language,100,60,C1,PRESENT,Satisfactory progress
ADM2025350,Ramya Nimmagadda,C10,B,TEL101,EXAM_Q1_C10_TEL101,Quarterly Examination 2025 - C10 Telugu Regional Language,100,60,C1,PRESENT,Satisfactory progress
ADM2025350,Ramya Nimmagadda,C10,B,HIN101,EXAM_Q1_C10_HIN101,Quarterly Examination 2025 - C10 Hindi Second Language,100,62,B2,PRESENT,Satisfactory progress
ADM2025350,Ramya Nimmagadda,C10,B,SCI101,EXAM_Q1_C10_SCI101,Quarterly Examination 2025 - C10 General Science,100,57,C1,PRESENT,Satisfactory progress
ADM2025350,Ramya Nimmagadda,C10,B,SOC101,EXAM_Q1_C10_SOC101,Quarterly Examination 2025 - C10 Social Studies,100,58,C1,PRESENT,Satisfactory progress
ADM2025351,Aarav Rao,C10,B,MATH101,EXAM_Q1_C10_MATH101,Quarterly Examination 2025 - C10 Mathematics,100,50,C2,PRESENT,Satisfactory progress
ADM2025351,Aarav Rao,C10,B,ENG101,EXAM_Q1_C10_ENG101,Quarterly Examination 2025 - C10 English Language,100,57,C1,PRESENT,Satisfactory progress
ADM2025351,Aarav Rao,C10,B,TEL101,EXAM_Q1_C10_TEL101,Quarterly Examination 2025 - C10 Telugu Regional Language,100,53,C1,PRESENT,Satisfactory progress
ADM2025351,Aarav Rao,C10,B,HIN101,EXAM_Q1_C10_HIN101,Quarterly Examination 2025 - C10 Hindi Second Language,100,55,C1,PRESENT,Satisfactory progress
ADM2025351,Aarav Rao,C10,B,SCI101,EXAM_Q1_C10_SCI101,Quarterly Examination 2025 - C10 General Science,100,50,C2,PRESENT,Satisfactory progress
ADM2025351,Aarav Rao,C10,B,SOC101,EXAM_Q1_C10_SOC101,Quarterly Examination 2025 - C10 Social Studies,100,52,C1,PRESENT,Satisfactory progress
ADM2025352,Kavya Reddy,C10,B,MATH101,EXAM_Q1_C10_MATH101,Quarterly Examination 2025 - C10 Mathematics,100,54,C1,PRESENT,Satisfactory progress
ADM2025352,Kavya Reddy,C10,B,ENG101,EXAM_Q1_C10_ENG101,Quarterly Examination 2025 - C10 English Language,100,51,C1,PRESENT,Satisfactory progress
ADM2025352,Kavya Reddy,C10,B,TEL101,EXAM_Q1_C10_TEL101,Quarterly Examination 2025 - C10 Telugu Regional Language,100,57,C1,PRESENT,Satisfactory progress
ADM2025352,Kavya Reddy,C10,B,HIN101,EXAM_Q1_C10_HIN101,Quarterly Examination 2025 - C10 Hindi Second Language,100,52,C1,PRESENT,Satisfactory progress
ADM2025352,Kavya Reddy,C10,B,SCI101,EXAM_Q1_C10_SCI101,Quarterly Examination 2025 - C10 General Science,100,52,C1,PRESENT,Satisfactory progress
ADM2025352,Kavya Reddy,C10,B,SOC101,EXAM_Q1_C10_SOC101,Quarterly Examination 2025 - C10 Social Studies,100,59,C1,PRESENT,Satisfactory progress
ADM2025353,Rishi Sharma,C10,B,MATH101,EXAM_Q1_C10_MATH101,Quarterly Examination 2025 - C10 Mathematics,100,55,C1,PRESENT,Satisfactory progress
ADM2025353,Rishi Sharma,C10,B,ENG101,EXAM_Q1_C10_ENG101,Quarterly Examination 2025 - C10 English Language,100,58,C1,PRESENT,Satisfactory progress
ADM2025353,Rishi Sharma,C10,B,TEL101,EXAM_Q1_C10_TEL101,Quarterly Examination 2025 - C10 Telugu Regional Language,100,62,B2,PRESENT,Satisfactory progress
ADM2025353,Rishi Sharma,C10,B,HIN101,EXAM_Q1_C10_HIN101,Quarterly Examination 2025 - C10 Hindi Second Language,100,60,C1,PRESENT,Satisfactory progress
ADM2025353,Rishi Sharma,C10,B,SCI101,EXAM_Q1_C10_SCI101,Quarterly Examination 2025 - C10 General Science,100,57,C1,PRESENT,Satisfactory progress
ADM2025353,Rishi Sharma,C10,B,SOC101,EXAM_Q1_C10_SOC101,Quarterly Examination 2025 - C10 Social Studies,100,54,C1,PRESENT,Satisfactory progress
ADM2025354,Ruchitha Goud,C10,B,MATH101,EXAM_Q1_C10_MATH101,Quarterly Examination 2025 - C10 Mathematics,100,52,C1,PRESENT,Satisfactory progress
ADM2025354,Ruchitha Goud,C10,B,ENG101,EXAM_Q1_C10_ENG101,Quarterly Examination 2025 - C10 English Language,100,58,C1,PRESENT,Satisfactory progress
ADM2025354,Ruchitha Goud,C10,B,TEL101,EXAM_Q1_C10_TEL101,Quarterly Examination 2025 - C10 Telugu Regional Language,100,58,C1,PRESENT,Satisfactory progress
ADM2025354,Ruchitha Goud,C10,B,HIN101,EXAM_Q1_C10_HIN101,Quarterly Examination 2025 - C10 Hindi Second Language,100,53,C1,PRESENT,Satisfactory progress
ADM2025354,Ruchitha Goud,C10,B,SCI101,EXAM_Q1_C10_SCI101,Quarterly Examination 2025 - C10 General Science,100,50,C2,PRESENT,Satisfactory progress
ADM2025354,Ruchitha Goud,C10,B,SOC101,EXAM_Q1_C10_SOC101,Quarterly Examination 2025 - C10 Social Studies,100,52,C1,PRESENT,Satisfactory progress
ADM2025355,Teja Chowdary,C10,B,MATH101,EXAM_Q1_C10_MATH101,Quarterly Examination 2025 - C10 Mathematics,100,50,C2,PRESENT,Satisfactory progress
ADM2025355,Teja Chowdary,C10,B,ENG101,EXAM_Q1_C10_ENG101,Quarterly Examination 2025 - C10 English Language,100,51,C1,PRESENT,Satisfactory progress
ADM2025355,Teja Chowdary,C10,B,TEL101,EXAM_Q1_C10_TEL101,Quarterly Examination 2025 - C10 Telugu Regional Language,100,48,C2,PRESENT,Needs remedial support
ADM2025355,Teja Chowdary,C10,B,HIN101,EXAM_Q1_C10_HIN101,Quarterly Examination 2025 - C10 Hindi Second Language,100,52,C1,PRESENT,Satisfactory progress
ADM2025355,Teja Chowdary,C10,B,SCI101,EXAM_Q1_C10_SCI101,Quarterly Examination 2025 - C10 General Science,100,47,C2,PRESENT,Needs remedial support
ADM2025355,Teja Chowdary,C10,B,SOC101,EXAM_Q1_C10_SOC101,Quarterly Examination 2025 - C10 Social Studies,100,50,C2,PRESENT,Satisfactory progress
ADM2025356,Pooja Varma,C10,B,MATH101,EXAM_Q1_C10_MATH101,Quarterly Examination 2025 - C10 Mathematics,100,60,C1,PRESENT,Satisfactory progress
ADM2025356,Pooja Varma,C10,B,ENG101,EXAM_Q1_C10_ENG101,Quarterly Examination 2025 - C10 English Language,100,54,C1,PRESENT,Satisfactory progress
ADM2025356,Pooja Varma,C10,B,TEL101,EXAM_Q1_C10_TEL101,Quarterly Examination 2025 - C10 Telugu Regional Language,100,63,B2,PRESENT,Satisfactory progress
ADM2025356,Pooja Varma,C10,B,HIN101,EXAM_Q1_C10_HIN101,Quarterly Examination 2025 - C10 Hindi Second Language,100,55,C1,PRESENT,Satisfactory progress
ADM2025356,Pooja Varma,C10,B,SCI101,EXAM_Q1_C10_SCI101,Quarterly Examination 2025 - C10 General Science,100,59,C1,PRESENT,Satisfactory progress
ADM2025356,Pooja Varma,C10,B,SOC101,EXAM_Q1_C10_SOC101,Quarterly Examination 2025 - C10 Social Studies,100,61,B2,PRESENT,Satisfactory progress
ADM2025357,Rohit Naidu,C10,B,MATH101,EXAM_Q1_C10_MATH101,Quarterly Examination 2025 - C10 Mathematics,100,45,C2,PRESENT,Needs remedial support
ADM2025357,Rohit Naidu,C10,B,ENG101,EXAM_Q1_C10_ENG101,Quarterly Examination 2025 - C10 English Language,100,40,D,PRESENT,Needs remedial support
ADM2025357,Rohit Naidu,C10,B,TEL101,EXAM_Q1_C10_TEL101,Quarterly Examination 2025 - C10 Telugu Regional Language,100,50,C2,PRESENT,Satisfactory progress
ADM2025357,Rohit Naidu,C10,B,HIN101,EXAM_Q1_C10_HIN101,Quarterly Examination 2025 - C10 Hindi Second Language,100,45,C2,PRESENT,Needs remedial support
ADM2025357,Rohit Naidu,C10,B,SCI101,EXAM_Q1_C10_SCI101,Quarterly Examination 2025 - C10 General Science,100,40,D,PRESENT,Needs remedial support
ADM2025357,Rohit Naidu,C10,B,SOC101,EXAM_Q1_C10_SOC101,Quarterly Examination 2025 - C10 Social Studies,100,46,C2,PRESENT,Needs remedial support
ADM2025358,Harini Gupta,C10,B,MATH101,EXAM_Q1_C10_MATH101,Quarterly Examination 2025 - C10 Mathematics,100,47,C2,PRESENT,Needs remedial support
ADM2025358,Harini Gupta,C10,B,ENG101,EXAM_Q1_C10_ENG101,Quarterly Examination 2025 - C10 English Language,100,53,C1,PRESENT,Satisfactory progress
ADM2025358,Harini Gupta,C10,B,TEL101,EXAM_Q1_C10_TEL101,Quarterly Examination 2025 - C10 Telugu Regional Language,100,59,C1,PRESENT,Satisfactory progress
ADM2025358,Harini Gupta,C10,B,HIN101,EXAM_Q1_C10_HIN101,Quarterly Examination 2025 - C10 Hindi Second Language,100,54,C1,PRESENT,Satisfactory progress
ADM2025358,Harini Gupta,C10,B,SCI101,EXAM_Q1_C10_SCI101,Quarterly Examination 2025 - C10 General Science,100,55,C1,PRESENT,Satisfactory progress
ADM2025358,Harini Gupta,C10,B,SOC101,EXAM_Q1_C10_SOC101,Quarterly Examination 2025 - C10 Social Studies,100,48,C2,PRESENT,Needs remedial support
ADM2025359,Sameer Murthy,C10,B,MATH101,EXAM_Q1_C10_MATH101,Quarterly Examination 2025 - C10 Mathematics,100,51,C1,PRESENT,Satisfactory progress
ADM2025359,Sameer Murthy,C10,B,ENG101,EXAM_Q1_C10_ENG101,Quarterly Examination 2025 - C10 English Language,100,49,C2,PRESENT,Needs remedial support
ADM2025359,Sameer Murthy,C10,B,TEL101,EXAM_Q1_C10_TEL101,Quarterly Examination 2025 - C10 Telugu Regional Language,100,53,C1,PRESENT,Satisfactory progress
ADM2025359,Sameer Murthy,C10,B,HIN101,EXAM_Q1_C10_HIN101,Quarterly Examination 2025 - C10 Hindi Second Language,100,46,C2,PRESENT,Needs remedial support
ADM2025359,Sameer Murthy,C10,B,SCI101,EXAM_Q1_C10_SCI101,Quarterly Examination 2025 - C10 General Science,100,52,C1,PRESENT,Satisfactory progress
ADM2025359,Sameer Murthy,C10,B,SOC101,EXAM_Q1_C10_SOC101,Quarterly Examination 2025 - C10 Social Studies,100,52,C1,PRESENT,Satisfactory progress
ADM2025360,Tejaswi Sastry,C10,B,MATH101,EXAM_Q1_C10_MATH101,Quarterly Examination 2025 - C10 Mathematics,100,41,C2,PRESENT,Needs remedial support
ADM2025360,Tejaswi Sastry,C10,B,ENG101,EXAM_Q1_C10_ENG101,Quarterly Examination 2025 - C10 English Language,100,44,C2,PRESENT,Needs remedial support
ADM2025360,Tejaswi Sastry,C10,B,TEL101,EXAM_Q1_C10_TEL101,Quarterly Examination 2025 - C10 Telugu Regional Language,100,45,C2,PRESENT,Needs remedial support
ADM2025360,Tejaswi Sastry,C10,B,HIN101,EXAM_Q1_C10_HIN101,Quarterly Examination 2025 - C10 Hindi Second Language,100,42,C2,PRESENT,Needs remedial support
ADM2025360,Tejaswi Sastry,C10,B,SCI101,EXAM_Q1_C10_SCI101,Quarterly Examination 2025 - C10 General Science,100,41,C2,PRESENT,Needs remedial support
ADM2025360,Tejaswi Sastry,C10,B,SOC101,EXAM_Q1_C10_SOC101,Quarterly Examination 2025 - C10 Social Studies,100,45,C2,PRESENT,Needs remedial support
